outcome_id,event_id,resolution_days,follow_up_required
O000001,E000001,45,Yes
O000002,E000002,29,No
O000003,E000003,48,Yes
O000004,E000004,39,Yes
O000005,E000005,19,No
O000006,E000006,51,No
O000007,E000007,15,No
O000008,E000008,12,No
O000009,E000009,20,Yes
O000010,E000010,55,No
O000011,E000011,4,Yes
O000012,E000012,32,No
O000013,E000013,20,No
O000014,E000014,26,No
O000015,E000015,49,Yes
O000016,E000016,38,No
O000017,E000017,21,No
O000018,E000018,8,No
O000019,E000019,34,No
O000020,E000020,7,No
O000021,E000021,36,Yes
O000022,E000022,7,Yes
O000023,E000023,9,Yes
O000024,E000024,1,No
O000025,E000025,11,No
O000026,E000026,18,No
O000027,E000027,7,Yes
O000028,E000028,2,Yes
O000029,E000029,5,No
O000030,E000030,48,No
O000031,E000031,31,Yes
O000032,E000032,40,Yes
O000033,E000033,28,No
O000034,E000034,20,No
O000035,E000035,36,No
O000036,E000036,6,No
O000037,E000037,2,Yes
O000038,E000038,47,Yes
O000039,E000039,6,No
O000040,E000040,15,No
O000041,E000041,2,No
O000042,E000042,38,No
O000043,E000043,47,No
O000044,E000044,33,No
O000045,E000045,32,Yes
O000046,E000046,36,No
O000047,E000047,4,Yes
O000048,E000048,3,No
O000049,E000049,17,No
O000050,E000050,52,No
O000051,E000051,15,Yes
O000052,E000052,53,No
O000053,E000053,39,No
O000054,E000054,12,Yes
O000055,E000055,7,Yes
O000056,E000056,2,Yes
O000057,E000057,4,No
O000058,E000058,37,No
O000059,E000059,24,No
O000060,E000060,19,No
O000061,E000061,47,No
O000062,E000062,56,No
O000063,E000063,2,No
O000064,E000064,55,No
O000065,E000065,32,No
O000066,E000066,33,No
O000067,E000067,28,No
O000068,E000068,43,No
O000069,E000069,59,No
O000070,E000070,37,Yes
O000071,E000071,2,No
O000072,E000072,22,Yes
O000073,E000073,14,Yes
O000074,E000074,47,Yes
O000075,E000075,18,Yes
O000076,E000076,60,No
O000077,E000077,34,No
O000078,E000078,34,Yes
O000079,E000079,36,Yes
O000080,E000080,51,No
O000081,E000081,11,No
O000082,E000082,41,No
O000083,E000083,40,No
O000084,E000084,55,Yes
O000085,E000085,52,No
O000086,E000086,36,No
O000087,E000087,16,Yes
O000088,E000088,25,No
O000089,E000089,41,No
O000090,E000090,56,No
O000091,E000091,32,Yes
O000092,E000092,30,No
O000093,E000093,42,No
O000094,E000094,22,No
O000095,E000095,28,No
O000096,E000096,37,No
O000097,E000097,44,No
O000098,E000098,39,No
O000099,E000099,22,No
O000100,E000100,8,No
O000101,E000101,7,Yes
O000102,E000102,47,No
O000103,E000103,10,Yes
O000104,E000104,44,No
O000105,E000105,40,No
O000106,E000106,34,No
O000107,E000107,7,No
O000108,E000108,24,No
O000109,E000109,12,No
O000110,E000110,47,No
O000111,E000111,2,No
O000112,E000112,8,Yes
O000113,E000113,41,No
O000114,E000114,18,No
O000115,E000115,31,No
O000116,E000116,43,No
O000117,E000117,20,No
O000118,E000118,20,No
O000119,E000119,12,Yes
O000120,E000120,49,Yes
O000121,E000121,6,No
O000122,E000122,3,No
O000123,E000123,30,No
O000124,E000124,24,No
O000125,E000125,55,No
O000126,E000126,48,No
O000127,E000127,14,No
O000128,E000128,49,No
O000129,E000129,29,Yes
O000130,E000130,29,No
O000131,E000131,10,Yes
O000132,E000132,42,No
O000133,E000133,41,No
O000134,E000134,39,No
O000135,E000135,33,No
O000136,E000136,8,No
O000137,E000137,42,No
O000138,E000138,13,Yes
O000139,E000139,42,No
O000140,E000140,56,No
O000141,E000141,28,No
O000142,E000142,48,No
O000143,E000143,11,Yes
O000144,E000144,17,Yes
O000145,E000145,16,Yes
O000146,E000146,24,No
O000147,E000147,33,Yes
O000148,E000148,58,Yes
O000149,E000149,49,No
O000150,E000150,42,No
O000151,E000151,13,Yes
O000152,E000152,2,No
O000153,E000153,57,No
O000154,E000154,50,Yes
O000155,E000155,26,Yes
O000156,E000156,60,Yes
O000157,E000157,29,No
O000158,E000158,12,No
O000159,E000159,3,No
O000160,E000160,18,No
O000161,E000161,54,No
O000162,E000162,59,No
O000163,E000163,40,Yes
O000164,E000164,50,Yes
O000165,E000165,30,No
O000166,E000166,39,No
O000167,E000167,42,No
O000168,E000168,35,Yes
O000169,E000169,49,Yes
O000170,E000170,9,Yes
O000171,E000171,46,No
O000172,E000172,9,No
O000173,E000173,42,No
O000174,E000174,55,No
O000175,E000175,41,Yes
O000176,E000176,50,Yes
O000177,E000177,49,No
O000178,E000178,20,Yes
O000179,E000179,48,No
O000180,E000180,17,No
O000181,E000181,48,No
O000182,E000182,12,Yes
O000183,E000183,2,No
O000184,E000184,31,No
O000185,E000185,15,No
O000186,E000186,56,No
O000187,E000187,7,No
O000188,E000188,34,Yes
O000189,E000189,40,No
O000190,E000190,53,No
O000191,E000191,48,Yes
O000192,E000192,21,No
O000193,E000193,52,No
O000194,E000194,13,No
O000195,E000195,49,No
O000196,E000196,51,No
O000197,E000197,42,Yes
O000198,E000198,2,No
O000199,E000199,8,No
O000200,E000200,20,Yes
O000201,E000201,19,Yes
O000202,E000202,25,No
O000203,E000203,49,No
O000204,E000204,30,No
O000205,E000205,20,No
O000206,E000206,31,Yes
O000207,E000207,50,No
O000208,E000208,17,No
O000209,E000209,23,No
O000210,E000210,49,No
O000211,E000211,37,Yes
O000212,E000212,3,No
O000213,E000213,51,Yes
O000214,E000214,22,Yes
O000215,E000215,11,No
O000216,E000216,3,No
O000217,E000217,45,No
O000218,E000218,59,No
O000219,E000219,56,No
O000220,E000220,49,No
O000221,E000221,40,No
O000222,E000222,55,Yes
O000223,E000223,27,No
O000224,E000224,1,No
O000225,E000225,7,Yes
O000226,E000226,5,No
O000227,E000227,36,No
O000228,E000228,20,No
O000229,E000229,50,Yes
O000230,E000230,4,No
O000231,E000231,14,No
O000232,E000232,42,Yes
O000233,E000233,41,No
O000234,E000234,19,No
O000235,E000235,25,Yes
O000236,E000236,7,No
O000237,E000237,17,Yes
O000238,E000238,40,No
O000239,E000239,33,No
O000240,E000240,60,Yes
O000241,E000241,33,Yes
O000242,E000242,46,No
O000243,E000243,28,No
O000244,E000244,17,No
O000245,E000245,48,No
O000246,E000246,53,Yes
O000247,E000247,31,No
O000248,E000248,12,No
O000249,E000249,26,Yes
O000250,E000250,51,No
O000251,E000251,3,No
O000252,E000252,2,No
O000253,E000253,16,No
O000254,E000254,52,No
O000255,E000255,12,Yes
O000256,E000256,54,No
O000257,E000257,14,Yes
O000258,E000258,9,Yes
O000259,E000259,14,No
O000260,E000260,3,No
O000261,E000261,50,Yes
O000262,E000262,5,Yes
O000263,E000263,59,No
O000264,E000264,58,No
O000265,E000265,53,No
O000266,E000266,9,No
O000267,E000267,60,No
O000268,E000268,14,No
O000269,E000269,44,No
O000270,E000270,39,No
O000271,E000271,48,No
O000272,E000272,49,Yes
O000273,E000273,8,No
O000274,E000274,10,No
O000275,E000275,27,No
O000276,E000276,14,Yes
O000277,E000277,43,No
O000278,E000278,7,No
O000279,E000279,53,No
O000280,E000280,5,No
O000281,E000281,34,No
O000282,E000282,32,No
O000283,E000283,32,No
O000284,E000284,30,No
O000285,E000285,19,No
O000286,E000286,12,Yes
O000287,E000287,54,No
O000288,E000288,17,No
O000289,E000289,49,Yes
O000290,E000290,11,Yes
O000291,E000291,27,No
O000292,E000292,22,No
O000293,E000293,25,Yes
O000294,E000294,45,No
O000295,E000295,37,No
O000296,E000296,60,No
O000297,E000297,11,No
O000298,E000298,44,No
O000299,E000299,36,Yes
O000300,E000300,24,No
O000301,E000301,48,No
O000302,E000302,37,No
O000303,E000303,42,No
O000304,E000304,19,No
O000305,E000305,27,Yes
O000306,E000306,43,No
O000307,E000307,52,No
O000308,E000308,2,No
O000309,E000309,18,Yes
O000310,E000310,33,No
O000311,E000311,2,No
O000312,E000312,53,No
O000313,E000313,30,No
O000314,E000314,10,No
O000315,E000315,33,No
O000316,E000316,5,No
O000317,E000317,46,Yes
O000318,E000318,41,Yes
O000319,E000319,35,No
O000320,E000320,24,No
O000321,E000321,18,No
O000322,E000322,12,No
O000323,E000323,51,No
O000324,E000324,8,No
O000325,E000325,1,No
O000326,E000326,31,Yes
O000327,E000327,26,No
O000328,E000328,35,No
O000329,E000329,17,No
O000330,E000330,29,No
O000331,E000331,27,No
O000332,E000332,20,No
O000333,E000333,40,Yes
O000334,E000334,47,No
O000335,E000335,51,Yes
O000336,E000336,28,Yes
O000337,E000337,43,Yes
O000338,E000338,46,No
O000339,E000339,12,Yes
O000340,E000340,14,No
O000341,E000341,5,No
O000342,E000342,24,No
O000343,E000343,31,Yes
O000344,E000344,54,No
O000345,E000345,32,No
O000346,E000346,17,No
O000347,E000347,25,No
O000348,E000348,8,No
O000349,E000349,49,No
O000350,E000350,45,No
O000351,E000351,43,No
O000352,E000352,22,No
O000353,E000353,3,No
O000354,E000354,43,No
O000355,E000355,31,No
O000356,E000356,47,No
O000357,E000357,38,No
O000358,E000358,33,No
O000359,E000359,44,Yes
O000360,E000360,13,No
O000361,E000361,49,No
O000362,E000362,52,No
O000363,E000363,33,No
O000364,E000364,50,No
O000365,E000365,50,Yes
O000366,E000366,58,No
O000367,E000367,29,Yes
O000368,E000368,10,No
O000369,E000369,11,Yes
O000370,E000370,48,No
O000371,E000371,2,No
O000372,E000372,13,No
O000373,E000373,15,No
O000374,E000374,46,No
O000375,E000375,42,Yes
O000376,E000376,50,No
O000377,E000377,9,Yes
O000378,E000378,52,Yes
O000379,E000379,44,No
O000380,E000380,19,No
O000381,E000381,36,No
O000382,E000382,38,No
O000383,E000383,60,Yes
O000384,E000384,8,Yes
O000385,E000385,28,No
O000386,E000386,58,No
O000387,E000387,36,No
O000388,E000388,18,Yes
O000389,E000389,34,No
O000390,E000390,48,No
O000391,E000391,52,No
O000392,E000392,18,Yes
O000393,E000393,60,No
O000394,E000394,57,No
O000395,E000395,17,No
O000396,E000396,47,No
O000397,E000397,60,No
O000398,E000398,8,No
O000399,E000399,19,No
O000400,E000400,34,No
O000401,E000401,12,No
O000402,E000402,50,No
O000403,E000403,44,No
O000404,E000404,59,Yes
O000405,E000405,23,Yes
O000406,E000406,55,No
O000407,E000407,26,No
O000408,E000408,37,Yes
O000409,E000409,8,No
O000410,E000410,1,No
O000411,E000411,53,Yes
O000412,E000412,60,No
O000413,E000413,39,No
O000414,E000414,59,No
O000415,E000415,43,No
O000416,E000416,44,No
O000417,E000417,10,Yes
O000418,E000418,3,No
O000419,E000419,23,Yes
O000420,E000420,25,No
O000421,E000421,33,No
O000422,E000422,38,Yes
O000423,E000423,27,No
O000424,E000424,8,No
O000425,E000425,23,No
O000426,E000426,40,Yes
O000427,E000427,26,No
O000428,E000428,53,No
O000429,E000429,51,No
O000430,E000430,7,No
O000431,E000431,51,No
O000432,E000432,23,No
O000433,E000433,52,No
O000434,E000434,41,No
O000435,E000435,37,Yes
O000436,E000436,2,No
O000437,E000437,4,No
O000438,E000438,42,No
O000439,E000439,1,No
O000440,E000440,22,No
O000441,E000441,17,No
O000442,E000442,5,No
O000443,E000443,23,No
O000444,E000444,26,No
O000445,E000445,37,No
O000446,E000446,5,No
O000447,E000447,46,No
O000448,E000448,52,No
O000449,E000449,38,No
O000450,E000450,9,Yes
O000451,E000451,14,No
O000452,E000452,32,No
O000453,E000453,51,Yes
O000454,E000454,42,Yes
O000455,E000455,48,No
O000456,E000456,2,No
O000457,E000457,4,No
O000458,E000458,3,Yes
O000459,E000459,44,Yes
O000460,E000460,42,No
O000461,E000461,37,No
O000462,E000462,49,No
O000463,E000463,23,No
O000464,E000464,60,No
O000465,E000465,27,No
O000466,E000466,7,Yes
O000467,E000467,2,No
O000468,E000468,4,No
O000469,E000469,59,No
O000470,E000470,10,No
O000471,E000471,24,Yes
O000472,E000472,51,Yes
O000473,E000473,52,No
O000474,E000474,28,No
O000475,E000475,16,No
O000476,E000476,13,No
O000477,E000477,52,No
O000478,E000478,19,No
O000479,E000479,19,No
O000480,E000480,44,No
O000481,E000481,26,Yes
O000482,E000482,40,Yes
O000483,E000483,21,No
O000484,E000484,47,No
O000485,E000485,22,No
O000486,E000486,40,Yes
O000487,E000487,15,No
O000488,E000488,8,No
O000489,E000489,55,No
O000490,E000490,9,No
O000491,E000491,56,Yes
O000492,E000492,38,No
O000493,E000493,46,No
O000494,E000494,58,Yes
O000495,E000495,51,No
O000496,E000496,7,No
O000497,E000497,3,No
O000498,E000498,45,Yes
O000499,E000499,49,Yes
O000500,E000500,49,No
O000501,E000501,8,No
O000502,E000502,23,No
O000503,E000503,47,No
O000504,E000504,22,Yes
O000505,E000505,57,Yes
O000506,E000506,20,No
O000507,E000507,3,No
O000508,E000508,22,No
O000509,E000509,49,No
O000510,E000510,60,No
O000511,E000511,48,Yes
O000512,E000512,38,No
O000513,E000513,38,No
O000514,E000514,60,No
O000515,E000515,19,No
O000516,E000516,55,No
O000517,E000517,29,No
O000518,E000518,17,No
O000519,E000519,12,No
O000520,E000520,12,No
O000521,E000521,14,No
O000522,E000522,48,Yes
O000523,E000523,42,No
O000524,E000524,46,No
O000525,E000525,18,Yes
O000526,E000526,23,Yes
O000527,E000527,44,No
O000528,E000528,31,No
O000529,E000529,13,No
O000530,E000530,1,Yes
O000531,E000531,54,No
O000532,E000532,19,No
O000533,E000533,57,Yes
O000534,E000534,26,No
O000535,E000535,24,No
O000536,E000536,56,No
O000537,E000537,4,No
O000538,E000538,29,No
O000539,E000539,34,Yes
O000540,E000540,58,No
O000541,E000541,56,Yes
O000542,E000542,57,Yes
O000543,E000543,16,No
O000544,E000544,5,Yes
O000545,E000545,17,No
O000546,E000546,16,No
O000547,E000547,25,No
O000548,E000548,60,No
O000549,E000549,31,Yes
O000550,E000550,21,No
O000551,E000551,5,Yes
O000552,E000552,14,No
O000553,E000553,30,Yes
O000554,E000554,26,Yes
O000555,E000555,24,Yes
O000556,E000556,36,No
O000557,E000557,35,No
O000558,E000558,51,No
O000559,E000559,21,No
O000560,E000560,5,No
O000561,E000561,28,Yes
O000562,E000562,18,Yes
O000563,E000563,15,Yes
O000564,E000564,35,No
O000565,E000565,17,Yes
O000566,E000566,1,Yes
O000567,E000567,57,Yes
O000568,E000568,55,Yes
O000569,E000569,31,No
O000570,E000570,40,No
O000571,E000571,44,No
O000572,E000572,14,Yes
O000573,E000573,12,Yes
O000574,E000574,5,Yes
O000575,E000575,10,No
O000576,E000576,38,No
O000577,E000577,17,No
O000578,E000578,49,No
O000579,E000579,42,No
O000580,E000580,29,Yes
O000581,E000581,48,Yes
O000582,E000582,21,No
O000583,E000583,47,No
O000584,E000584,54,No
O000585,E000585,45,No
O000586,E000586,2,Yes
O000587,E000587,15,No
O000588,E000588,22,No
O000589,E000589,12,No
O000590,E000590,26,No
O000591,E000591,57,No
O000592,E000592,5,No
O000593,E000593,29,No
O000594,E000594,1,No
O000595,E000595,32,No
O000596,E000596,11,No
O000597,E000597,34,No
O000598,E000598,17,Yes
O000599,E000599,27,No
O000600,E000600,59,No
O000601,E000601,15,No
O000602,E000602,13,No
O000603,E000603,14,No
O000604,E000604,42,No
O000605,E000605,54,Yes
O000606,E000606,43,No
O000607,E000607,44,No
O000608,E000608,53,Yes
O000609,E000609,18,No
O000610,E000610,33,No
O000611,E000611,37,No
O000612,E000612,54,No
O000613,E000613,29,No
O000614,E000614,31,No
O000615,E000615,18,No
O000616,E000616,52,No
O000617,E000617,59,No
O000618,E000618,58,No
O000619,E000619,10,No
O000620,E000620,32,Yes
O000621,E000621,17,No
O000622,E000622,1,No
O000623,E000623,5,No
O000624,E000624,58,No
O000625,E000625,3,No
O000626,E000626,29,No
O000627,E000627,59,No
O000628,E000628,45,No
O000629,E000629,38,No
O000630,E000630,30,No
O000631,E000631,41,Yes
O000632,E000632,8,No
O000633,E000633,50,No
O000634,E000634,35,Yes
O000635,E000635,3,No
O000636,E000636,9,No
O000637,E000637,1,No
O000638,E000638,33,No
O000639,E000639,4,Yes
O000640,E000640,30,Yes
O000641,E000641,31,No
O000642,E000642,15,No
O000643,E000643,38,No
O000644,E000644,6,No
O000645,E000645,42,No
O000646,E000646,35,Yes
O000647,E000647,34,No
O000648,E000648,27,No
O000649,E000649,42,Yes
O000650,E000650,13,No
O000651,E000651,41,Yes
O000652,E000652,22,No
O000653,E000653,40,Yes
O000654,E000654,29,Yes
O000655,E000655,58,No
O000656,E000656,37,No
O000657,E000657,58,No
O000658,E000658,43,No
O000659,E000659,45,Yes
O000660,E000660,12,Yes
O000661,E000661,41,No
O000662,E000662,5,No
O000663,E000663,5,No
O000664,E000664,59,No
O000665,E000665,50,No
O000666,E000666,26,No
O000667,E000667,26,Yes
O000668,E000668,10,No
O000669,E000669,49,Yes
O000670,E000670,3,No
O000671,E000671,57,No
O000672,E000672,7,No
O000673,E000673,6,No
O000674,E000674,55,No
O000675,E000675,2,Yes
O000676,E000676,58,Yes
O000677,E000677,55,No
O000678,E000678,15,No
O000679,E000679,32,No
O000680,E000680,2,No
O000681,E000681,31,No
O000682,E000682,43,No
O000683,E000683,1,Yes
O000684,E000684,11,No
O000685,E000685,18,No
O000686,E000686,39,Yes
O000687,E000687,55,No
O000688,E000688,1,No
O000689,E000689,25,No
O000690,E000690,34,No
O000691,E000691,3,No
O000692,E000692,39,No
O000693,E000693,41,No
O000694,E000694,47,Yes
O000695,E000695,31,No
O000696,E000696,55,No
O000697,E000697,50,Yes
O000698,E000698,57,No
O000699,E000699,34,Yes
O000700,E000700,19,No
O000701,E000701,52,No
O000702,E000702,48,No
O000703,E000703,30,No
O000704,E000704,28,No
O000705,E000705,42,Yes
O000706,E000706,35,No
O000707,E000707,59,Yes
O000708,E000708,36,Yes
O000709,E000709,8,Yes
O000710,E000710,1,No
O000711,E000711,35,No
O000712,E000712,12,No
O000713,E000713,30,No
O000714,E000714,9,Yes
O000715,E000715,19,Yes
O000716,E000716,29,Yes
O000717,E000717,6,No
O000718,E000718,41,No
O000719,E000719,24,Yes
O000720,E000720,60,No
O000721,E000721,43,Yes
O000722,E000722,47,No
O000723,E000723,22,No
O000724,E000724,60,No
O000725,E000725,32,No
O000726,E000726,4,No
O000727,E000727,8,Yes
O000728,E000728,14,Yes
O000729,E000729,13,No
O000730,E000730,31,Yes
O000731,E000731,39,Yes
O000732,E000732,19,No
O000733,E000733,25,No
O000734,E000734,28,Yes
O000735,E000735,13,No
O000736,E000736,44,No
O000737,E000737,24,No
O000738,E000738,40,No
O000739,E000739,46,No
O000740,E000740,60,No
O000741,E000741,15,No
O000742,E000742,21,Yes
O000743,E000743,54,No
O000744,E000744,24,No
O000745,E000745,58,No
O000746,E000746,15,Yes
O000747,E000747,5,No
O000748,E000748,39,No
O000749,E000749,45,No
O000750,E000750,8,No
O000751,E000751,12,No
O000752,E000752,14,Yes
O000753,E000753,1,No
O000754,E000754,60,No
O000755,E000755,20,No
O000756,E000756,5,No
O000757,E000757,28,No
O000758,E000758,28,No
O000759,E000759,49,No
O000760,E000760,26,Yes
O000761,E000761,18,Yes
O000762,E000762,23,No
O000763,E000763,42,No
O000764,E000764,18,No
O000765,E000765,60,No
O000766,E000766,43,Yes
O000767,E000767,8,Yes
O000768,E000768,54,No
O000769,E000769,51,Yes
O000770,E000770,60,No
O000771,E000771,52,Yes
O000772,E000772,24,Yes
O000773,E000773,22,No
O000774,E000774,50,Yes
O000775,E000775,20,No
O000776,E000776,32,Yes
O000777,E000777,37,No
O000778,E000778,49,Yes
O000779,E000779,57,No
O000780,E000780,30,No
O000781,E000781,48,No
O000782,E000782,21,No
O000783,E000783,15,Yes
O000784,E000784,25,Yes
O000785,E000785,7,No
O000786,E000786,32,No
O000787,E000787,23,Yes
O000788,E000788,51,No
O000789,E000789,47,No
O000790,E000790,42,No
O000791,E000791,43,Yes
O000792,E000792,27,No
O000793,E000793,5,No
O000794,E000794,21,No
O000795,E000795,23,No
O000796,E000796,50,No
O000797,E000797,38,No
O000798,E000798,21,No
O000799,E000799,33,No
O000800,E000800,9,No
O000801,E000801,25,No
O000802,E000802,38,No
O000803,E000803,25,Yes
O000804,E000804,45,No
O000805,E000805,46,Yes
O000806,E000806,19,Yes
O000807,E000807,38,Yes
O000808,E000808,1,Yes
O000809,E000809,48,No
O000810,E000810,34,No
O000811,E000811,4,No
O000812,E000812,51,No
O000813,E000813,17,No
O000814,E000814,48,No
O000815,E000815,13,No
O000816,E000816,15,No
O000817,E000817,3,Yes
O000818,E000818,57,No
O000819,E000819,5,No
O000820,E000820,10,No
O000821,E000821,18,No
O000822,E000822,60,Yes
O000823,E000823,8,No
O000824,E000824,16,No
O000825,E000825,8,No
O000826,E000826,7,No
O000827,E000827,4,No
O000828,E000828,24,No
O000829,E000829,20,No
O000830,E000830,30,No
O000831,E000831,32,No
O000832,E000832,25,No
O000833,E000833,18,No
O000834,E000834,31,Yes
O000835,E000835,49,No
O000836,E000836,48,No
O000837,E000837,25,No
O000838,E000838,2,No
O000839,E000839,34,No
O000840,E000840,60,No
O000841,E000841,47,Yes
O000842,E000842,3,No
O000843,E000843,21,No
O000844,E000844,31,Yes
O000845,E000845,20,Yes
O000846,E000846,48,No
O000847,E000847,2,Yes
O000848,E000848,60,No
O000849,E000849,48,No
O000850,E000850,30,No
O000851,E000851,40,No
O000852,E000852,16,Yes
O000853,E000853,45,Yes
O000854,E000854,38,No
O000855,E000855,28,No
O000856,E000856,17,No
O000857,E000857,39,No
O000858,E000858,19,No
O000859,E000859,7,No
O000860,E000860,18,No
O000861,E000861,46,Yes
O000862,E000862,38,No
O000863,E000863,26,No
O000864,E000864,60,Yes
O000865,E000865,40,Yes
O000866,E000866,56,Yes
O000867,E000867,28,Yes
O000868,E000868,47,Yes
O000869,E000869,7,No
O000870,E000870,50,No
O000871,E000871,39,Yes
O000872,E000872,26,No
O000873,E000873,42,No
O000874,E000874,43,No
O000875,E000875,35,Yes
O000876,E000876,8,No
O000877,E000877,45,No
O000878,E000878,53,No
O000879,E000879,55,Yes
O000880,E000880,4,No
O000881,E000881,17,No
O000882,E000882,21,Yes
O000883,E000883,27,No
O000884,E000884,39,No
O000885,E000885,22,Yes
O000886,E000886,23,No
O000887,E000887,46,No
O000888,E000888,3,No
O000889,E000889,31,No
O000890,E000890,44,No
O000891,E000891,8,Yes
O000892,E000892,14,No
O000893,E000893,27,No
O000894,E000894,58,No
O000895,E000895,49,No
O000896,E000896,25,No
O000897,E000897,1,No
O000898,E000898,36,No
O000899,E000899,56,No
O000900,E000900,60,No
O000901,E000901,24,Yes
O000902,E000902,42,No
O000903,E000903,26,No
O000904,E000904,43,No
O000905,E000905,31,Yes
O000906,E000906,27,No
O000907,E000907,54,No
O000908,E000908,43,Yes
O000909,E000909,28,No
O000910,E000910,31,No
O000911,E000911,11,No
O000912,E000912,30,No
O000913,E000913,55,No
O000914,E000914,13,No
O000915,E000915,12,No
O000916,E000916,30,Yes
O000917,E000917,9,No
O000918,E000918,43,No
O000919,E000919,48,Yes
O000920,E000920,49,No
O000921,E000921,39,No
O000922,E000922,4,No
O000923,E000923,13,No
O000924,E000924,17,No
O000925,E000925,44,No
O000926,E000926,1,Yes
O000927,E000927,44,No
O000928,E000928,53,No
O000929,E000929,16,No
O000930,E000930,10,No
O000931,E000931,2,No
O000932,E000932,11,No
O000933,E000933,3,No
O000934,E000934,8,No
O000935,E000935,16,No
O000936,E000936,47,No
O000937,E000937,9,No
O000938,E000938,46,No
O000939,E000939,46,No
O000940,E000940,27,No
O000941,E000941,60,No
O000942,E000942,51,No
O000943,E000943,22,No
O000944,E000944,27,No
O000945,E000945,59,No
O000946,E000946,38,No
O000947,E000947,50,No
O000948,E000948,60,Yes
O000949,E000949,6,No
O000950,E000950,44,No
O000951,E000951,21,No
O000952,E000952,34,Yes
O000953,E000953,7,Yes
O000954,E000954,52,No
O000955,E000955,10,No
O000956,E000956,47,Yes
O000957,E000957,60,No
O000958,E000958,16,No
O000959,E000959,34,No
O000960,E000960,28,No
O000961,E000961,34,Yes
O000962,E000962,7,Yes
O000963,E000963,9,No
O000964,E000964,53,No
O000965,E000965,57,No
O000966,E000966,57,Yes
O000967,E000967,26,No
O000968,E000968,18,No
O000969,E000969,10,No
O000970,E000970,50,Yes
O000971,E000971,40,No
O000972,E000972,29,No
O000973,E000973,14,No
O000974,E000974,14,Yes
O000975,E000975,38,No
O000976,E000976,8,No
O000977,E000977,10,No
O000978,E000978,29,No
O000979,E000979,19,Yes
O000980,E000980,39,Yes
O000981,E000981,36,No
O000982,E000982,52,No
O000983,E000983,54,No
O000984,E000984,49,No
O000985,E000985,60,No
O000986,E000986,18,No
O000987,E000987,31,No
O000988,E000988,44,No
O000989,E000989,60,No
O000990,E000990,14,No
O000991,E000991,45,Yes
O000992,E000992,40,No
O000993,E000993,59,Yes
O000994,E000994,24,No
O000995,E000995,47,No
O000996,E000996,29,No
O000997,E000997,34,No
O000998,E000998,5,No
O000999,E000999,31,Yes
O001000,E001000,7,No
O001001,E001001,50,No
O001002,E001002,51,No
O001003,E001003,47,No
O001004,E001004,22,No
O001005,E001005,17,No
O001006,E001006,1,No
O001007,E001007,32,No
O001008,E001008,3,Yes
O001009,E001009,28,No
O001010,E001010,43,No
O001011,E001011,55,No
O001012,E001012,42,No
O001013,E001013,15,No
O001014,E001014,56,No
O001015,E001015,39,No
O001016,E001016,40,No
O001017,E001017,22,No
O001018,E001018,19,No
O001019,E001019,50,No
O001020,E001020,28,No
O001021,E001021,18,No
O001022,E001022,54,No
O001023,E001023,45,No
O001024,E001024,11,No
O001025,E001025,13,Yes
O001026,E001026,39,No
O001027,E001027,28,No
O001028,E001028,2,No
O001029,E001029,45,Yes
O001030,E001030,35,No
O001031,E001031,30,No
O001032,E001032,28,No
O001033,E001033,39,No
O001034,E001034,33,No
O001035,E001035,31,No
O001036,E001036,31,No
O001037,E001037,10,No
O001038,E001038,44,Yes
O001039,E001039,18,No
O001040,E001040,31,No
O001041,E001041,1,No
O001042,E001042,26,No
O001043,E001043,49,No
O001044,E001044,15,No
O001045,E001045,7,Yes
O001046,E001046,47,No
O001047,E001047,57,Yes
O001048,E001048,20,No
O001049,E001049,49,Yes
O001050,E001050,21,No
O001051,E001051,40,No
O001052,E001052,12,No
O001053,E001053,22,No
O001054,E001054,9,No
O001055,E001055,13,No
O001056,E001056,35,No
O001057,E001057,11,No
O001058,E001058,14,No
O001059,E001059,54,No
O001060,E001060,58,Yes
O001061,E001061,56,No
O001062,E001062,31,Yes
O001063,E001063,3,No
O001064,E001064,53,Yes
O001065,E001065,43,No
O001066,E001066,36,Yes
O001067,E001067,48,No
O001068,E001068,23,Yes
O001069,E001069,22,No
O001070,E001070,15,Yes
O001071,E001071,46,No
O001072,E001072,58,No
O001073,E001073,56,No
O001074,E001074,31,No
O001075,E001075,45,No
O001076,E001076,14,No
O001077,E001077,30,No
O001078,E001078,48,No
O001079,E001079,45,No
O001080,E001080,24,Yes
O001081,E001081,53,No
O001082,E001082,19,No
O001083,E001083,7,No
O001084,E001084,45,No
O001085,E001085,47,No
O001086,E001086,18,No
O001087,E001087,50,No
O001088,E001088,59,No
O001089,E001089,50,Yes
O001090,E001090,11,No
O001091,E001091,25,Yes
O001092,E001092,39,No
O001093,E001093,30,No
O001094,E001094,12,Yes
O001095,E001095,48,Yes
O001096,E001096,21,Yes
O001097,E001097,55,Yes
O001098,E001098,10,No
O001099,E001099,34,No
O001100,E001100,25,No
O001101,E001101,45,No
O001102,E001102,23,Yes
O001103,E001103,11,No
O001104,E001104,33,No
O001105,E001105,37,No
O001106,E001106,21,No
O001107,E001107,59,No
O001108,E001108,32,No
O001109,E001109,22,No
O001110,E001110,17,No
O001111,E001111,57,No
O001112,E001112,44,No
O001113,E001113,59,No
O001114,E001114,36,No
O001115,E001115,28,No
O001116,E001116,43,No
O001117,E001117,53,No
O001118,E001118,49,No
O001119,E001119,47,Yes
O001120,E001120,44,No
O001121,E001121,47,No
O001122,E001122,57,Yes
O001123,E001123,17,No
O001124,E001124,14,No
O001125,E001125,27,Yes
O001126,E001126,7,No
O001127,E001127,56,Yes
O001128,E001128,55,No
O001129,E001129,31,No
O001130,E001130,47,Yes
O001131,E001131,12,No
O001132,E001132,2,No
O001133,E001133,47,No
O001134,E001134,22,No
O001135,E001135,8,No
O001136,E001136,56,No
O001137,E001137,16,No
O001138,E001138,56,No
O001139,E001139,25,Yes
O001140,E001140,3,No
O001141,E001141,30,Yes
O001142,E001142,50,Yes
O001143,E001143,45,No
O001144,E001144,50,Yes
O001145,E001145,19,No
O001146,E001146,29,No
O001147,E001147,57,No
O001148,E001148,5,No
O001149,E001149,20,No
O001150,E001150,33,Yes
O001151,E001151,1,No
O001152,E001152,32,No
O001153,E001153,29,No
O001154,E001154,38,Yes
O001155,E001155,23,No
O001156,E001156,10,No
O001157,E001157,12,No
O001158,E001158,60,No
O001159,E001159,35,Yes
O001160,E001160,47,No
O001161,E001161,9,No
O001162,E001162,11,No
O001163,E001163,11,No
O001164,E001164,38,Yes
O001165,E001165,59,No
O001166,E001166,4,No
O001167,E001167,19,Yes
O001168,E001168,21,No
O001169,E001169,6,Yes
O001170,E001170,23,No
O001171,E001171,44,Yes
O001172,E001172,39,No
O001173,E001173,7,No
O001174,E001174,45,No
O001175,E001175,36,No
O001176,E001176,39,Yes
O001177,E001177,15,No
O001178,E001178,9,No
O001179,E001179,47,Yes
O001180,E001180,22,No
O001181,E001181,11,Yes
O001182,E001182,35,No
O001183,E001183,17,No
O001184,E001184,9,No
O001185,E001185,34,No
O001186,E001186,46,Yes
O001187,E001187,19,No
O001188,E001188,40,No
O001189,E001189,30,No
O001190,E001190,22,No
O001191,E001191,26,Yes
O001192,E001192,30,No
O001193,E001193,12,Yes
O001194,E001194,36,No
O001195,E001195,7,Yes
O001196,E001196,54,No
O001197,E001197,41,No
O001198,E001198,2,No
O001199,E001199,21,No
O001200,E001200,27,No
O001201,E001201,50,No
O001202,E001202,1,No
O001203,E001203,14,No
O001204,E001204,49,No
O001205,E001205,2,No
O001206,E001206,23,No
O001207,E001207,26,No
O001208,E001208,25,No
O001209,E001209,15,No
O001210,E001210,29,Yes
O001211,E001211,52,No
O001212,E001212,57,Yes
O001213,E001213,28,Yes
O001214,E001214,39,No
O001215,E001215,48,No
O001216,E001216,4,No
O001217,E001217,30,Yes
O001218,E001218,47,Yes
O001219,E001219,10,No
O001220,E001220,42,No
O001221,E001221,10,No
O001222,E001222,57,Yes
O001223,E001223,22,No
O001224,E001224,16,No
O001225,E001225,39,No
O001226,E001226,59,No
O001227,E001227,40,No
O001228,E001228,51,No
O001229,E001229,43,No
O001230,E001230,13,Yes
O001231,E001231,39,No
O001232,E001232,30,Yes
O001233,E001233,13,No
O001234,E001234,59,No
O001235,E001235,42,No
O001236,E001236,26,No
O001237,E001237,59,No
O001238,E001238,58,No
O001239,E001239,31,No
O001240,E001240,39,Yes
O001241,E001241,27,No
O001242,E001242,57,Yes
O001243,E001243,4,No
O001244,E001244,48,Yes
O001245,E001245,12,No
O001246,E001246,52,No
O001247,E001247,35,No
O001248,E001248,39,Yes
O001249,E001249,1,No
O001250,E001250,16,Yes
O001251,E001251,22,No
O001252,E001252,45,No
O001253,E001253,36,No
O001254,E001254,34,No
O001255,E001255,22,No
O001256,E001256,59,No
O001257,E001257,14,No
O001258,E001258,3,Yes
O001259,E001259,38,No
O001260,E001260,13,No
O001261,E001261,2,No
O001262,E001262,57,No
O001263,E001263,54,No
O001264,E001264,44,No
O001265,E001265,40,No
O001266,E001266,9,No
O001267,E001267,42,No
O001268,E001268,58,No
O001269,E001269,35,Yes
O001270,E001270,49,No
O001271,E001271,42,No
O001272,E001272,27,Yes
O001273,E001273,20,No
O001274,E001274,21,No
O001275,E001275,6,No
O001276,E001276,29,No
O001277,E001277,22,No
O001278,E001278,35,No
O001279,E001279,37,Yes
O001280,E001280,23,No
O001281,E001281,29,No
O001282,E001282,40,No
O001283,E001283,56,Yes
O001284,E001284,27,No
O001285,E001285,15,No
O001286,E001286,35,No
O001287,E001287,50,No
O001288,E001288,27,No
O001289,E001289,12,No
O001290,E001290,46,No
O001291,E001291,54,No
O001292,E001292,41,No
O001293,E001293,8,No
O001294,E001294,51,No
O001295,E001295,34,No
O001296,E001296,16,No
O001297,E001297,36,No
O001298,E001298,49,Yes
O001299,E001299,51,No
O001300,E001300,50,No
O001301,E001301,17,No
O001302,E001302,25,No
O001303,E001303,46,No
O001304,E001304,26,No
O001305,E001305,47,No
O001306,E001306,17,Yes
O001307,E001307,38,No
O001308,E001308,38,Yes
O001309,E001309,45,Yes
O001310,E001310,12,No
O001311,E001311,13,No
O001312,E001312,6,No
O001313,E001313,9,Yes
O001314,E001314,46,Yes
O001315,E001315,22,No
O001316,E001316,55,No
O001317,E001317,3,No
O001318,E001318,26,No
O001319,E001319,34,No
O001320,E001320,56,No
O001321,E001321,4,No
O001322,E001322,2,No
O001323,E001323,58,Yes
O001324,E001324,36,No
O001325,E001325,13,No
O001326,E001326,37,Yes
O001327,E001327,9,No
O001328,E001328,8,No
O001329,E001329,50,No
O001330,E001330,33,No
O001331,E001331,30,No
O001332,E001332,33,No
O001333,E001333,17,Yes
O001334,E001334,60,Yes
O001335,E001335,35,Yes
O001336,E001336,54,No
O001337,E001337,24,No
O001338,E001338,45,No
O001339,E001339,48,No
O001340,E001340,22,No
O001341,E001341,4,No
O001342,E001342,51,No
O001343,E001343,54,Yes
O001344,E001344,9,Yes
O001345,E001345,52,No
O001346,E001346,3,No
O001347,E001347,16,No
O001348,E001348,53,No
O001349,E001349,38,No
O001350,E001350,48,No
O001351,E001351,59,No
O001352,E001352,7,No
O001353,E001353,20,Yes
O001354,E001354,45,Yes
O001355,E001355,18,No
O001356,E001356,32,No
O001357,E001357,11,No
O001358,E001358,30,No
O001359,E001359,24,No
O001360,E001360,27,No
O001361,E001361,31,No
O001362,E001362,6,No
O001363,E001363,27,No
O001364,E001364,15,No
O001365,E001365,57,No
O001366,E001366,13,No
O001367,E001367,56,No
O001368,E001368,7,Yes
O001369,E001369,39,No
O001370,E001370,32,Yes
O001371,E001371,51,No
O001372,E001372,20,No
O001373,E001373,12,No
O001374,E001374,47,Yes
O001375,E001375,18,No
O001376,E001376,57,No
O001377,E001377,46,No
O001378,E001378,14,No
O001379,E001379,56,No
O001380,E001380,18,No
O001381,E001381,59,No
O001382,E001382,21,No
O001383,E001383,33,No
O001384,E001384,47,No
O001385,E001385,54,Yes
O001386,E001386,53,No
O001387,E001387,43,No
O001388,E001388,30,No
O001389,E001389,18,No
O001390,E001390,3,No
O001391,E001391,52,No
O001392,E001392,32,No
O001393,E001393,2,No
O001394,E001394,52,No
O001395,E001395,11,Yes
O001396,E001396,2,No
O001397,E001397,31,Yes
O001398,E001398,35,Yes
O001399,E001399,29,No
O001400,E001400,29,No
O001401,E001401,33,No
O001402,E001402,3,No
O001403,E001403,60,No
O001404,E001404,56,No
O001405,E001405,1,No
O001406,E001406,58,No
O001407,E001407,12,No
O001408,E001408,48,No
O001409,E001409,5,No
O001410,E001410,46,No
O001411,E001411,14,No
O001412,E001412,52,No
O001413,E001413,44,No
O001414,E001414,47,No
O001415,E001415,33,No
O001416,E001416,7,No
O001417,E001417,43,No
O001418,E001418,37,No
O001419,E001419,58,No
O001420,E001420,30,No
O001421,E001421,18,No
O001422,E001422,37,No
O001423,E001423,18,Yes
O001424,E001424,36,No
O001425,E001425,55,Yes
O001426,E001426,10,Yes
O001427,E001427,56,No
O001428,E001428,60,No
O001429,E001429,30,No
O001430,E001430,14,No
O001431,E001431,21,No
O001432,E001432,23,Yes
O001433,E001433,47,No
O001434,E001434,21,No
O001435,E001435,32,Yes
O001436,E001436,30,Yes
O001437,E001437,32,No
O001438,E001438,41,No
O001439,E001439,58,Yes
O001440,E001440,41,No
O001441,E001441,12,Yes
O001442,E001442,56,No
O001443,E001443,18,Yes
O001444,E001444,38,No
O001445,E001445,47,No
O001446,E001446,57,No
O001447,E001447,22,Yes
O001448,E001448,45,No
O001449,E001449,55,No
O001450,E001450,39,No
O001451,E001451,44,No
O001452,E001452,4,No
O001453,E001453,58,Yes
O001454,E001454,40,No
O001455,E001455,10,No
O001456,E001456,29,No
O001457,E001457,43,No
O001458,E001458,16,Yes
O001459,E001459,34,Yes
O001460,E001460,19,Yes
O001461,E001461,10,Yes
O001462,E001462,12,No
O001463,E001463,8,No
O001464,E001464,15,No
O001465,E001465,35,No
O001466,E001466,32,Yes
O001467,E001467,25,No
O001468,E001468,22,No
O001469,E001469,42,No
O001470,E001470,46,No
O001471,E001471,44,No
O001472,E001472,16,No
O001473,E001473,41,No
O001474,E001474,18,Yes
O001475,E001475,50,No
O001476,E001476,27,Yes
O001477,E001477,51,No
O001478,E001478,59,Yes
O001479,E001479,20,No
O001480,E001480,45,Yes
O001481,E001481,56,No
O001482,E001482,19,No
O001483,E001483,17,No
O001484,E001484,31,No
O001485,E001485,8,No
O001486,E001486,51,No
O001487,E001487,52,No
O001488,E001488,1,No
O001489,E001489,28,No
O001490,E001490,43,No
O001491,E001491,53,No
O001492,E001492,49,No
O001493,E001493,26,No
O001494,E001494,1,No
O001495,E001495,60,No
O001496,E001496,59,No
O001497,E001497,29,No
O001498,E001498,41,No
O001499,E001499,25,No
O001500,E001500,33,Yes
O001501,E001501,10,Yes
O001502,E001502,35,Yes
O001503,E001503,37,Yes
O001504,E001504,17,No
O001505,E001505,52,No
O001506,E001506,14,No
O001507,E001507,20,Yes
O001508,E001508,16,No
O001509,E001509,4,No
O001510,E001510,18,Yes
O001511,E001511,45,Yes
O001512,E001512,39,No
O001513,E001513,4,No
O001514,E001514,26,No
O001515,E001515,13,No
O001516,E001516,54,No
O001517,E001517,25,No
O001518,E001518,21,No
O001519,E001519,13,No
O001520,E001520,21,Yes
O001521,E001521,15,Yes
O001522,E001522,31,No
O001523,E001523,5,No
O001524,E001524,21,No
O001525,E001525,21,No
O001526,E001526,9,No
O001527,E001527,60,No
O001528,E001528,50,No
O001529,E001529,45,No
O001530,E001530,9,No
O001531,E001531,9,No
O001532,E001532,9,Yes
O001533,E001533,14,Yes
O001534,E001534,58,No
O001535,E001535,22,No
O001536,E001536,56,Yes
O001537,E001537,58,No
O001538,E001538,4,No
O001539,E001539,43,No
O001540,E001540,30,No
O001541,E001541,12,No
O001542,E001542,37,Yes
O001543,E001543,29,No
O001544,E001544,16,No
O001545,E001545,15,No
O001546,E001546,8,No
O001547,E001547,10,Yes
O001548,E001548,15,No
O001549,E001549,60,No
O001550,E001550,46,No
O001551,E001551,33,No
O001552,E001552,8,No
O001553,E001553,41,No
O001554,E001554,28,No
O001555,E001555,13,Yes
O001556,E001556,57,Yes
O001557,E001557,21,Yes
O001558,E001558,52,Yes
O001559,E001559,41,Yes
O001560,E001560,13,No
O001561,E001561,59,No
O001562,E001562,33,No
O001563,E001563,22,No
O001564,E001564,42,No
O001565,E001565,15,Yes
O001566,E001566,22,No
O001567,E001567,19,Yes
O001568,E001568,46,Yes
O001569,E001569,12,No
O001570,E001570,48,No
O001571,E001571,53,Yes
O001572,E001572,25,No
O001573,E001573,26,No
O001574,E001574,25,No
O001575,E001575,27,No
O001576,E001576,39,No
O001577,E001577,29,No
O001578,E001578,30,No
O001579,E001579,21,No
O001580,E001580,23,No
O001581,E001581,10,No
O001582,E001582,31,No
O001583,E001583,2,Yes
O001584,E001584,11,No
O001585,E001585,40,Yes
O001586,E001586,39,No
O001587,E001587,24,Yes
O001588,E001588,50,No
O001589,E001589,6,Yes
O001590,E001590,28,No
O001591,E001591,12,No
O001592,E001592,29,No
O001593,E001593,34,No
O001594,E001594,48,Yes
O001595,E001595,56,No
O001596,E001596,18,Yes
O001597,E001597,33,No
O001598,E001598,10,No
O001599,E001599,9,No
O001600,E001600,38,No
O001601,E001601,38,No
O001602,E001602,59,Yes
O001603,E001603,22,No
O001604,E001604,49,No
O001605,E001605,56,No
O001606,E001606,13,Yes
O001607,E001607,16,No
O001608,E001608,36,No
O001609,E001609,49,No
O001610,E001610,31,No
O001611,E001611,49,No
O001612,E001612,1,No
O001613,E001613,7,Yes
O001614,E001614,22,No
O001615,E001615,30,Yes
O001616,E001616,55,No
O001617,E001617,55,No
O001618,E001618,21,Yes
O001619,E001619,47,No
O001620,E001620,32,No
O001621,E001621,47,No
O001622,E001622,55,Yes
O001623,E001623,2,No
O001624,E001624,59,Yes
O001625,E001625,29,Yes
O001626,E001626,1,No
O001627,E001627,42,No
O001628,E001628,29,Yes
O001629,E001629,21,No
O001630,E001630,17,No
O001631,E001631,23,No
O001632,E001632,50,No
O001633,E001633,16,No
O001634,E001634,5,No
O001635,E001635,44,Yes
O001636,E001636,48,Yes
O001637,E001637,51,No
O001638,E001638,13,No
O001639,E001639,17,Yes
O001640,E001640,10,No
O001641,E001641,51,No
O001642,E001642,20,Yes
O001643,E001643,31,Yes
O001644,E001644,25,No
O001645,E001645,20,No
O001646,E001646,55,Yes
O001647,E001647,38,No
O001648,E001648,59,Yes
O001649,E001649,33,No
O001650,E001650,5,No
O001651,E001651,21,Yes
O001652,E001652,10,No
O001653,E001653,20,Yes
O001654,E001654,50,No
O001655,E001655,25,Yes
O001656,E001656,33,No
O001657,E001657,14,Yes
O001658,E001658,30,No
O001659,E001659,56,No
O001660,E001660,6,No
O001661,E001661,12,Yes
O001662,E001662,57,No
O001663,E001663,20,No
O001664,E001664,13,No
O001665,E001665,57,No
O001666,E001666,35,No
O001667,E001667,28,No
O001668,E001668,4,Yes
O001669,E001669,25,No
O001670,E001670,60,No
O001671,E001671,50,No
O001672,E001672,11,Yes
O001673,E001673,50,Yes
O001674,E001674,27,No
O001675,E001675,39,Yes
O001676,E001676,5,No
O001677,E001677,17,No
O001678,E001678,36,No
O001679,E001679,35,Yes
O001680,E001680,29,No
O001681,E001681,17,No
O001682,E001682,21,No
O001683,E001683,3,Yes
O001684,E001684,4,No
O001685,E001685,19,No
O001686,E001686,50,No
O001687,E001687,37,Yes
O001688,E001688,13,Yes
O001689,E001689,3,No
O001690,E001690,7,No
O001691,E001691,19,No
O001692,E001692,37,No
O001693,E001693,15,Yes
O001694,E001694,49,No
O001695,E001695,32,No
O001696,E001696,19,No
O001697,E001697,31,No
O001698,E001698,15,Yes
O001699,E001699,43,No
O001700,E001700,48,No
O001701,E001701,17,No
O001702,E001702,54,No
O001703,E001703,55,Yes
O001704,E001704,58,No
O001705,E001705,17,No
O001706,E001706,22,Yes
O001707,E001707,56,No
O001708,E001708,47,No
O001709,E001709,32,No
O001710,E001710,35,No
O001711,E001711,44,Yes
O001712,E001712,45,No
O001713,E001713,31,No
O001714,E001714,51,No
O001715,E001715,19,Yes
O001716,E001716,32,No
O001717,E001717,52,No
O001718,E001718,20,No
O001719,E001719,58,No
O001720,E001720,9,No
O001721,E001721,53,No
O001722,E001722,4,Yes
O001723,E001723,47,No
O001724,E001724,9,No
O001725,E001725,10,No
O001726,E001726,48,No
O001727,E001727,31,No
O001728,E001728,36,No
O001729,E001729,33,No
O001730,E001730,23,No
O001731,E001731,42,No
O001732,E001732,13,No
O001733,E001733,32,Yes
O001734,E001734,25,No
O001735,E001735,24,No
O001736,E001736,57,No
O001737,E001737,36,No
O001738,E001738,26,No
O001739,E001739,27,No
O001740,E001740,36,Yes
O001741,E001741,32,No
O001742,E001742,27,Yes
O001743,E001743,14,No
O001744,E001744,46,No
O001745,E001745,49,No
O001746,E001746,15,No
O001747,E001747,38,No
O001748,E001748,34,Yes
O001749,E001749,27,No
O001750,E001750,25,No
O001751,E001751,30,No
O001752,E001752,33,No
O001753,E001753,55,No
O001754,E001754,43,No
O001755,E001755,58,No
O001756,E001756,8,No
O001757,E001757,5,No
O001758,E001758,14,No
O001759,E001759,33,No
O001760,E001760,49,No
O001761,E001761,21,Yes
O001762,E001762,33,No
O001763,E001763,29,Yes
O001764,E001764,9,No
O001765,E001765,42,Yes
O001766,E001766,27,No
O001767,E001767,30,Yes
O001768,E001768,9,No
O001769,E001769,32,No
O001770,E001770,41,Yes
O001771,E001771,23,No
O001772,E001772,10,No
O001773,E001773,57,Yes
O001774,E001774,23,No
O001775,E001775,28,No
O001776,E001776,29,Yes
O001777,E001777,43,No
O001778,E001778,43,No
O001779,E001779,49,No
O001780,E001780,26,No
O001781,E001781,53,No
O001782,E001782,51,No
O001783,E001783,59,No
O001784,E001784,33,No
O001785,E001785,41,No
O001786,E001786,19,Yes
O001787,E001787,23,No
O001788,E001788,4,No
O001789,E001789,31,Yes
O001790,E001790,28,Yes
O001791,E001791,10,No
O001792,E001792,55,No
O001793,E001793,8,No
O001794,E001794,32,No
O001795,E001795,34,No
O001796,E001796,18,No
O001797,E001797,33,Yes
O001798,E001798,55,Yes
O001799,E001799,18,Yes
O001800,E001800,30,No
O001801,E001801,3,Yes
O001802,E001802,22,No
O001803,E001803,50,No
O001804,E001804,59,No
O001805,E001805,16,Yes
O001806,E001806,9,Yes
O001807,E001807,33,No
O001808,E001808,16,No
O001809,E001809,28,No
O001810,E001810,39,Yes
O001811,E001811,19,No
O001812,E001812,36,No
O001813,E001813,37,No
O001814,E001814,59,No
O001815,E001815,52,No
O001816,E001816,33,No
O001817,E001817,41,No
O001818,E001818,59,Yes
O001819,E001819,15,No
O001820,E001820,25,No
O001821,E001821,31,No
O001822,E001822,60,No
O001823,E001823,44,No
O001824,E001824,50,No
O001825,E001825,42,Yes
O001826,E001826,16,No
O001827,E001827,9,No
O001828,E001828,6,No
O001829,E001829,50,Yes
O001830,E001830,30,No
O001831,E001831,40,No
O001832,E001832,42,No
O001833,E001833,59,No
O001834,E001834,13,No
O001835,E001835,1,No
O001836,E001836,48,No
O001837,E001837,42,No
O001838,E001838,13,No
O001839,E001839,35,Yes
O001840,E001840,53,Yes
O001841,E001841,33,No
O001842,E001842,54,Yes
O001843,E001843,46,No
O001844,E001844,31,No
O001845,E001845,18,No
O001846,E001846,15,Yes
O001847,E001847,58,Yes
O001848,E001848,38,Yes
O001849,E001849,15,No
O001850,E001850,46,No
O001851,E001851,8,Yes
O001852,E001852,43,Yes
O001853,E001853,31,No
O001854,E001854,14,Yes
O001855,E001855,21,No
O001856,E001856,7,No
O001857,E001857,55,Yes
O001858,E001858,36,Yes
O001859,E001859,47,No
O001860,E001860,39,No
O001861,E001861,26,No
O001862,E001862,36,No
O001863,E001863,15,No
O001864,E001864,36,No
O001865,E001865,42,No
O001866,E001866,60,No
O001867,E001867,26,No
O001868,E001868,44,No
O001869,E001869,33,Yes
O001870,E001870,47,No
O001871,E001871,32,No
O001872,E001872,16,No
O001873,E001873,1,No
O001874,E001874,1,No
O001875,E001875,45,No
O001876,E001876,21,Yes
O001877,E001877,15,No
O001878,E001878,28,No
O001879,E001879,52,No
O001880,E001880,35,No
O001881,E001881,6,No
O001882,E001882,7,No
O001883,E001883,28,No
O001884,E001884,50,No
O001885,E001885,18,No
O001886,E001886,56,Yes
O001887,E001887,37,No
O001888,E001888,37,No
O001889,E001889,31,No
O001890,E001890,7,No
O001891,E001891,53,No
O001892,E001892,38,No
O001893,E001893,41,Yes
O001894,E001894,41,No
O001895,E001895,47,No
O001896,E001896,28,Yes
O001897,E001897,41,Yes
O001898,E001898,38,No
O001899,E001899,59,No
O001900,E001900,57,No
O001901,E001901,13,No
O001902,E001902,12,No
O001903,E001903,26,Yes
O001904,E001904,15,No
O001905,E001905,19,No
O001906,E001906,54,Yes
O001907,E001907,43,No
O001908,E001908,56,No
O001909,E001909,46,No
O001910,E001910,34,No
O001911,E001911,31,No
O001912,E001912,50,Yes
O001913,E001913,45,No
O001914,E001914,56,Yes
O001915,E001915,17,No
O001916,E001916,57,No
O001917,E001917,35,No
O001918,E001918,17,Yes
O001919,E001919,33,Yes
O001920,E001920,55,No
O001921,E001921,34,Yes
O001922,E001922,18,No
O001923,E001923,34,No
O001924,E001924,34,No
O001925,E001925,25,No
O001926,E001926,6,No
O001927,E001927,54,Yes
O001928,E001928,42,No
O001929,E001929,50,No
O001930,E001930,4,No
O001931,E001931,38,No
O001932,E001932,54,No
O001933,E001933,22,No
O001934,E001934,20,No
O001935,E001935,25,No
O001936,E001936,10,No
O001937,E001937,55,No
O001938,E001938,17,Yes
O001939,E001939,16,No
O001940,E001940,56,No
O001941,E001941,35,No
O001942,E001942,1,No
O001943,E001943,52,No
O001944,E001944,20,No
O001945,E001945,29,No
O001946,E001946,15,Yes
O001947,E001947,18,No
O001948,E001948,28,No
O001949,E001949,16,No
O001950,E001950,16,No
O001951,E001951,60,No
O001952,E001952,57,No
O001953,E001953,11,No
O001954,E001954,15,No
O001955,E001955,50,No
O001956,E001956,21,No
O001957,E001957,48,No
O001958,E001958,46,No
O001959,E001959,31,No
O001960,E001960,37,No
O001961,E001961,59,No
O001962,E001962,32,Yes
O001963,E001963,14,Yes
O001964,E001964,38,No
O001965,E001965,19,Yes
O001966,E001966,23,No
O001967,E001967,48,Yes
O001968,E001968,37,No
O001969,E001969,14,No
O001970,E001970,6,No
O001971,E001971,47,No
O001972,E001972,59,No
O001973,E001973,12,No
O001974,E001974,32,No
O001975,E001975,6,No
O001976,E001976,39,No
O001977,E001977,7,Yes
O001978,E001978,20,No
O001979,E001979,49,No
O001980,E001980,17,Yes
O001981,E001981,33,No
O001982,E001982,51,No
O001983,E001983,45,No
O001984,E001984,34,No
O001985,E001985,47,No
O001986,E001986,44,No
O001987,E001987,13,No
O001988,E001988,37,No
O001989,E001989,53,Yes
O001990,E001990,37,No
O001991,E001991,3,No
O001992,E001992,4,No
O001993,E001993,13,Yes
O001994,E001994,10,No
O001995,E001995,21,Yes
O001996,E001996,15,Yes
O001997,E001997,19,No
O001998,E001998,22,No
O001999,E001999,8,No
O002000,E002000,54,No
O002001,E002001,55,No
O002002,E002002,46,No
O002003,E002003,3,No
O002004,E002004,18,No
O002005,E002005,2,No
O002006,E002006,33,Yes
O002007,E002007,39,No
O002008,E002008,1,No
O002009,E002009,1,No
O002010,E002010,60,Yes
O002011,E002011,17,No
O002012,E002012,13,No
O002013,E002013,33,No
O002014,E002014,27,No
O002015,E002015,58,No
O002016,E002016,31,No
O002017,E002017,32,No
O002018,E002018,6,Yes
O002019,E002019,51,Yes
O002020,E002020,50,No
O002021,E002021,3,No
O002022,E002022,29,Yes
O002023,E002023,56,No
O002024,E002024,11,Yes
O002025,E002025,26,No
O002026,E002026,36,Yes
O002027,E002027,7,No
O002028,E002028,50,No
O002029,E002029,58,No
O002030,E002030,34,Yes
O002031,E002031,7,No
O002032,E002032,2,No
O002033,E002033,35,No
O002034,E002034,17,No
O002035,E002035,36,No
O002036,E002036,41,No
O002037,E002037,27,No
O002038,E002038,44,No
O002039,E002039,26,Yes
O002040,E002040,6,No
O002041,E002041,8,No
O002042,E002042,16,Yes
O002043,E002043,7,No
O002044,E002044,8,No
O002045,E002045,59,Yes
O002046,E002046,1,No
O002047,E002047,17,No
O002048,E002048,28,Yes
O002049,E002049,40,No
O002050,E002050,54,No
O002051,E002051,10,No
O002052,E002052,22,No
O002053,E002053,40,No
O002054,E002054,32,No
O002055,E002055,28,No
O002056,E002056,52,No
O002057,E002057,33,No
O002058,E002058,39,No
O002059,E002059,18,Yes
O002060,E002060,23,No
O002061,E002061,40,No
O002062,E002062,29,No
O002063,E002063,22,No
O002064,E002064,46,Yes
O002065,E002065,42,No
O002066,E002066,50,Yes
O002067,E002067,55,Yes
O002068,E002068,14,No
O002069,E002069,57,No
O002070,E002070,42,Yes
O002071,E002071,17,No
O002072,E002072,6,Yes
O002073,E002073,39,Yes
O002074,E002074,52,No
O002075,E002075,55,No
O002076,E002076,51,No
O002077,E002077,42,Yes
O002078,E002078,14,No
O002079,E002079,29,Yes
O002080,E002080,41,No
O002081,E002081,49,Yes
O002082,E002082,13,No
O002083,E002083,36,No
O002084,E002084,40,Yes
O002085,E002085,30,No
O002086,E002086,51,No
O002087,E002087,22,Yes
O002088,E002088,19,No
O002089,E002089,2,No
O002090,E002090,44,No
O002091,E002091,56,No
O002092,E002092,20,No
O002093,E002093,57,No
O002094,E002094,23,Yes
O002095,E002095,23,No
O002096,E002096,58,No
O002097,E002097,23,Yes
O002098,E002098,48,No
O002099,E002099,45,No
O002100,E002100,20,Yes
O002101,E002101,59,No
O002102,E002102,28,No
O002103,E002103,33,No
O002104,E002104,28,No
O002105,E002105,13,No
O002106,E002106,47,No
O002107,E002107,3,No
O002108,E002108,26,No
O002109,E002109,58,No
O002110,E002110,4,No
O002111,E002111,48,No
O002112,E002112,57,No
O002113,E002113,18,No
O002114,E002114,11,No
O002115,E002115,40,No
O002116,E002116,8,No
O002117,E002117,49,No
O002118,E002118,49,No
O002119,E002119,4,No
O002120,E002120,39,No
O002121,E002121,17,No
O002122,E002122,14,No
O002123,E002123,21,No
O002124,E002124,8,Yes
O002125,E002125,5,No
O002126,E002126,32,No
O002127,E002127,54,No
O002128,E002128,17,No
O002129,E002129,52,No
O002130,E002130,8,No
O002131,E002131,38,No
O002132,E002132,35,Yes
O002133,E002133,50,No
O002134,E002134,3,Yes
O002135,E002135,41,No
O002136,E002136,57,No
O002137,E002137,45,No
O002138,E002138,20,No
O002139,E002139,15,Yes
O002140,E002140,52,Yes
O002141,E002141,43,Yes
O002142,E002142,29,Yes
O002143,E002143,34,No
O002144,E002144,30,Yes
O002145,E002145,16,No
O002146,E002146,55,No
O002147,E002147,17,No
O002148,E002148,53,No
O002149,E002149,18,Yes
O002150,E002150,57,No
O002151,E002151,55,No
O002152,E002152,44,No
O002153,E002153,43,Yes
O002154,E002154,26,Yes
O002155,E002155,4,No
O002156,E002156,13,No
O002157,E002157,11,No
O002158,E002158,46,No
O002159,E002159,51,No
O002160,E002160,54,No
O002161,E002161,24,Yes
O002162,E002162,22,No
O002163,E002163,26,No
O002164,E002164,19,No
O002165,E002165,30,No
O002166,E002166,51,No
O002167,E002167,21,Yes
O002168,E002168,32,No
O002169,E002169,42,Yes
O002170,E002170,35,No
O002171,E002171,49,No
O002172,E002172,31,Yes
O002173,E002173,52,No
O002174,E002174,51,No
O002175,E002175,59,Yes
O002176,E002176,43,No
O002177,E002177,54,Yes
O002178,E002178,60,Yes
O002179,E002179,37,Yes
O002180,E002180,34,No
O002181,E002181,18,Yes
O002182,E002182,10,No
O002183,E002183,34,No
O002184,E002184,56,No
O002185,E002185,18,No
O002186,E002186,49,Yes
O002187,E002187,38,No
O002188,E002188,21,Yes
O002189,E002189,51,Yes
O002190,E002190,4,Yes
O002191,E002191,26,No
O002192,E002192,24,No
O002193,E002193,2,No
O002194,E002194,37,Yes
O002195,E002195,21,No
O002196,E002196,12,No
O002197,E002197,52,No
O002198,E002198,28,No
O002199,E002199,32,No
O002200,E002200,50,No
O002201,E002201,5,No
O002202,E002202,1,Yes
O002203,E002203,22,No
O002204,E002204,36,No
O002205,E002205,31,No
O002206,E002206,16,Yes
O002207,E002207,6,No
O002208,E002208,56,No
O002209,E002209,38,Yes
O002210,E002210,22,No
O002211,E002211,44,No
O002212,E002212,45,No
O002213,E002213,39,No
O002214,E002214,16,No
O002215,E002215,33,No
O002216,E002216,10,No
O002217,E002217,10,No
O002218,E002218,23,Yes
O002219,E002219,56,No
O002220,E002220,38,No
O002221,E002221,9,No
O002222,E002222,2,No
O002223,E002223,7,No
O002224,E002224,2,No
O002225,E002225,24,Yes
O002226,E002226,44,No
O002227,E002227,11,Yes
O002228,E002228,55,No
O002229,E002229,13,No
O002230,E002230,20,Yes
O002231,E002231,16,No
O002232,E002232,45,No
O002233,E002233,11,No
O002234,E002234,8,No
O002235,E002235,5,No
O002236,E002236,49,No
O002237,E002237,20,No
O002238,E002238,52,No
O002239,E002239,43,No
O002240,E002240,15,No
O002241,E002241,46,Yes
O002242,E002242,17,No
O002243,E002243,42,No
O002244,E002244,51,No
O002245,E002245,32,No
O002246,E002246,13,No
O002247,E002247,43,No
O002248,E002248,14,No
O002249,E002249,22,Yes
O002250,E002250,9,Yes
O002251,E002251,28,No
O002252,E002252,22,Yes
O002253,E002253,13,No
O002254,E002254,34,No
O002255,E002255,18,No
O002256,E002256,26,No
O002257,E002257,49,Yes
O002258,E002258,4,Yes
O002259,E002259,28,No
O002260,E002260,11,Yes
O002261,E002261,17,Yes
O002262,E002262,7,No
O002263,E002263,57,No
O002264,E002264,8,No
O002265,E002265,13,No
O002266,E002266,55,No
O002267,E002267,50,No
O002268,E002268,18,No
O002269,E002269,35,No
O002270,E002270,24,No
O002271,E002271,14,Yes
O002272,E002272,18,No
O002273,E002273,42,No
O002274,E002274,50,Yes
O002275,E002275,4,Yes
O002276,E002276,6,No
O002277,E002277,43,Yes
O002278,E002278,34,No
O002279,E002279,57,No
O002280,E002280,25,No
O002281,E002281,33,Yes
O002282,E002282,45,No
O002283,E002283,1,No
O002284,E002284,58,No
O002285,E002285,25,No
O002286,E002286,48,No
O002287,E002287,17,Yes
O002288,E002288,55,No
O002289,E002289,27,Yes
O002290,E002290,37,No
O002291,E002291,58,No
O002292,E002292,38,No
O002293,E002293,20,No
O002294,E002294,34,Yes
O002295,E002295,3,No
O002296,E002296,10,Yes
O002297,E002297,56,Yes
O002298,E002298,34,No
O002299,E002299,23,Yes
O002300,E002300,12,No
O002301,E002301,19,Yes
O002302,E002302,43,No
O002303,E002303,32,No
O002304,E002304,31,Yes
O002305,E002305,2,No
O002306,E002306,58,No
O002307,E002307,29,Yes
O002308,E002308,52,Yes
O002309,E002309,57,Yes
O002310,E002310,39,No
O002311,E002311,57,No
O002312,E002312,21,No
O002313,E002313,17,No
O002314,E002314,35,Yes
O002315,E002315,2,Yes
O002316,E002316,57,No
O002317,E002317,18,Yes
O002318,E002318,7,Yes
O002319,E002319,28,No
O002320,E002320,46,No
O002321,E002321,5,No
O002322,E002322,34,Yes
O002323,E002323,27,No
O002324,E002324,19,Yes
O002325,E002325,28,No
O002326,E002326,56,Yes
O002327,E002327,34,No
O002328,E002328,5,No
O002329,E002329,37,No
O002330,E002330,30,No
O002331,E002331,24,No
O002332,E002332,37,Yes
O002333,E002333,19,No
O002334,E002334,19,No
O002335,E002335,20,No
O002336,E002336,51,No
O002337,E002337,49,No
O002338,E002338,32,No
O002339,E002339,57,Yes
O002340,E002340,13,No
O002341,E002341,28,No
O002342,E002342,40,No
O002343,E002343,19,No
O002344,E002344,17,No
O002345,E002345,24,Yes
O002346,E002346,16,No
O002347,E002347,44,No
O002348,E002348,17,No
O002349,E002349,3,No
O002350,E002350,59,Yes
O002351,E002351,18,No
O002352,E002352,14,Yes
O002353,E002353,43,No
O002354,E002354,3,No
O002355,E002355,25,No
O002356,E002356,44,Yes
O002357,E002357,7,No
O002358,E002358,39,No
O002359,E002359,25,No
O002360,E002360,57,No
O002361,E002361,50,No
O002362,E002362,17,No
O002363,E002363,12,Yes
O002364,E002364,55,No
O002365,E002365,7,No
O002366,E002366,28,Yes
O002367,E002367,56,No
O002368,E002368,34,No
O002369,E002369,49,Yes
O002370,E002370,51,No
O002371,E002371,27,No
O002372,E002372,27,No
O002373,E002373,60,No
O002374,E002374,35,No
O002375,E002375,48,No
O002376,E002376,60,No
O002377,E002377,58,No
O002378,E002378,5,Yes
O002379,E002379,8,No
O002380,E002380,14,No
O002381,E002381,46,No
O002382,E002382,17,No
O002383,E002383,35,No
O002384,E002384,47,No
O002385,E002385,22,No
O002386,E002386,12,No
O002387,E002387,4,Yes
O002388,E002388,12,Yes
O002389,E002389,26,No
O002390,E002390,57,No
O002391,E002391,34,No
O002392,E002392,35,No
O002393,E002393,29,Yes
O002394,E002394,31,Yes
O002395,E002395,2,No
O002396,E002396,34,No
O002397,E002397,27,No
O002398,E002398,13,No
O002399,E002399,13,No
O002400,E002400,42,Yes
O002401,E002401,20,No
O002402,E002402,44,No
O002403,E002403,3,No
O002404,E002404,56,No
O002405,E002405,54,No
O002406,E002406,17,Yes
O002407,E002407,16,Yes
O002408,E002408,38,Yes
O002409,E002409,19,No
O002410,E002410,3,No
O002411,E002411,36,No
O002412,E002412,8,Yes
O002413,E002413,39,No
O002414,E002414,29,Yes
O002415,E002415,3,No
O002416,E002416,33,No
O002417,E002417,22,Yes
O002418,E002418,48,Yes
O002419,E002419,46,Yes
O002420,E002420,33,No
O002421,E002421,16,No
O002422,E002422,37,No
O002423,E002423,29,No
O002424,E002424,16,No
O002425,E002425,4,No
O002426,E002426,38,No
O002427,E002427,50,No
O002428,E002428,50,No
O002429,E002429,28,No
O002430,E002430,5,No
O002431,E002431,1,No
O002432,E002432,44,No
O002433,E002433,19,No
O002434,E002434,46,No
O002435,E002435,58,Yes
O002436,E002436,29,No
O002437,E002437,6,No
O002438,E002438,15,Yes
O002439,E002439,48,No
O002440,E002440,1,No
O002441,E002441,59,No
O002442,E002442,32,No
O002443,E002443,11,No
O002444,E002444,18,Yes
O002445,E002445,18,No
O002446,E002446,14,No
O002447,E002447,26,No
O002448,E002448,9,No
O002449,E002449,55,No
O002450,E002450,2,No
O002451,E002451,29,No
O002452,E002452,17,Yes
O002453,E002453,29,No
O002454,E002454,49,No
O002455,E002455,59,Yes
O002456,E002456,25,No
O002457,E002457,30,Yes
O002458,E002458,53,No
O002459,E002459,8,Yes
O002460,E002460,53,No
O002461,E002461,34,No
O002462,E002462,11,Yes
O002463,E002463,32,Yes
O002464,E002464,60,Yes
O002465,E002465,33,No
O002466,E002466,48,No
O002467,E002467,28,No
O002468,E002468,55,No
O002469,E002469,39,No
O002470,E002470,57,Yes
O002471,E002471,54,No
O002472,E002472,22,No
O002473,E002473,49,Yes
O002474,E002474,11,No
O002475,E002475,34,No
O002476,E002476,3,No
O002477,E002477,12,No
O002478,E002478,12,No
O002479,E002479,32,Yes
O002480,E002480,49,No
O002481,E002481,42,Yes
O002482,E002482,5,No
O002483,E002483,45,Yes
O002484,E002484,10,Yes
O002485,E002485,40,Yes
O002486,E002486,54,No
O002487,E002487,8,No
O002488,E002488,8,No
O002489,E002489,25,Yes
O002490,E002490,14,No
O002491,E002491,40,Yes
O002492,E002492,21,No
O002493,E002493,6,No
O002494,E002494,38,Yes
O002495,E002495,41,No
O002496,E002496,31,Yes
O002497,E002497,22,Yes
O002498,E002498,35,Yes
O002499,E002499,52,No
O002500,E002500,58,No
O002501,E002501,19,Yes
O002502,E002502,40,Yes
O002503,E002503,39,Yes
O002504,E002504,13,No
O002505,E002505,56,No
O002506,E002506,22,No
O002507,E002507,43,No
O002508,E002508,47,No
O002509,E002509,19,No
O002510,E002510,21,Yes
O002511,E002511,3,No
O002512,E002512,10,No
O002513,E002513,45,No
O002514,E002514,5,No
O002515,E002515,25,No
O002516,E002516,46,No
O002517,E002517,37,Yes
O002518,E002518,6,Yes
O002519,E002519,55,No
O002520,E002520,29,No
O002521,E002521,12,Yes
O002522,E002522,1,Yes
O002523,E002523,8,No
O002524,E002524,2,No
O002525,E002525,8,Yes
O002526,E002526,43,No
O002527,E002527,4,Yes
O002528,E002528,49,No
O002529,E002529,13,No
O002530,E002530,55,Yes
O002531,E002531,29,No
O002532,E002532,41,No
O002533,E002533,41,No
O002534,E002534,36,No
O002535,E002535,15,No
O002536,E002536,60,No
O002537,E002537,8,No
O002538,E002538,7,No
O002539,E002539,52,No
O002540,E002540,24,No
O002541,E002541,17,No
O002542,E002542,57,No
O002543,E002543,31,No
O002544,E002544,28,No
O002545,E002545,20,No
O002546,E002546,17,No
O002547,E002547,45,No
O002548,E002548,12,No
O002549,E002549,12,No
O002550,E002550,57,No
O002551,E002551,2,No
O002552,E002552,50,No
O002553,E002553,44,No
O002554,E002554,27,No
O002555,E002555,18,No
O002556,E002556,56,No
O002557,E002557,54,No
O002558,E002558,8,No
O002559,E002559,28,Yes
O002560,E002560,35,No
O002561,E002561,25,No
O002562,E002562,14,No
O002563,E002563,35,No
O002564,E002564,36,No
O002565,E002565,34,No
O002566,E002566,46,No
O002567,E002567,18,No
O002568,E002568,41,Yes
O002569,E002569,2,No
O002570,E002570,22,No
O002571,E002571,37,No
O002572,E002572,58,No
O002573,E002573,3,No
O002574,E002574,58,No
O002575,E002575,47,Yes
O002576,E002576,38,No
O002577,E002577,48,No
O002578,E002578,3,No
O002579,E002579,9,Yes
O002580,E002580,54,No
O002581,E002581,21,Yes
O002582,E002582,39,Yes
O002583,E002583,22,No
O002584,E002584,28,No
O002585,E002585,11,No
O002586,E002586,57,Yes
O002587,E002587,13,Yes
O002588,E002588,39,No
O002589,E002589,17,No
O002590,E002590,28,Yes
O002591,E002591,32,No
O002592,E002592,4,No
O002593,E002593,21,No
O002594,E002594,43,No
O002595,E002595,50,No
O002596,E002596,20,Yes
O002597,E002597,17,Yes
O002598,E002598,30,No
O002599,E002599,41,Yes
O002600,E002600,52,No
O002601,E002601,9,No
O002602,E002602,51,Yes
O002603,E002603,21,No
O002604,E002604,6,No
O002605,E002605,32,Yes
O002606,E002606,53,Yes
O002607,E002607,34,No
O002608,E002608,58,Yes
O002609,E002609,56,No
O002610,E002610,1,No
O002611,E002611,33,Yes
O002612,E002612,31,No
O002613,E002613,20,No
O002614,E002614,8,No
O002615,E002615,46,Yes
O002616,E002616,38,No
O002617,E002617,56,No
O002618,E002618,46,No
O002619,E002619,31,Yes
O002620,E002620,10,Yes
O002621,E002621,38,No
O002622,E002622,30,No
O002623,E002623,26,No
O002624,E002624,11,No
O002625,E002625,22,No
O002626,E002626,14,No
O002627,E002627,21,No
O002628,E002628,25,No
O002629,E002629,23,No
O002630,E002630,60,No
O002631,E002631,34,Yes
O002632,E002632,60,No
O002633,E002633,18,No
O002634,E002634,19,No
O002635,E002635,10,Yes
O002636,E002636,25,No
O002637,E002637,54,No
O002638,E002638,23,No
O002639,E002639,16,Yes
O002640,E002640,33,Yes
O002641,E002641,51,No
O002642,E002642,31,No
O002643,E002643,39,Yes
O002644,E002644,15,No
O002645,E002645,13,Yes
O002646,E002646,30,Yes
O002647,E002647,28,Yes
O002648,E002648,6,Yes
O002649,E002649,27,No
O002650,E002650,41,No
O002651,E002651,13,No
O002652,E002652,16,No
O002653,E002653,6,No
O002654,E002654,51,No
O002655,E002655,47,No
O002656,E002656,40,No
O002657,E002657,43,No
O002658,E002658,9,No
O002659,E002659,2,No
O002660,E002660,2,Yes
O002661,E002661,37,Yes
O002662,E002662,59,No
O002663,E002663,38,No
O002664,E002664,23,No
O002665,E002665,7,Yes
O002666,E002666,5,No
O002667,E002667,11,No
O002668,E002668,25,No
O002669,E002669,3,Yes
O002670,E002670,34,No
O002671,E002671,33,Yes
O002672,E002672,57,No
O002673,E002673,21,No
O002674,E002674,51,No
O002675,E002675,34,No
O002676,E002676,54,Yes
O002677,E002677,34,No
O002678,E002678,19,No
O002679,E002679,29,No
O002680,E002680,27,No
O002681,E002681,20,No
O002682,E002682,42,No
O002683,E002683,35,No
O002684,E002684,42,No
O002685,E002685,31,No
O002686,E002686,12,Yes
O002687,E002687,36,No
O002688,E002688,43,No
O002689,E002689,44,No
O002690,E002690,50,No
O002691,E002691,13,No
O002692,E002692,57,Yes
O002693,E002693,41,Yes
O002694,E002694,33,No
O002695,E002695,14,No
O002696,E002696,17,No
O002697,E002697,40,No
O002698,E002698,16,No
O002699,E002699,11,No
O002700,E002700,37,No
O002701,E002701,12,No
O002702,E002702,47,Yes
O002703,E002703,12,No
O002704,E002704,11,Yes
O002705,E002705,24,Yes
O002706,E002706,31,No
O002707,E002707,53,No
O002708,E002708,31,Yes
O002709,E002709,26,Yes
O002710,E002710,36,No
O002711,E002711,53,No
O002712,E002712,45,No
O002713,E002713,52,No
O002714,E002714,23,No
O002715,E002715,54,Yes
O002716,E002716,16,Yes
O002717,E002717,8,No
O002718,E002718,26,No
O002719,E002719,31,No
O002720,E002720,20,Yes
O002721,E002721,32,No
O002722,E002722,23,No
O002723,E002723,32,No
O002724,E002724,29,No
O002725,E002725,12,Yes
O002726,E002726,37,No
O002727,E002727,17,No
O002728,E002728,30,Yes
O002729,E002729,3,No
O002730,E002730,1,No
O002731,E002731,16,No
O002732,E002732,3,No
O002733,E002733,49,Yes
O002734,E002734,4,Yes
O002735,E002735,53,Yes
O002736,E002736,35,No
O002737,E002737,1,No
O002738,E002738,6,No
O002739,E002739,58,No
O002740,E002740,43,No
O002741,E002741,40,No
O002742,E002742,58,No
O002743,E002743,30,No
O002744,E002744,6,No
O002745,E002745,37,No
O002746,E002746,37,Yes
O002747,E002747,50,No
O002748,E002748,25,Yes
O002749,E002749,42,No
O002750,E002750,46,No
O002751,E002751,23,No
O002752,E002752,47,No
O002753,E002753,15,No
O002754,E002754,27,No
O002755,E002755,5,No
O002756,E002756,2,Yes
O002757,E002757,38,Yes
O002758,E002758,31,Yes
O002759,E002759,42,No
O002760,E002760,40,No
O002761,E002761,50,Yes
O002762,E002762,30,No
O002763,E002763,53,No
O002764,E002764,45,No
O002765,E002765,39,No
O002766,E002766,19,Yes
O002767,E002767,4,No
O002768,E002768,27,Yes
O002769,E002769,9,Yes
O002770,E002770,29,No
O002771,E002771,7,Yes
O002772,E002772,42,Yes
O002773,E002773,52,Yes
O002774,E002774,5,No
O002775,E002775,31,Yes
O002776,E002776,39,No
O002777,E002777,34,No
O002778,E002778,41,No
O002779,E002779,20,Yes
O002780,E002780,29,Yes
O002781,E002781,12,Yes
O002782,E002782,28,No
O002783,E002783,40,No
O002784,E002784,38,No
O002785,E002785,28,No
O002786,E002786,11,Yes
O002787,E002787,9,No
O002788,E002788,31,No
O002789,E002789,24,No
O002790,E002790,38,Yes
O002791,E002791,53,No
O002792,E002792,13,Yes
O002793,E002793,22,No
O002794,E002794,24,No
O002795,E002795,20,Yes
O002796,E002796,42,No
O002797,E002797,12,No
O002798,E002798,37,Yes
O002799,E002799,29,No
O002800,E002800,37,Yes
O002801,E002801,36,No
O002802,E002802,52,No
O002803,E002803,40,Yes
O002804,E002804,11,No
O002805,E002805,14,No
O002806,E002806,30,No
O002807,E002807,23,No
O002808,E002808,16,No
O002809,E002809,31,No
O002810,E002810,21,No
O002811,E002811,21,Yes
O002812,E002812,60,Yes
O002813,E002813,21,No
O002814,E002814,39,No
O002815,E002815,24,No
O002816,E002816,54,No
O002817,E002817,60,No
O002818,E002818,17,Yes
O002819,E002819,27,No
O002820,E002820,17,No
O002821,E002821,50,No
O002822,E002822,38,No
O002823,E002823,9,No
O002824,E002824,32,Yes
O002825,E002825,48,No
O002826,E002826,40,No
O002827,E002827,51,No
O002828,E002828,6,No
O002829,E002829,48,Yes
O002830,E002830,18,No
O002831,E002831,22,No
O002832,E002832,45,No
O002833,E002833,37,No
O002834,E002834,29,No
O002835,E002835,24,Yes
O002836,E002836,59,Yes
O002837,E002837,31,Yes
O002838,E002838,42,No
O002839,E002839,55,Yes
O002840,E002840,2,Yes
O002841,E002841,8,No
O002842,E002842,50,No
O002843,E002843,46,No
O002844,E002844,6,No
O002845,E002845,29,Yes
O002846,E002846,36,Yes
O002847,E002847,23,No
O002848,E002848,40,No
O002849,E002849,33,No
O002850,E002850,16,No
O002851,E002851,36,No
O002852,E002852,28,Yes
O002853,E002853,24,No
O002854,E002854,43,No
O002855,E002855,55,Yes
O002856,E002856,49,No
O002857,E002857,4,No
O002858,E002858,48,No
O002859,E002859,52,No
O002860,E002860,13,No
O002861,E002861,44,No
O002862,E002862,28,Yes
O002863,E002863,30,Yes
O002864,E002864,59,No
O002865,E002865,22,No
O002866,E002866,31,Yes
O002867,E002867,7,No
O002868,E002868,13,No
O002869,E002869,39,No
O002870,E002870,29,No
O002871,E002871,56,No
O002872,E002872,38,Yes
O002873,E002873,28,No
O002874,E002874,17,No
O002875,E002875,24,No
O002876,E002876,55,No
O002877,E002877,14,No
O002878,E002878,7,Yes
O002879,E002879,50,No
O002880,E002880,1,No
O002881,E002881,49,No
O002882,E002882,57,No
O002883,E002883,52,No
O002884,E002884,5,No
O002885,E002885,11,Yes
O002886,E002886,47,No
O002887,E002887,21,No
O002888,E002888,28,Yes
O002889,E002889,13,Yes
O002890,E002890,36,No
O002891,E002891,57,No
O002892,E002892,34,No
O002893,E002893,31,No
O002894,E002894,21,No
O002895,E002895,58,No
O002896,E002896,7,Yes
O002897,E002897,47,Yes
O002898,E002898,30,No
O002899,E002899,42,No
O002900,E002900,31,No
O002901,E002901,26,No
O002902,E002902,52,No
O002903,E002903,23,No
O002904,E002904,59,No
O002905,E002905,45,No
O002906,E002906,31,No
O002907,E002907,33,No
O002908,E002908,24,No
O002909,E002909,10,No
O002910,E002910,4,No
O002911,E002911,35,No
O002912,E002912,35,No
O002913,E002913,10,No
O002914,E002914,60,No
O002915,E002915,56,No
O002916,E002916,47,No
O002917,E002917,13,No
O002918,E002918,47,No
O002919,E002919,27,No
O002920,E002920,46,Yes
O002921,E002921,19,No
O002922,E002922,34,No
O002923,E002923,56,No
O002924,E002924,39,No
O002925,E002925,44,No
O002926,E002926,28,No
O002927,E002927,32,No
O002928,E002928,28,No
O002929,E002929,20,No
O002930,E002930,22,No
O002931,E002931,26,No
O002932,E002932,56,No
O002933,E002933,24,No
O002934,E002934,2,No
O002935,E002935,3,No
O002936,E002936,16,Yes
O002937,E002937,40,No
O002938,E002938,27,Yes
O002939,E002939,16,No
O002940,E002940,9,No
O002941,E002941,32,No
O002942,E002942,19,No
O002943,E002943,18,No
O002944,E002944,21,No
O002945,E002945,3,Yes
O002946,E002946,24,No
O002947,E002947,54,No
O002948,E002948,58,No
O002949,E002949,28,Yes
O002950,E002950,21,Yes
O002951,E002951,4,Yes
O002952,E002952,47,No
O002953,E002953,1,Yes
O002954,E002954,27,No
O002955,E002955,18,Yes
O002956,E002956,37,No
O002957,E002957,20,No
O002958,E002958,30,No
O002959,E002959,48,No
O002960,E002960,34,No
O002961,E002961,5,No
O002962,E002962,52,No
O002963,E002963,17,No
O002964,E002964,20,No
O002965,E002965,38,Yes
O002966,E002966,17,No
O002967,E002967,12,Yes
O002968,E002968,31,Yes
O002969,E002969,20,No
O002970,E002970,11,Yes
O002971,E002971,31,No
O002972,E002972,24,Yes
O002973,E002973,50,No
O002974,E002974,57,No
O002975,E002975,26,No
O002976,E002976,54,No
O002977,E002977,40,No
O002978,E002978,15,Yes
O002979,E002979,11,No
O002980,E002980,28,No
O002981,E002981,41,Yes
O002982,E002982,35,Yes
O002983,E002983,43,No
O002984,E002984,41,No
O002985,E002985,38,Yes
O002986,E002986,12,No
O002987,E002987,56,No
O002988,E002988,55,No
O002989,E002989,33,No
O002990,E002990,54,No
O002991,E002991,16,No
O002992,E002992,13,No
O002993,E002993,51,No
O002994,E002994,21,No
O002995,E002995,48,No
O002996,E002996,18,Yes
O002997,E002997,14,No
O002998,E002998,19,No
O002999,E002999,8,Yes
O003000,E003000,30,Yes
O003001,E003001,54,No
O003002,E003002,12,No
O003003,E003003,11,Yes
O003004,E003004,5,Yes
O003005,E003005,48,No
O003006,E003006,28,No
O003007,E003007,51,No
O003008,E003008,38,Yes
O003009,E003009,9,No
O003010,E003010,34,No
O003011,E003011,5,No
O003012,E003012,11,Yes
O003013,E003013,24,No
O003014,E003014,22,No
O003015,E003015,53,No
O003016,E003016,16,Yes
O003017,E003017,40,No
O003018,E003018,2,No
O003019,E003019,21,No
O003020,E003020,1,No
O003021,E003021,26,No
O003022,E003022,9,Yes
O003023,E003023,40,No
O003024,E003024,52,No
O003025,E003025,49,No
O003026,E003026,45,No
O003027,E003027,45,No
O003028,E003028,50,No
O003029,E003029,20,No
O003030,E003030,7,No
O003031,E003031,31,No
O003032,E003032,39,No
O003033,E003033,9,No
O003034,E003034,13,No
O003035,E003035,5,No
O003036,E003036,27,No
O003037,E003037,19,No
O003038,E003038,42,No
O003039,E003039,42,No
O003040,E003040,15,No
O003041,E003041,19,No
O003042,E003042,29,No
O003043,E003043,52,No
O003044,E003044,28,No
O003045,E003045,14,No
O003046,E003046,50,No
O003047,E003047,50,Yes
O003048,E003048,14,No
O003049,E003049,15,No
O003050,E003050,19,No
O003051,E003051,16,No
O003052,E003052,35,No
O003053,E003053,36,No
O003054,E003054,33,Yes
O003055,E003055,39,No
O003056,E003056,37,No
O003057,E003057,49,No
O003058,E003058,53,No
O003059,E003059,20,No
O003060,E003060,24,No
O003061,E003061,39,No
O003062,E003062,25,No
O003063,E003063,34,No
O003064,E003064,10,No
O003065,E003065,60,Yes
O003066,E003066,24,No
O003067,E003067,56,No
O003068,E003068,60,No
O003069,E003069,17,No
O003070,E003070,42,No
O003071,E003071,42,No
O003072,E003072,54,Yes
O003073,E003073,41,Yes
O003074,E003074,47,No
O003075,E003075,14,No
O003076,E003076,16,No
O003077,E003077,26,No
O003078,E003078,41,No
O003079,E003079,31,Yes
O003080,E003080,1,No
O003081,E003081,52,No
O003082,E003082,7,No
O003083,E003083,31,No
O003084,E003084,27,No
O003085,E003085,4,No
O003086,E003086,56,No
O003087,E003087,25,No
O003088,E003088,41,No
O003089,E003089,30,Yes
O003090,E003090,2,No
O003091,E003091,47,No
O003092,E003092,18,No
O003093,E003093,39,Yes
O003094,E003094,52,No
O003095,E003095,56,No
O003096,E003096,44,No
O003097,E003097,24,No
O003098,E003098,59,Yes
O003099,E003099,29,No
O003100,E003100,59,Yes
O003101,E003101,41,Yes
O003102,E003102,16,No
O003103,E003103,31,Yes
O003104,E003104,28,Yes
O003105,E003105,44,No
O003106,E003106,43,No
O003107,E003107,35,No
O003108,E003108,50,No
O003109,E003109,16,No
O003110,E003110,23,Yes
O003111,E003111,14,No
O003112,E003112,51,No
O003113,E003113,33,No
O003114,E003114,42,Yes
O003115,E003115,55,No
O003116,E003116,58,No
O003117,E003117,10,No
O003118,E003118,11,No
O003119,E003119,5,No
O003120,E003120,21,No
O003121,E003121,28,No
O003122,E003122,54,No
O003123,E003123,4,Yes
O003124,E003124,8,Yes
O003125,E003125,40,No
O003126,E003126,52,No
O003127,E003127,30,No
O003128,E003128,33,No
O003129,E003129,45,No
O003130,E003130,40,Yes
O003131,E003131,54,No
O003132,E003132,52,Yes
O003133,E003133,43,Yes
O003134,E003134,32,No
O003135,E003135,35,No
O003136,E003136,33,No
O003137,E003137,37,Yes
O003138,E003138,18,Yes
O003139,E003139,42,No
O003140,E003140,37,No
O003141,E003141,18,No
O003142,E003142,29,No
O003143,E003143,59,No
O003144,E003144,56,Yes
O003145,E003145,9,No
O003146,E003146,3,No
O003147,E003147,52,No
O003148,E003148,32,No
O003149,E003149,12,No
O003150,E003150,46,No
O003151,E003151,31,No
O003152,E003152,33,No
O003153,E003153,1,No
O003154,E003154,32,No
O003155,E003155,33,No
O003156,E003156,47,Yes
O003157,E003157,24,No
O003158,E003158,59,No
O003159,E003159,1,No
O003160,E003160,35,Yes
O003161,E003161,30,Yes
O003162,E003162,22,Yes
O003163,E003163,12,No
O003164,E003164,34,No
O003165,E003165,10,No
O003166,E003166,27,No
O003167,E003167,4,Yes
O003168,E003168,38,No
O003169,E003169,40,No
O003170,E003170,14,No
O003171,E003171,30,Yes
O003172,E003172,45,No
O003173,E003173,4,No
O003174,E003174,47,Yes
O003175,E003175,52,Yes
O003176,E003176,1,No
O003177,E003177,45,Yes
O003178,E003178,30,No
O003179,E003179,58,No
O003180,E003180,58,Yes
O003181,E003181,29,No
O003182,E003182,54,No
O003183,E003183,59,Yes
O003184,E003184,50,Yes
O003185,E003185,4,Yes
O003186,E003186,14,No
O003187,E003187,46,No
O003188,E003188,5,No
O003189,E003189,34,No
O003190,E003190,14,No
O003191,E003191,16,Yes
O003192,E003192,48,No
O003193,E003193,7,Yes
O003194,E003194,9,Yes
O003195,E003195,9,No
O003196,E003196,39,Yes
O003197,E003197,22,No
O003198,E003198,44,No
O003199,E003199,3,No
O003200,E003200,16,No
O003201,E003201,9,Yes
O003202,E003202,56,No
O003203,E003203,14,No
O003204,E003204,54,No
O003205,E003205,43,Yes
O003206,E003206,35,No
O003207,E003207,33,Yes
O003208,E003208,26,Yes
O003209,E003209,6,No
O003210,E003210,19,No
O003211,E003211,18,No
O003212,E003212,5,No
O003213,E003213,21,No
O003214,E003214,35,No
O003215,E003215,40,No
O003216,E003216,57,No
O003217,E003217,52,Yes
O003218,E003218,41,Yes
O003219,E003219,18,No
O003220,E003220,58,No
O003221,E003221,20,No
O003222,E003222,35,No
O003223,E003223,39,Yes
O003224,E003224,53,No
O003225,E003225,51,Yes
O003226,E003226,40,No
O003227,E003227,52,No
O003228,E003228,3,No
O003229,E003229,7,No
O003230,E003230,9,Yes
O003231,E003231,25,No
O003232,E003232,20,Yes
O003233,E003233,9,Yes
O003234,E003234,9,No
O003235,E003235,15,No
O003236,E003236,30,Yes
O003237,E003237,16,No
O003238,E003238,53,Yes
O003239,E003239,36,No
O003240,E003240,23,Yes
O003241,E003241,18,Yes
O003242,E003242,19,No
O003243,E003243,30,No
O003244,E003244,15,No
O003245,E003245,50,No
O003246,E003246,42,Yes
O003247,E003247,31,No
O003248,E003248,13,No
O003249,E003249,5,No
O003250,E003250,25,No
O003251,E003251,58,No
O003252,E003252,20,No
O003253,E003253,32,No
O003254,E003254,27,No
O003255,E003255,17,No
O003256,E003256,44,No
O003257,E003257,49,Yes
O003258,E003258,23,No
O003259,E003259,4,No
O003260,E003260,17,No
O003261,E003261,3,No
O003262,E003262,4,No
O003263,E003263,49,No
O003264,E003264,43,No
O003265,E003265,15,Yes
O003266,E003266,55,No
O003267,E003267,46,No
O003268,E003268,59,No
O003269,E003269,43,No
O003270,E003270,48,No
O003271,E003271,57,Yes
O003272,E003272,36,No
O003273,E003273,5,No
O003274,E003274,45,No
O003275,E003275,56,Yes
O003276,E003276,12,No
O003277,E003277,51,No
O003278,E003278,1,Yes
O003279,E003279,50,No
O003280,E003280,56,No
O003281,E003281,34,Yes
O003282,E003282,11,No
O003283,E003283,44,No
O003284,E003284,24,No
O003285,E003285,57,No
O003286,E003286,28,No
O003287,E003287,43,Yes
O003288,E003288,31,No
O003289,E003289,33,No
O003290,E003290,32,No
O003291,E003291,6,Yes
O003292,E003292,37,Yes
O003293,E003293,52,No
O003294,E003294,28,No
O003295,E003295,35,No
O003296,E003296,12,No
O003297,E003297,40,No
O003298,E003298,35,No
O003299,E003299,38,Yes
O003300,E003300,46,No
O003301,E003301,46,No
O003302,E003302,32,Yes
O003303,E003303,23,No
O003304,E003304,45,Yes
O003305,E003305,8,Yes
O003306,E003306,43,No
O003307,E003307,59,No
O003308,E003308,49,No
O003309,E003309,39,Yes
O003310,E003310,14,No
O003311,E003311,40,No
O003312,E003312,54,No
O003313,E003313,44,Yes
O003314,E003314,8,No
O003315,E003315,3,No
O003316,E003316,35,No
O003317,E003317,41,No
O003318,E003318,25,No
O003319,E003319,14,Yes
O003320,E003320,28,No
O003321,E003321,17,No
O003322,E003322,12,No
O003323,E003323,22,No
O003324,E003324,12,No
O003325,E003325,50,Yes
O003326,E003326,10,No
O003327,E003327,3,No
O003328,E003328,28,No
O003329,E003329,31,No
O003330,E003330,12,No
O003331,E003331,2,No
O003332,E003332,14,No
O003333,E003333,41,Yes
O003334,E003334,33,No
O003335,E003335,41,No
O003336,E003336,16,No
O003337,E003337,44,No
O003338,E003338,10,No
O003339,E003339,46,Yes
O003340,E003340,55,No
O003341,E003341,55,No
O003342,E003342,7,No
O003343,E003343,45,No
O003344,E003344,58,No
O003345,E003345,51,No
O003346,E003346,17,No
O003347,E003347,25,Yes
O003348,E003348,30,No
O003349,E003349,44,No
O003350,E003350,3,No
O003351,E003351,2,No
O003352,E003352,44,No
O003353,E003353,25,No
O003354,E003354,53,No
O003355,E003355,54,Yes
O003356,E003356,41,No
O003357,E003357,49,No
O003358,E003358,24,Yes
O003359,E003359,35,Yes
O003360,E003360,35,No
O003361,E003361,52,No
O003362,E003362,51,No
O003363,E003363,49,Yes
O003364,E003364,7,No
O003365,E003365,2,Yes
O003366,E003366,49,No
O003367,E003367,42,No
O003368,E003368,22,No
O003369,E003369,54,No
O003370,E003370,22,No
O003371,E003371,27,Yes
O003372,E003372,45,No
O003373,E003373,45,No
O003374,E003374,11,No
O003375,E003375,13,No
O003376,E003376,18,No
O003377,E003377,5,Yes
O003378,E003378,26,No
O003379,E003379,35,No
O003380,E003380,27,No
O003381,E003381,7,No
O003382,E003382,7,No
O003383,E003383,9,No
O003384,E003384,20,Yes
O003385,E003385,53,No
O003386,E003386,11,Yes
O003387,E003387,11,No
O003388,E003388,27,Yes
O003389,E003389,60,No
O003390,E003390,52,No
O003391,E003391,17,No
O003392,E003392,36,Yes
O003393,E003393,3,No
O003394,E003394,45,No
O003395,E003395,52,No
O003396,E003396,3,No
O003397,E003397,53,No
O003398,E003398,47,No
O003399,E003399,12,No
O003400,E003400,20,Yes
O003401,E003401,26,No
O003402,E003402,30,No
O003403,E003403,60,No
O003404,E003404,44,No
O003405,E003405,57,Yes
O003406,E003406,14,Yes
O003407,E003407,59,No
O003408,E003408,10,No
O003409,E003409,52,Yes
O003410,E003410,35,No
O003411,E003411,60,No
O003412,E003412,9,Yes
O003413,E003413,57,Yes
O003414,E003414,11,No
O003415,E003415,7,No
O003416,E003416,53,No
O003417,E003417,8,No
O003418,E003418,23,No
O003419,E003419,7,No
O003420,E003420,28,No
O003421,E003421,29,No
O003422,E003422,55,No
O003423,E003423,51,No
O003424,E003424,34,No
O003425,E003425,10,No
O003426,E003426,12,No
O003427,E003427,60,No
O003428,E003428,18,No
O003429,E003429,49,No
O003430,E003430,46,No
O003431,E003431,60,No
O003432,E003432,19,No
O003433,E003433,52,Yes
O003434,E003434,47,No
O003435,E003435,59,Yes
O003436,E003436,26,No
O003437,E003437,47,No
O003438,E003438,36,No
O003439,E003439,57,Yes
O003440,E003440,59,No
O003441,E003441,7,Yes
O003442,E003442,57,No
O003443,E003443,32,No
O003444,E003444,23,Yes
O003445,E003445,59,No
O003446,E003446,7,No
O003447,E003447,16,No
O003448,E003448,55,No
O003449,E003449,5,Yes
O003450,E003450,46,No
O003451,E003451,41,No
O003452,E003452,54,No
O003453,E003453,17,No
O003454,E003454,6,No
O003455,E003455,25,No
O003456,E003456,55,Yes
O003457,E003457,32,No
O003458,E003458,1,No
O003459,E003459,57,No
O003460,E003460,50,No
O003461,E003461,60,No
O003462,E003462,7,Yes
O003463,E003463,7,Yes
O003464,E003464,16,Yes
O003465,E003465,49,No
O003466,E003466,6,No
O003467,E003467,31,No
O003468,E003468,37,No
O003469,E003469,35,No
O003470,E003470,14,No
O003471,E003471,34,No
O003472,E003472,48,No
O003473,E003473,15,Yes
O003474,E003474,54,No
O003475,E003475,60,No
O003476,E003476,42,No
O003477,E003477,38,Yes
O003478,E003478,18,No
O003479,E003479,38,No
O003480,E003480,31,Yes
O003481,E003481,38,No
O003482,E003482,37,No
O003483,E003483,4,No
O003484,E003484,29,No
O003485,E003485,13,No
O003486,E003486,52,No
O003487,E003487,10,Yes
O003488,E003488,55,No
O003489,E003489,40,No
O003490,E003490,58,No
O003491,E003491,34,No
O003492,E003492,48,No
O003493,E003493,37,No
O003494,E003494,60,Yes
O003495,E003495,56,Yes
O003496,E003496,34,No
O003497,E003497,43,Yes
O003498,E003498,13,No
O003499,E003499,32,No
O003500,E003500,48,No
O003501,E003501,9,No
O003502,E003502,34,No
O003503,E003503,45,No
O003504,E003504,52,No
O003505,E003505,32,No
O003506,E003506,20,No
O003507,E003507,1,No
O003508,E003508,42,No
O003509,E003509,48,No
O003510,E003510,17,Yes
O003511,E003511,36,No
O003512,E003512,58,No
O003513,E003513,51,No
O003514,E003514,56,No
O003515,E003515,11,No
O003516,E003516,43,No
O003517,E003517,9,No
O003518,E003518,2,Yes
O003519,E003519,27,Yes
O003520,E003520,54,No
O003521,E003521,56,No
O003522,E003522,6,No
O003523,E003523,1,No
O003524,E003524,39,Yes
O003525,E003525,18,No
O003526,E003526,60,No
O003527,E003527,38,Yes
O003528,E003528,51,No
O003529,E003529,19,No
O003530,E003530,1,No
O003531,E003531,56,No
O003532,E003532,46,No
O003533,E003533,32,No
O003534,E003534,55,No
O003535,E003535,1,No
O003536,E003536,59,No
O003537,E003537,14,Yes
O003538,E003538,60,Yes
O003539,E003539,17,No
O003540,E003540,9,Yes
O003541,E003541,43,Yes
O003542,E003542,39,No
O003543,E003543,9,No
O003544,E003544,11,No
O003545,E003545,11,No
O003546,E003546,26,No
O003547,E003547,9,No
O003548,E003548,35,No
O003549,E003549,9,No
O003550,E003550,8,Yes
O003551,E003551,54,Yes
O003552,E003552,5,No
O003553,E003553,5,No
O003554,E003554,15,No
O003555,E003555,37,No
O003556,E003556,26,No
O003557,E003557,34,No
O003558,E003558,13,No
O003559,E003559,28,No
O003560,E003560,14,Yes
O003561,E003561,1,No
O003562,E003562,18,No
O003563,E003563,3,Yes
O003564,E003564,14,No
O003565,E003565,57,No
O003566,E003566,27,No
O003567,E003567,7,No
O003568,E003568,52,No
O003569,E003569,16,No
O003570,E003570,42,No
O003571,E003571,43,No
O003572,E003572,32,No
O003573,E003573,5,No
O003574,E003574,2,Yes
O003575,E003575,3,No
O003576,E003576,7,No
O003577,E003577,2,No
O003578,E003578,35,No
O003579,E003579,13,Yes
O003580,E003580,6,No
O003581,E003581,5,No
O003582,E003582,43,No
O003583,E003583,11,Yes
O003584,E003584,18,Yes
O003585,E003585,19,No
O003586,E003586,47,No
O003587,E003587,5,No
O003588,E003588,8,No
O003589,E003589,27,Yes
O003590,E003590,50,No
O003591,E003591,42,No
O003592,E003592,14,Yes
O003593,E003593,3,No
O003594,E003594,4,No
O003595,E003595,33,No
O003596,E003596,40,No
O003597,E003597,37,No
O003598,E003598,34,No
O003599,E003599,26,No
O003600,E003600,12,No
O003601,E003601,52,No
O003602,E003602,10,No
O003603,E003603,43,No
O003604,E003604,27,Yes
O003605,E003605,37,No
O003606,E003606,1,No
O003607,E003607,20,Yes
O003608,E003608,18,No
O003609,E003609,47,No
O003610,E003610,6,No
O003611,E003611,7,No
O003612,E003612,56,Yes
O003613,E003613,6,No
O003614,E003614,29,No
O003615,E003615,5,No
O003616,E003616,41,Yes
O003617,E003617,44,Yes
O003618,E003618,47,Yes
O003619,E003619,51,No
O003620,E003620,48,No
O003621,E003621,3,Yes
O003622,E003622,20,No
O003623,E003623,5,No
O003624,E003624,53,No
O003625,E003625,53,No
O003626,E003626,58,Yes
O003627,E003627,8,No
O003628,E003628,59,No
O003629,E003629,58,No
O003630,E003630,1,No
O003631,E003631,38,No
O003632,E003632,35,No
O003633,E003633,4,Yes
O003634,E003634,5,No
O003635,E003635,9,No
O003636,E003636,8,Yes
O003637,E003637,36,No
O003638,E003638,47,No
O003639,E003639,24,No
O003640,E003640,23,Yes
O003641,E003641,10,Yes
O003642,E003642,18,No
O003643,E003643,53,Yes
O003644,E003644,40,No
O003645,E003645,52,Yes
O003646,E003646,11,No
O003647,E003647,21,No
O003648,E003648,11,No
O003649,E003649,30,No
O003650,E003650,30,No
O003651,E003651,49,Yes
O003652,E003652,40,Yes
O003653,E003653,37,No
O003654,E003654,20,No
O003655,E003655,19,No
O003656,E003656,8,No
O003657,E003657,37,No
O003658,E003658,43,No
O003659,E003659,55,Yes
O003660,E003660,9,No
O003661,E003661,25,No
O003662,E003662,41,Yes
O003663,E003663,4,No
O003664,E003664,41,No
O003665,E003665,23,No
O003666,E003666,25,Yes
O003667,E003667,14,No
O003668,E003668,15,Yes
O003669,E003669,39,No
O003670,E003670,21,Yes
O003671,E003671,30,No
O003672,E003672,26,Yes
O003673,E003673,53,No
O003674,E003674,48,No
O003675,E003675,23,No
O003676,E003676,48,No
O003677,E003677,36,Yes
O003678,E003678,28,No
O003679,E003679,38,Yes
O003680,E003680,24,No
O003681,E003681,49,Yes
O003682,E003682,12,Yes
O003683,E003683,47,No
O003684,E003684,35,No
O003685,E003685,51,No
O003686,E003686,11,No
O003687,E003687,5,No
O003688,E003688,2,No
O003689,E003689,47,No
O003690,E003690,42,No
O003691,E003691,46,No
O003692,E003692,34,No
O003693,E003693,21,No
O003694,E003694,13,Yes
O003695,E003695,19,Yes
O003696,E003696,33,No
O003697,E003697,6,No
O003698,E003698,45,No
O003699,E003699,36,No
O003700,E003700,46,Yes
O003701,E003701,23,No
O003702,E003702,23,No
O003703,E003703,41,Yes
O003704,E003704,44,No
O003705,E003705,4,No
O003706,E003706,60,Yes
O003707,E003707,2,Yes
O003708,E003708,41,Yes
O003709,E003709,45,No
O003710,E003710,26,No
O003711,E003711,53,No
O003712,E003712,29,Yes
O003713,E003713,25,Yes
O003714,E003714,55,No
O003715,E003715,6,No
O003716,E003716,2,No
O003717,E003717,35,No
O003718,E003718,12,No
O003719,E003719,27,No
O003720,E003720,20,No
O003721,E003721,48,No
O003722,E003722,52,No
O003723,E003723,39,No
O003724,E003724,43,Yes
O003725,E003725,24,Yes
O003726,E003726,7,No
O003727,E003727,54,No
O003728,E003728,26,No
O003729,E003729,12,No
O003730,E003730,54,No
O003731,E003731,50,No
O003732,E003732,24,Yes
O003733,E003733,33,No
O003734,E003734,10,Yes
O003735,E003735,32,No
O003736,E003736,40,Yes
O003737,E003737,24,No
O003738,E003738,25,Yes
O003739,E003739,60,No
O003740,E003740,48,Yes
O003741,E003741,21,No
O003742,E003742,21,No
O003743,E003743,46,Yes
O003744,E003744,22,No
O003745,E003745,41,No
O003746,E003746,56,Yes
O003747,E003747,2,No
O003748,E003748,44,No
O003749,E003749,37,No
O003750,E003750,28,No
O003751,E003751,36,No
O003752,E003752,52,No
O003753,E003753,1,No
O003754,E003754,26,No
O003755,E003755,7,No
O003756,E003756,5,Yes
O003757,E003757,26,No
O003758,E003758,13,No
O003759,E003759,41,No
O003760,E003760,27,No
O003761,E003761,17,Yes
O003762,E003762,10,Yes
O003763,E003763,13,No
O003764,E003764,58,No
O003765,E003765,23,No
O003766,E003766,22,No
O003767,E003767,34,No
O003768,E003768,9,No
O003769,E003769,10,Yes
O003770,E003770,56,No
O003771,E003771,57,No
O003772,E003772,18,No
O003773,E003773,35,No
O003774,E003774,54,Yes
O003775,E003775,54,No
O003776,E003776,36,No
O003777,E003777,11,No
O003778,E003778,5,No
O003779,E003779,47,No
O003780,E003780,41,No
O003781,E003781,60,No
O003782,E003782,10,No
O003783,E003783,14,No
O003784,E003784,17,No
O003785,E003785,37,Yes
O003786,E003786,51,Yes
O003787,E003787,22,Yes
O003788,E003788,2,No
O003789,E003789,21,No
O003790,E003790,47,No
O003791,E003791,57,No
O003792,E003792,21,No
O003793,E003793,20,Yes
O003794,E003794,20,No
O003795,E003795,26,No
O003796,E003796,45,Yes
O003797,E003797,42,No
O003798,E003798,25,No
O003799,E003799,9,No
O003800,E003800,41,Yes
O003801,E003801,38,No
O003802,E003802,15,No
O003803,E003803,47,No
O003804,E003804,13,No
O003805,E003805,33,No
O003806,E003806,52,No
O003807,E003807,10,No
O003808,E003808,2,No
O003809,E003809,10,Yes
O003810,E003810,26,No
O003811,E003811,39,No
O003812,E003812,40,Yes
O003813,E003813,12,No
O003814,E003814,29,Yes
O003815,E003815,48,No
O003816,E003816,13,No
O003817,E003817,24,No
O003818,E003818,57,No
O003819,E003819,41,No
O003820,E003820,31,No
O003821,E003821,20,Yes
O003822,E003822,11,Yes
O003823,E003823,29,No
O003824,E003824,41,Yes
O003825,E003825,16,No
O003826,E003826,36,No
O003827,E003827,22,Yes
O003828,E003828,46,No
O003829,E003829,8,No
O003830,E003830,20,Yes
O003831,E003831,39,Yes
O003832,E003832,21,No
O003833,E003833,56,No
O003834,E003834,44,No
O003835,E003835,39,No
O003836,E003836,42,No
O003837,E003837,30,No
O003838,E003838,11,Yes
O003839,E003839,24,No
O003840,E003840,56,No
O003841,E003841,24,Yes
O003842,E003842,39,No
O003843,E003843,43,No
O003844,E003844,20,No
O003845,E003845,14,No
O003846,E003846,23,No
O003847,E003847,29,No
O003848,E003848,15,Yes
O003849,E003849,20,Yes
O003850,E003850,26,No
O003851,E003851,12,Yes
O003852,E003852,52,No
O003853,E003853,55,No
O003854,E003854,23,Yes
O003855,E003855,19,No
O003856,E003856,33,No
O003857,E003857,25,No
O003858,E003858,17,No
O003859,E003859,32,Yes
O003860,E003860,22,Yes
O003861,E003861,34,No
O003862,E003862,38,No
O003863,E003863,12,Yes
O003864,E003864,1,Yes
O003865,E003865,15,No
O003866,E003866,18,No
O003867,E003867,45,No
O003868,E003868,58,No
O003869,E003869,37,No
O003870,E003870,1,No
O003871,E003871,2,No
O003872,E003872,36,No
O003873,E003873,16,No
O003874,E003874,42,Yes
O003875,E003875,55,No
O003876,E003876,25,No
O003877,E003877,43,No
O003878,E003878,20,No
O003879,E003879,46,Yes
O003880,E003880,49,No
O003881,E003881,18,No
O003882,E003882,33,Yes
O003883,E003883,26,Yes
O003884,E003884,58,Yes
O003885,E003885,60,Yes
O003886,E003886,15,No
O003887,E003887,39,No
O003888,E003888,42,No
O003889,E003889,27,No
O003890,E003890,1,No
O003891,E003891,41,No
O003892,E003892,23,No
O003893,E003893,58,No
O003894,E003894,26,No
O003895,E003895,36,No
O003896,E003896,52,No
O003897,E003897,2,No
O003898,E003898,40,No
O003899,E003899,45,No
O003900,E003900,22,No
O003901,E003901,50,No
O003902,E003902,22,No
O003903,E003903,38,No
O003904,E003904,47,Yes
O003905,E003905,24,No
O003906,E003906,27,No
O003907,E003907,57,No
O003908,E003908,8,Yes
O003909,E003909,13,No
O003910,E003910,37,Yes
O003911,E003911,13,Yes
O003912,E003912,9,Yes
O003913,E003913,36,Yes
O003914,E003914,29,No
O003915,E003915,22,Yes
O003916,E003916,51,No
O003917,E003917,10,No
O003918,E003918,41,No
O003919,E003919,41,No
O003920,E003920,47,No
O003921,E003921,38,No
O003922,E003922,59,No
O003923,E003923,39,No
O003924,E003924,13,No
O003925,E003925,56,No
O003926,E003926,36,Yes
O003927,E003927,33,No
O003928,E003928,41,Yes
O003929,E003929,35,No
O003930,E003930,21,Yes
O003931,E003931,3,No
O003932,E003932,4,No
O003933,E003933,41,Yes
O003934,E003934,10,No
O003935,E003935,50,Yes
O003936,E003936,18,No
O003937,E003937,3,No
O003938,E003938,52,No
O003939,E003939,2,Yes
O003940,E003940,25,No
O003941,E003941,5,No
O003942,E003942,51,No
O003943,E003943,36,No
O003944,E003944,60,No
O003945,E003945,50,No
O003946,E003946,58,No
O003947,E003947,17,No
O003948,E003948,60,Yes
O003949,E003949,21,No
O003950,E003950,12,No
O003951,E003951,54,No
O003952,E003952,31,No
O003953,E003953,59,No
O003954,E003954,11,No
O003955,E003955,60,Yes
O003956,E003956,18,No
O003957,E003957,10,No
O003958,E003958,34,No
O003959,E003959,38,No
O003960,E003960,42,Yes
O003961,E003961,10,No
O003962,E003962,6,No
O003963,E003963,17,No
O003964,E003964,7,No
O003965,E003965,13,No
O003966,E003966,44,Yes
O003967,E003967,27,No
O003968,E003968,3,No
O003969,E003969,46,No
O003970,E003970,5,No
O003971,E003971,8,No
O003972,E003972,54,No
O003973,E003973,56,Yes
O003974,E003974,28,Yes
O003975,E003975,49,No
O003976,E003976,11,No
O003977,E003977,56,No
O003978,E003978,3,No
O003979,E003979,24,No
O003980,E003980,9,No
O003981,E003981,15,No
O003982,E003982,29,No
O003983,E003983,51,No
O003984,E003984,20,No
O003985,E003985,52,No
O003986,E003986,59,No
O003987,E003987,34,No
O003988,E003988,57,No
O003989,E003989,12,No
O003990,E003990,41,No
O003991,E003991,59,No
O003992,E003992,27,No
O003993,E003993,42,No
O003994,E003994,55,No
O003995,E003995,46,No
O003996,E003996,59,No
O003997,E003997,55,No
O003998,E003998,58,Yes
O003999,E003999,24,No
O004000,E004000,51,Yes
O004001,E004001,50,No
O004002,E004002,14,No
O004003,E004003,36,No
O004004,E004004,1,Yes
O004005,E004005,7,No
O004006,E004006,8,No
O004007,E004007,29,No
O004008,E004008,22,No
O004009,E004009,45,No
O004010,E004010,60,No
O004011,E004011,12,No
O004012,E004012,27,No
O004013,E004013,29,Yes
O004014,E004014,58,Yes
O004015,E004015,49,No
O004016,E004016,7,Yes
O004017,E004017,26,Yes
O004018,E004018,30,Yes
O004019,E004019,18,Yes
O004020,E004020,51,No
O004021,E004021,11,No
O004022,E004022,53,No
O004023,E004023,38,No
O004024,E004024,10,No
O004025,E004025,58,No
O004026,E004026,27,No
O004027,E004027,32,No
O004028,E004028,22,No
O004029,E004029,13,No
O004030,E004030,55,No
O004031,E004031,38,No
O004032,E004032,45,No
O004033,E004033,56,Yes
O004034,E004034,41,No
O004035,E004035,14,No
O004036,E004036,12,No
O004037,E004037,55,No
O004038,E004038,27,No
O004039,E004039,23,No
O004040,E004040,51,No
O004041,E004041,2,No
O004042,E004042,60,No
O004043,E004043,39,No
O004044,E004044,16,No
O004045,E004045,58,No
O004046,E004046,23,No
O004047,E004047,27,No
O004048,E004048,52,No
O004049,E004049,7,No
O004050,E004050,16,Yes
O004051,E004051,39,No
O004052,E004052,11,Yes
O004053,E004053,14,No
O004054,E004054,7,No
O004055,E004055,25,Yes
O004056,E004056,11,Yes
O004057,E004057,45,Yes
O004058,E004058,33,No
O004059,E004059,32,No
O004060,E004060,41,Yes
O004061,E004061,52,Yes
O004062,E004062,20,No
O004063,E004063,4,No
O004064,E004064,37,No
O004065,E004065,60,No
O004066,E004066,33,No
O004067,E004067,52,No
O004068,E004068,44,No
O004069,E004069,22,No
O004070,E004070,36,No
O004071,E004071,53,No
O004072,E004072,1,No
O004073,E004073,42,No
O004074,E004074,57,No
O004075,E004075,7,No
O004076,E004076,8,Yes
O004077,E004077,8,No
O004078,E004078,26,No
O004079,E004079,24,Yes
O004080,E004080,27,No
O004081,E004081,20,No
O004082,E004082,40,No
O004083,E004083,57,No
O004084,E004084,3,No
O004085,E004085,60,No
O004086,E004086,7,No
O004087,E004087,11,No
O004088,E004088,31,No
O004089,E004089,39,No
O004090,E004090,38,No
O004091,E004091,18,Yes
O004092,E004092,19,Yes
O004093,E004093,23,No
O004094,E004094,43,No
O004095,E004095,26,Yes
O004096,E004096,8,No
O004097,E004097,59,No
O004098,E004098,15,Yes
O004099,E004099,60,No
O004100,E004100,28,Yes
O004101,E004101,46,Yes
O004102,E004102,59,No
O004103,E004103,13,No
O004104,E004104,55,No
O004105,E004105,40,No
O004106,E004106,3,No
O004107,E004107,23,No
O004108,E004108,12,No
O004109,E004109,22,No
O004110,E004110,35,Yes
O004111,E004111,3,No
O004112,E004112,52,No
O004113,E004113,43,Yes
O004114,E004114,33,Yes
O004115,E004115,54,No
O004116,E004116,48,No
O004117,E004117,27,No
O004118,E004118,26,Yes
O004119,E004119,4,No
O004120,E004120,10,No
O004121,E004121,58,Yes
O004122,E004122,44,No
O004123,E004123,50,Yes
O004124,E004124,57,Yes
O004125,E004125,30,No
O004126,E004126,53,No
O004127,E004127,52,No
O004128,E004128,30,No
O004129,E004129,43,Yes
O004130,E004130,52,No
O004131,E004131,28,No
O004132,E004132,48,Yes
O004133,E004133,52,Yes
O004134,E004134,15,No
O004135,E004135,37,No
O004136,E004136,19,No
O004137,E004137,23,Yes
O004138,E004138,54,No
O004139,E004139,17,No
O004140,E004140,4,No
O004141,E004141,53,No
O004142,E004142,19,Yes
O004143,E004143,1,No
O004144,E004144,36,No
O004145,E004145,43,No
O004146,E004146,47,No
O004147,E004147,59,No
O004148,E004148,54,Yes
O004149,E004149,43,No
O004150,E004150,21,Yes
O004151,E004151,7,No
O004152,E004152,26,No
O004153,E004153,20,No
O004154,E004154,2,Yes
O004155,E004155,25,Yes
O004156,E004156,46,No
O004157,E004157,6,No
O004158,E004158,30,No
O004159,E004159,37,No
O004160,E004160,33,No
O004161,E004161,37,No
O004162,E004162,28,No
O004163,E004163,30,No
O004164,E004164,56,No
O004165,E004165,45,No
O004166,E004166,10,Yes
O004167,E004167,15,No
O004168,E004168,19,Yes
O004169,E004169,53,Yes
O004170,E004170,12,No
O004171,E004171,35,No
O004172,E004172,31,No
O004173,E004173,12,No
O004174,E004174,58,No
O004175,E004175,40,Yes
O004176,E004176,12,No
O004177,E004177,22,No
O004178,E004178,26,No
O004179,E004179,46,No
O004180,E004180,7,Yes
O004181,E004181,43,No
O004182,E004182,3,No
O004183,E004183,51,No
O004184,E004184,36,No
O004185,E004185,59,No
O004186,E004186,41,No
O004187,E004187,44,No
O004188,E004188,32,No
O004189,E004189,47,No
O004190,E004190,7,No
O004191,E004191,52,Yes
O004192,E004192,47,No
O004193,E004193,42,Yes
O004194,E004194,16,No
O004195,E004195,51,No
O004196,E004196,56,No
O004197,E004197,58,Yes
O004198,E004198,36,No
O004199,E004199,43,No
O004200,E004200,23,No
O004201,E004201,51,No
O004202,E004202,13,Yes
O004203,E004203,45,Yes
O004204,E004204,8,No
O004205,E004205,50,Yes
O004206,E004206,36,No
O004207,E004207,22,No
O004208,E004208,31,No
O004209,E004209,38,Yes
O004210,E004210,47,Yes
O004211,E004211,52,No
O004212,E004212,14,Yes
O004213,E004213,5,No
O004214,E004214,31,No
O004215,E004215,54,No
O004216,E004216,9,No
O004217,E004217,8,Yes
O004218,E004218,12,No
O004219,E004219,59,No
O004220,E004220,5,No
O004221,E004221,55,No
O004222,E004222,32,No
O004223,E004223,34,Yes
O004224,E004224,26,Yes
O004225,E004225,12,No
O004226,E004226,33,No
O004227,E004227,9,No
O004228,E004228,58,No
O004229,E004229,1,Yes
O004230,E004230,15,No
O004231,E004231,34,No
O004232,E004232,35,No
O004233,E004233,27,No
O004234,E004234,8,No
O004235,E004235,6,No
O004236,E004236,22,No
O004237,E004237,55,Yes
O004238,E004238,41,No
O004239,E004239,44,No
O004240,E004240,52,Yes
O004241,E004241,40,No
O004242,E004242,36,Yes
O004243,E004243,47,No
O004244,E004244,13,Yes
O004245,E004245,11,Yes
O004246,E004246,13,No
O004247,E004247,45,Yes
O004248,E004248,52,No
O004249,E004249,7,No
O004250,E004250,45,No
O004251,E004251,31,No
O004252,E004252,4,No
O004253,E004253,48,Yes
O004254,E004254,55,Yes
O004255,E004255,36,No
O004256,E004256,7,No
O004257,E004257,38,No
O004258,E004258,55,No
O004259,E004259,33,No
O004260,E004260,11,No
O004261,E004261,28,Yes
O004262,E004262,16,No
O004263,E004263,45,No
O004264,E004264,24,No
O004265,E004265,49,No
O004266,E004266,52,Yes
O004267,E004267,25,No
O004268,E004268,26,No
O004269,E004269,22,No
O004270,E004270,16,No
O004271,E004271,44,No
O004272,E004272,19,Yes
O004273,E004273,49,Yes
O004274,E004274,54,No
O004275,E004275,11,No
O004276,E004276,46,No
O004277,E004277,1,Yes
O004278,E004278,31,No
O004279,E004279,35,Yes
O004280,E004280,14,Yes
O004281,E004281,45,No
O004282,E004282,56,Yes
O004283,E004283,53,Yes
O004284,E004284,52,No
O004285,E004285,10,No
O004286,E004286,3,No
O004287,E004287,28,No
O004288,E004288,10,No
O004289,E004289,42,No
O004290,E004290,26,No
O004291,E004291,22,No
O004292,E004292,31,Yes
O004293,E004293,32,Yes
O004294,E004294,36,No
O004295,E004295,7,Yes
O004296,E004296,8,No
O004297,E004297,47,No
O004298,E004298,29,No
O004299,E004299,8,No
O004300,E004300,6,No
O004301,E004301,53,No
O004302,E004302,55,No
O004303,E004303,25,No
O004304,E004304,42,No
O004305,E004305,56,Yes
O004306,E004306,37,No
O004307,E004307,28,Yes
O004308,E004308,32,No
O004309,E004309,35,No
O004310,E004310,13,No
O004311,E004311,11,No
O004312,E004312,7,No
O004313,E004313,48,No
O004314,E004314,47,No
O004315,E004315,55,No
O004316,E004316,56,No
O004317,E004317,60,Yes
O004318,E004318,10,No
O004319,E004319,27,No
O004320,E004320,6,No
O004321,E004321,59,Yes
O004322,E004322,7,No
O004323,E004323,44,No
O004324,E004324,18,Yes
O004325,E004325,13,No
O004326,E004326,13,Yes
O004327,E004327,14,No
O004328,E004328,58,Yes
O004329,E004329,16,No
O004330,E004330,18,No
O004331,E004331,48,Yes
O004332,E004332,44,Yes
O004333,E004333,30,No
O004334,E004334,13,Yes
O004335,E004335,38,Yes
O004336,E004336,49,Yes
O004337,E004337,23,Yes
O004338,E004338,54,No
O004339,E004339,19,No
O004340,E004340,8,No
O004341,E004341,17,Yes
O004342,E004342,36,No
O004343,E004343,8,Yes
O004344,E004344,57,No
O004345,E004345,34,No
O004346,E004346,30,No
O004347,E004347,6,No
O004348,E004348,40,No
O004349,E004349,43,No
O004350,E004350,46,Yes
O004351,E004351,3,No
O004352,E004352,24,Yes
O004353,E004353,28,No
O004354,E004354,24,Yes
O004355,E004355,12,No
O004356,E004356,35,Yes
O004357,E004357,36,No
O004358,E004358,19,No
O004359,E004359,48,No
O004360,E004360,51,No
O004361,E004361,37,No
O004362,E004362,39,No
O004363,E004363,18,No
O004364,E004364,3,No
O004365,E004365,9,No
O004366,E004366,46,No
O004367,E004367,51,No
O004368,E004368,38,No
O004369,E004369,22,No
O004370,E004370,21,No
O004371,E004371,15,No
O004372,E004372,54,No
O004373,E004373,48,No
O004374,E004374,11,No
O004375,E004375,27,Yes
O004376,E004376,34,No
O004377,E004377,30,No
O004378,E004378,55,No
O004379,E004379,36,No
O004380,E004380,53,No
O004381,E004381,6,No
O004382,E004382,12,No
O004383,E004383,14,No
O004384,E004384,36,No
O004385,E004385,57,No
O004386,E004386,22,No
O004387,E004387,15,No
O004388,E004388,32,No
O004389,E004389,43,Yes
O004390,E004390,30,Yes
O004391,E004391,52,Yes
O004392,E004392,23,No
O004393,E004393,16,No
O004394,E004394,39,No
O004395,E004395,12,No
O004396,E004396,20,No
O004397,E004397,46,Yes
O004398,E004398,33,Yes
O004399,E004399,14,No
O004400,E004400,31,No
O004401,E004401,37,No
O004402,E004402,52,No
O004403,E004403,50,No
O004404,E004404,30,No
O004405,E004405,57,No
O004406,E004406,26,No
O004407,E004407,37,No
O004408,E004408,18,No
O004409,E004409,35,No
O004410,E004410,48,No
O004411,E004411,10,No
O004412,E004412,50,Yes
O004413,E004413,18,No
O004414,E004414,1,No
O004415,E004415,45,No
O004416,E004416,3,No
O004417,E004417,45,No
O004418,E004418,34,No
O004419,E004419,42,No
O004420,E004420,6,No
O004421,E004421,26,No
O004422,E004422,22,No
O004423,E004423,20,No
O004424,E004424,29,Yes
O004425,E004425,40,No
O004426,E004426,27,No
O004427,E004427,23,No
O004428,E004428,2,No
O004429,E004429,11,Yes
O004430,E004430,17,No
O004431,E004431,44,Yes
O004432,E004432,37,Yes
O004433,E004433,53,No
O004434,E004434,38,Yes
O004435,E004435,19,Yes
O004436,E004436,32,No
O004437,E004437,18,No
O004438,E004438,36,Yes
O004439,E004439,11,Yes
O004440,E004440,24,No
O004441,E004441,14,No
O004442,E004442,49,No
O004443,E004443,11,No
O004444,E004444,39,No
O004445,E004445,30,No
O004446,E004446,2,No
O004447,E004447,35,No
O004448,E004448,29,No
O004449,E004449,18,No
O004450,E004450,35,Yes
O004451,E004451,27,No
O004452,E004452,51,No
O004453,E004453,5,No
O004454,E004454,5,Yes
O004455,E004455,51,No
O004456,E004456,23,No
O004457,E004457,22,No
O004458,E004458,28,No
O004459,E004459,25,No
O004460,E004460,4,No
O004461,E004461,46,No
O004462,E004462,33,No
O004463,E004463,27,No
O004464,E004464,58,No
O004465,E004465,23,No
O004466,E004466,38,Yes
O004467,E004467,53,Yes
O004468,E004468,4,Yes
O004469,E004469,37,No
O004470,E004470,54,No
O004471,E004471,53,No
O004472,E004472,29,Yes
O004473,E004473,1,No
O004474,E004474,42,No
O004475,E004475,3,No
O004476,E004476,4,Yes
O004477,E004477,18,No
O004478,E004478,46,No
O004479,E004479,7,No
O004480,E004480,1,No
O004481,E004481,29,Yes
O004482,E004482,57,Yes
O004483,E004483,13,Yes
O004484,E004484,55,Yes
O004485,E004485,26,No
O004486,E004486,24,No
O004487,E004487,28,Yes
O004488,E004488,52,Yes
O004489,E004489,6,No
O004490,E004490,9,No
O004491,E004491,37,No
O004492,E004492,27,Yes
O004493,E004493,59,No
O004494,E004494,37,No
O004495,E004495,54,No
O004496,E004496,31,No
O004497,E004497,44,No
O004498,E004498,56,No
O004499,E004499,52,No
O004500,E004500,20,No
O004501,E004501,21,No
O004502,E004502,29,No
O004503,E004503,24,No
O004504,E004504,40,No
O004505,E004505,4,No
O004506,E004506,13,Yes
O004507,E004507,36,No
O004508,E004508,48,No
O004509,E004509,45,Yes
O004510,E004510,56,No
O004511,E004511,10,No
O004512,E004512,21,No
O004513,E004513,50,No
O004514,E004514,45,No
O004515,E004515,48,No
O004516,E004516,16,No
O004517,E004517,54,No
O004518,E004518,51,No
O004519,E004519,53,No
O004520,E004520,47,Yes
O004521,E004521,31,No
O004522,E004522,56,Yes
O004523,E004523,59,No
O004524,E004524,14,No
O004525,E004525,18,Yes
O004526,E004526,15,No
O004527,E004527,1,No
O004528,E004528,33,No
O004529,E004529,49,No
O004530,E004530,32,No
O004531,E004531,11,No
O004532,E004532,59,No
O004533,E004533,38,Yes
O004534,E004534,16,No
O004535,E004535,55,Yes
O004536,E004536,54,No
O004537,E004537,4,No
O004538,E004538,50,Yes
O004539,E004539,56,Yes
O004540,E004540,14,No
O004541,E004541,41,No
O004542,E004542,35,No
O004543,E004543,53,No
O004544,E004544,46,Yes
O004545,E004545,8,No
O004546,E004546,46,No
O004547,E004547,48,No
O004548,E004548,39,No
O004549,E004549,48,No
O004550,E004550,53,No
O004551,E004551,34,No
O004552,E004552,54,Yes
O004553,E004553,59,No
O004554,E004554,47,Yes
O004555,E004555,1,No
O004556,E004556,12,Yes
O004557,E004557,31,No
O004558,E004558,48,Yes
O004559,E004559,30,Yes
O004560,E004560,39,Yes
O004561,E004561,16,No
O004562,E004562,41,No
O004563,E004563,14,Yes
O004564,E004564,21,No
O004565,E004565,24,No
O004566,E004566,43,Yes
O004567,E004567,1,No
O004568,E004568,36,No
O004569,E004569,50,No
O004570,E004570,11,No
O004571,E004571,25,Yes
O004572,E004572,13,No
O004573,E004573,16,No
O004574,E004574,29,No
O004575,E004575,19,No
O004576,E004576,42,No
O004577,E004577,15,No
O004578,E004578,19,No
O004579,E004579,31,Yes
O004580,E004580,12,No
O004581,E004581,33,No
O004582,E004582,6,No
O004583,E004583,38,No
O004584,E004584,42,No
O004585,E004585,58,Yes
O004586,E004586,51,No
O004587,E004587,56,No
O004588,E004588,53,No
O004589,E004589,23,No
O004590,E004590,16,No
O004591,E004591,42,Yes
O004592,E004592,57,No
O004593,E004593,36,No
O004594,E004594,17,No
O004595,E004595,18,No
O004596,E004596,4,Yes
O004597,E004597,29,No
O004598,E004598,59,No
O004599,E004599,51,No
O004600,E004600,20,No
O004601,E004601,3,Yes
O004602,E004602,40,No
O004603,E004603,57,No
O004604,E004604,14,No
O004605,E004605,28,No
O004606,E004606,48,No
O004607,E004607,44,No
O004608,E004608,42,No
O004609,E004609,25,No
O004610,E004610,2,No
O004611,E004611,38,No
O004612,E004612,14,No
O004613,E004613,6,Yes
O004614,E004614,48,Yes
O004615,E004615,24,Yes
O004616,E004616,36,No
O004617,E004617,17,No
O004618,E004618,28,No
O004619,E004619,46,No
O004620,E004620,35,No
O004621,E004621,2,No
O004622,E004622,39,No
O004623,E004623,21,No
O004624,E004624,41,No
O004625,E004625,52,No
O004626,E004626,3,No
O004627,E004627,57,No
O004628,E004628,7,No
O004629,E004629,1,No
O004630,E004630,49,No
O004631,E004631,46,No
O004632,E004632,35,No
O004633,E004633,35,No
O004634,E004634,49,No
O004635,E004635,16,Yes
O004636,E004636,1,No
O004637,E004637,2,Yes
O004638,E004638,2,No
O004639,E004639,3,Yes
O004640,E004640,59,No
O004641,E004641,42,Yes
O004642,E004642,35,No
O004643,E004643,32,Yes
O004644,E004644,16,No
O004645,E004645,45,No
O004646,E004646,57,No
O004647,E004647,49,Yes
O004648,E004648,53,No
O004649,E004649,58,Yes
O004650,E004650,2,No
O004651,E004651,37,No
O004652,E004652,53,No
O004653,E004653,51,No
O004654,E004654,12,No
O004655,E004655,2,Yes
O004656,E004656,24,No
O004657,E004657,2,Yes
O004658,E004658,2,Yes
O004659,E004659,29,No
O004660,E004660,2,No
O004661,E004661,15,Yes
O004662,E004662,42,No
O004663,E004663,38,Yes
O004664,E004664,51,No
O004665,E004665,45,No
O004666,E004666,21,Yes
O004667,E004667,19,No
O004668,E004668,16,No
O004669,E004669,7,No
O004670,E004670,60,No
O004671,E004671,29,No
O004672,E004672,19,No
O004673,E004673,33,No
O004674,E004674,24,No
O004675,E004675,51,No
O004676,E004676,49,No
O004677,E004677,60,Yes
O004678,E004678,19,No
O004679,E004679,5,No
O004680,E004680,37,No
O004681,E004681,25,No
O004682,E004682,3,Yes
O004683,E004683,28,No
O004684,E004684,26,No
O004685,E004685,11,No
O004686,E004686,11,No
O004687,E004687,7,No
O004688,E004688,26,Yes
O004689,E004689,47,No
O004690,E004690,4,Yes
O004691,E004691,19,Yes
O004692,E004692,34,No
O004693,E004693,10,No
O004694,E004694,2,No
O004695,E004695,7,No
O004696,E004696,44,No
O004697,E004697,35,No
O004698,E004698,32,No
O004699,E004699,15,No
O004700,E004700,12,No
O004701,E004701,47,No
O004702,E004702,44,No
O004703,E004703,13,No
O004704,E004704,43,No
O004705,E004705,8,Yes
O004706,E004706,39,Yes
O004707,E004707,21,No
O004708,E004708,27,Yes
O004709,E004709,55,No
O004710,E004710,17,No
O004711,E004711,11,No
O004712,E004712,8,No
O004713,E004713,59,Yes
O004714,E004714,32,No
O004715,E004715,10,Yes
O004716,E004716,35,No
O004717,E004717,55,Yes
O004718,E004718,28,No
O004719,E004719,32,No
O004720,E004720,4,No
O004721,E004721,50,Yes
O004722,E004722,58,Yes
O004723,E004723,27,No
O004724,E004724,52,No
O004725,E004725,39,No
O004726,E004726,43,No
O004727,E004727,18,No
O004728,E004728,32,No
O004729,E004729,5,No
O004730,E004730,54,No
O004731,E004731,37,No
O004732,E004732,28,No
O004733,E004733,39,Yes
O004734,E004734,13,No
O004735,E004735,22,No
O004736,E004736,27,No
O004737,E004737,53,No
O004738,E004738,9,No
O004739,E004739,27,No
O004740,E004740,51,No
O004741,E004741,17,No
O004742,E004742,12,No
O004743,E004743,12,No
O004744,E004744,35,No
O004745,E004745,56,No
O004746,E004746,28,No
O004747,E004747,30,No
O004748,E004748,27,No
O004749,E004749,43,Yes
O004750,E004750,32,No
O004751,E004751,58,Yes
O004752,E004752,53,No
O004753,E004753,38,Yes
O004754,E004754,40,No
O004755,E004755,6,No
O004756,E004756,31,No
O004757,E004757,53,Yes
O004758,E004758,1,No
O004759,E004759,43,No
O004760,E004760,21,No
O004761,E004761,12,No
O004762,E004762,12,No
O004763,E004763,56,No
O004764,E004764,37,No
O004765,E004765,46,Yes
O004766,E004766,22,Yes
O004767,E004767,38,Yes
O004768,E004768,51,No
O004769,E004769,16,No
O004770,E004770,12,Yes
O004771,E004771,39,Yes
O004772,E004772,45,Yes
O004773,E004773,14,No
O004774,E004774,9,No
O004775,E004775,2,Yes
O004776,E004776,29,Yes
O004777,E004777,35,No
O004778,E004778,22,No
O004779,E004779,5,No
O004780,E004780,5,No
O004781,E004781,44,No
O004782,E004782,50,No
O004783,E004783,55,No
O004784,E004784,20,No
O004785,E004785,57,No
O004786,E004786,33,No
O004787,E004787,44,No
O004788,E004788,5,Yes
O004789,E004789,7,No
O004790,E004790,5,Yes
O004791,E004791,1,No
O004792,E004792,19,No
O004793,E004793,9,No
O004794,E004794,17,No
O004795,E004795,39,Yes
O004796,E004796,9,Yes
O004797,E004797,52,No
O004798,E004798,16,Yes
O004799,E004799,19,No
O004800,E004800,47,No
O004801,E004801,14,No
O004802,E004802,36,No
O004803,E004803,36,Yes
O004804,E004804,44,No
O004805,E004805,57,No
O004806,E004806,3,Yes
O004807,E004807,26,Yes
O004808,E004808,47,No
O004809,E004809,11,No
O004810,E004810,43,No
O004811,E004811,28,Yes
O004812,E004812,40,No
O004813,E004813,43,Yes
O004814,E004814,55,Yes
O004815,E004815,11,No
O004816,E004816,12,No
O004817,E004817,42,No
O004818,E004818,27,No
O004819,E004819,12,No
O004820,E004820,33,No
O004821,E004821,5,No
O004822,E004822,21,No
O004823,E004823,30,No
O004824,E004824,33,No
O004825,E004825,10,Yes
O004826,E004826,1,No
O004827,E004827,29,No
O004828,E004828,7,No
O004829,E004829,51,Yes
O004830,E004830,33,No
O004831,E004831,1,No
O004832,E004832,31,No
O004833,E004833,48,No
O004834,E004834,33,Yes
O004835,E004835,3,No
O004836,E004836,31,Yes
O004837,E004837,2,Yes
O004838,E004838,18,No
O004839,E004839,40,Yes
O004840,E004840,18,No
O004841,E004841,24,No
O004842,E004842,32,No
O004843,E004843,24,No
O004844,E004844,9,Yes
O004845,E004845,12,No
O004846,E004846,27,No
O004847,E004847,59,Yes
O004848,E004848,39,No
O004849,E004849,5,No
O004850,E004850,35,No
O004851,E004851,26,No
O004852,E004852,10,No
O004853,E004853,10,Yes
O004854,E004854,60,No
O004855,E004855,52,No
O004856,E004856,3,No
O004857,E004857,13,No
O004858,E004858,22,Yes
O004859,E004859,21,No
O004860,E004860,34,No
O004861,E004861,54,No
O004862,E004862,53,No
O004863,E004863,26,No
O004864,E004864,10,No
O004865,E004865,44,No
O004866,E004866,20,No
O004867,E004867,55,No
O004868,E004868,57,No
O004869,E004869,17,No
O004870,E004870,24,No
O004871,E004871,33,Yes
O004872,E004872,43,No
O004873,E004873,16,No
O004874,E004874,47,No
O004875,E004875,37,Yes
O004876,E004876,49,Yes
O004877,E004877,34,No
O004878,E004878,43,No
O004879,E004879,8,No
O004880,E004880,15,No
O004881,E004881,13,No
O004882,E004882,25,No
O004883,E004883,45,No
O004884,E004884,49,No
O004885,E004885,42,No
O004886,E004886,28,No
O004887,E004887,39,Yes
O004888,E004888,52,No
O004889,E004889,36,No
O004890,E004890,38,No
O004891,E004891,10,Yes
O004892,E004892,16,Yes
O004893,E004893,52,Yes
O004894,E004894,13,No
O004895,E004895,30,No
O004896,E004896,59,No
O004897,E004897,13,No
O004898,E004898,25,Yes
O004899,E004899,41,No
O004900,E004900,55,No
O004901,E004901,17,Yes
O004902,E004902,6,No
O004903,E004903,21,No
O004904,E004904,21,No
O004905,E004905,28,No
O004906,E004906,12,No
O004907,E004907,8,No
O004908,E004908,37,No
O004909,E004909,19,No
O004910,E004910,47,No
O004911,E004911,18,No
O004912,E004912,20,Yes
O004913,E004913,12,Yes
O004914,E004914,5,No
O004915,E004915,23,Yes
O004916,E004916,43,No
O004917,E004917,20,No
O004918,E004918,9,Yes
O004919,E004919,23,No
O004920,E004920,38,No
O004921,E004921,9,No
O004922,E004922,40,Yes
O004923,E004923,52,No
O004924,E004924,29,No
O004925,E004925,37,Yes
O004926,E004926,30,No
O004927,E004927,13,No
O004928,E004928,27,No
O004929,E004929,17,No
O004930,E004930,50,No
O004931,E004931,4,No
O004932,E004932,3,No
O004933,E004933,59,No
O004934,E004934,45,No
O004935,E004935,46,Yes
O004936,E004936,44,No
O004937,E004937,19,No
O004938,E004938,1,No
O004939,E004939,8,No
O004940,E004940,2,No
O004941,E004941,52,Yes
O004942,E004942,56,No
O004943,E004943,35,No
O004944,E004944,3,No
O004945,E004945,17,Yes
O004946,E004946,44,No
O004947,E004947,51,No
O004948,E004948,39,Yes
O004949,E004949,31,No
O004950,E004950,10,No
O004951,E004951,10,Yes
O004952,E004952,18,No
O004953,E004953,54,No
O004954,E004954,39,No
O004955,E004955,52,Yes
O004956,E004956,58,Yes
O004957,E004957,5,Yes
O004958,E004958,6,No
O004959,E004959,58,No
O004960,E004960,31,No
O004961,E004961,36,No
O004962,E004962,14,No
O004963,E004963,33,Yes
O004964,E004964,29,No
O004965,E004965,19,No
O004966,E004966,10,No
O004967,E004967,23,Yes
O004968,E004968,41,No
O004969,E004969,8,No
O004970,E004970,24,No
O004971,E004971,6,No
O004972,E004972,37,No
O004973,E004973,27,No
O004974,E004974,32,No
O004975,E004975,43,Yes
O004976,E004976,30,No
O004977,E004977,47,Yes
O004978,E004978,58,No
O004979,E004979,3,No
O004980,E004980,10,No
O004981,E004981,18,Yes
O004982,E004982,13,Yes
O004983,E004983,17,No
O004984,E004984,16,Yes
O004985,E004985,21,No
O004986,E004986,12,No
O004987,E004987,16,No
O004988,E004988,60,No
O004989,E004989,14,Yes
O004990,E004990,10,No
O004991,E004991,17,No
O004992,E004992,19,Yes
O004993,E004993,9,No
O004994,E004994,46,No
O004995,E004995,59,No
O004996,E004996,6,No
O004997,E004997,56,No
O004998,E004998,48,No
O004999,E004999,18,Yes
O005000,E005000,33,Yes
O005001,E005001,5,No
O005002,E005002,54,No
O005003,E005003,28,Yes
O005004,E005004,43,No
O005005,E005005,8,No
O005006,E005006,58,No
O005007,E005007,34,Yes
O005008,E005008,45,Yes
O005009,E005009,58,No
O005010,E005010,16,Yes
O005011,E005011,41,Yes
O005012,E005012,14,Yes
O005013,E005013,52,No
O005014,E005014,17,No
O005015,E005015,49,No
O005016,E005016,5,No
O005017,E005017,29,No
O005018,E005018,19,No
O005019,E005019,55,No
O005020,E005020,26,Yes
O005021,E005021,59,No
O005022,E005022,29,No
O005023,E005023,11,No
O005024,E005024,44,No
O005025,E005025,25,Yes
O005026,E005026,29,No
O005027,E005027,18,No
O005028,E005028,29,No
O005029,E005029,39,No
O005030,E005030,53,Yes
O005031,E005031,40,Yes
O005032,E005032,41,No
O005033,E005033,42,No
O005034,E005034,59,Yes
O005035,E005035,30,No
O005036,E005036,22,No
O005037,E005037,58,No
O005038,E005038,32,No
O005039,E005039,35,No
O005040,E005040,51,No
O005041,E005041,37,No
O005042,E005042,29,No
O005043,E005043,47,No
O005044,E005044,54,No
O005045,E005045,47,No
O005046,E005046,45,No
O005047,E005047,40,No
O005048,E005048,41,No
O005049,E005049,22,Yes
O005050,E005050,47,No
O005051,E005051,53,Yes
O005052,E005052,3,Yes
O005053,E005053,46,No
O005054,E005054,13,No
O005055,E005055,2,Yes
O005056,E005056,44,Yes
O005057,E005057,50,No
O005058,E005058,48,Yes
O005059,E005059,9,Yes
O005060,E005060,39,No
O005061,E005061,1,No
O005062,E005062,37,No
O005063,E005063,17,No
O005064,E005064,11,Yes
O005065,E005065,11,No
O005066,E005066,54,Yes
O005067,E005067,2,No
O005068,E005068,8,No
O005069,E005069,14,No
O005070,E005070,46,No
O005071,E005071,43,No
O005072,E005072,4,No
O005073,E005073,16,No
O005074,E005074,7,Yes
O005075,E005075,33,No
O005076,E005076,25,No
O005077,E005077,6,No
O005078,E005078,52,Yes
O005079,E005079,8,No
O005080,E005080,55,No
O005081,E005081,30,Yes
O005082,E005082,7,No
O005083,E005083,50,No
O005084,E005084,19,No
O005085,E005085,3,No
O005086,E005086,57,No
O005087,E005087,10,Yes
O005088,E005088,31,No
O005089,E005089,47,Yes
O005090,E005090,13,No
O005091,E005091,31,Yes
O005092,E005092,43,No
O005093,E005093,9,No
O005094,E005094,19,No
O005095,E005095,27,No
O005096,E005096,34,No
O005097,E005097,36,No
O005098,E005098,19,No
O005099,E005099,18,Yes
O005100,E005100,1,No
O005101,E005101,29,Yes
O005102,E005102,51,No
O005103,E005103,48,Yes
O005104,E005104,12,No
O005105,E005105,40,No
O005106,E005106,6,No
O005107,E005107,43,No
O005108,E005108,19,No
O005109,E005109,26,No
O005110,E005110,38,No
O005111,E005111,25,No
O005112,E005112,17,Yes
O005113,E005113,12,No
O005114,E005114,20,No
O005115,E005115,40,Yes
O005116,E005116,28,No
O005117,E005117,6,No
O005118,E005118,60,No
O005119,E005119,48,No
O005120,E005120,52,No
O005121,E005121,23,No
O005122,E005122,31,No
O005123,E005123,2,Yes
O005124,E005124,33,Yes
O005125,E005125,9,No
O005126,E005126,26,No
O005127,E005127,17,Yes
O005128,E005128,17,No
O005129,E005129,45,Yes
O005130,E005130,30,No
O005131,E005131,37,No
O005132,E005132,48,No
O005133,E005133,30,No
O005134,E005134,46,No
O005135,E005135,52,No
O005136,E005136,60,No
O005137,E005137,16,No
O005138,E005138,51,No
O005139,E005139,21,No
O005140,E005140,58,No
O005141,E005141,18,No
O005142,E005142,27,No
O005143,E005143,5,No
O005144,E005144,13,No
O005145,E005145,26,No
O005146,E005146,20,No
O005147,E005147,5,No
O005148,E005148,13,Yes
O005149,E005149,58,No
O005150,E005150,40,Yes
O005151,E005151,37,No
O005152,E005152,48,No
O005153,E005153,41,Yes
O005154,E005154,45,No
O005155,E005155,56,No
O005156,E005156,26,No
O005157,E005157,15,No
O005158,E005158,9,No
O005159,E005159,60,Yes
O005160,E005160,23,No
O005161,E005161,57,No
O005162,E005162,45,No
O005163,E005163,21,No
O005164,E005164,51,No
O005165,E005165,36,No
O005166,E005166,34,No
O005167,E005167,2,No
O005168,E005168,18,No
O005169,E005169,27,Yes
O005170,E005170,50,No
O005171,E005171,1,No
O005172,E005172,20,No
O005173,E005173,53,No
O005174,E005174,23,Yes
O005175,E005175,38,No
O005176,E005176,50,Yes
O005177,E005177,39,No
O005178,E005178,28,No
O005179,E005179,53,No
O005180,E005180,47,No
O005181,E005181,29,Yes
O005182,E005182,33,No
O005183,E005183,49,No
O005184,E005184,5,No
O005185,E005185,34,No
O005186,E005186,8,No
O005187,E005187,46,No
O005188,E005188,35,No
O005189,E005189,19,No
O005190,E005190,58,No
O005191,E005191,42,No
O005192,E005192,56,No
O005193,E005193,11,No
O005194,E005194,30,No
O005195,E005195,49,Yes
O005196,E005196,1,No
O005197,E005197,43,No
O005198,E005198,55,No
O005199,E005199,47,No
O005200,E005200,17,No
O005201,E005201,55,No
O005202,E005202,10,No
O005203,E005203,12,Yes
O005204,E005204,36,Yes
O005205,E005205,30,Yes
O005206,E005206,8,No
O005207,E005207,33,No
O005208,E005208,58,No
O005209,E005209,57,No
O005210,E005210,57,No
O005211,E005211,54,Yes
O005212,E005212,13,Yes
O005213,E005213,34,No
O005214,E005214,22,No
O005215,E005215,43,No
O005216,E005216,16,No
O005217,E005217,10,No
O005218,E005218,26,Yes
O005219,E005219,40,No
O005220,E005220,25,No
O005221,E005221,37,Yes
O005222,E005222,13,Yes
O005223,E005223,41,No
O005224,E005224,53,No
O005225,E005225,50,No
O005226,E005226,59,No
O005227,E005227,51,No
O005228,E005228,3,No
O005229,E005229,29,No
O005230,E005230,4,No
O005231,E005231,47,No
O005232,E005232,38,Yes
O005233,E005233,41,No
O005234,E005234,54,No
O005235,E005235,55,Yes
O005236,E005236,52,No
O005237,E005237,22,No
O005238,E005238,14,Yes
O005239,E005239,1,No
O005240,E005240,36,Yes
O005241,E005241,24,No
O005242,E005242,9,Yes
O005243,E005243,19,No
O005244,E005244,51,No
O005245,E005245,8,Yes
O005246,E005246,2,No
O005247,E005247,30,No
O005248,E005248,30,No
O005249,E005249,44,No
O005250,E005250,1,No
O005251,E005251,27,No
O005252,E005252,41,No
O005253,E005253,38,No
O005254,E005254,51,No
O005255,E005255,56,No
O005256,E005256,1,No
O005257,E005257,31,No
O005258,E005258,36,No
O005259,E005259,9,No
O005260,E005260,3,No
O005261,E005261,49,No
O005262,E005262,55,No
O005263,E005263,43,No
O005264,E005264,23,No
O005265,E005265,55,Yes
O005266,E005266,8,No
O005267,E005267,14,No
O005268,E005268,38,Yes
O005269,E005269,58,No
O005270,E005270,45,No
O005271,E005271,13,No
O005272,E005272,12,No
O005273,E005273,39,No
O005274,E005274,11,Yes
O005275,E005275,12,No
O005276,E005276,14,Yes
O005277,E005277,12,No
O005278,E005278,39,Yes
O005279,E005279,9,No
O005280,E005280,23,No
O005281,E005281,20,No
O005282,E005282,48,No
O005283,E005283,35,No
O005284,E005284,27,No
O005285,E005285,34,No
O005286,E005286,36,Yes
O005287,E005287,54,No
O005288,E005288,2,No
O005289,E005289,46,No
O005290,E005290,43,No
O005291,E005291,15,No
O005292,E005292,21,No
O005293,E005293,35,No
O005294,E005294,44,Yes
O005295,E005295,57,No
O005296,E005296,13,Yes
O005297,E005297,55,No
O005298,E005298,34,No
O005299,E005299,50,No
O005300,E005300,25,No
O005301,E005301,42,No
O005302,E005302,49,No
O005303,E005303,40,Yes
O005304,E005304,22,Yes
O005305,E005305,29,Yes
O005306,E005306,4,No
O005307,E005307,16,No
O005308,E005308,54,No
O005309,E005309,55,Yes
O005310,E005310,28,No
O005311,E005311,22,No
O005312,E005312,13,Yes
O005313,E005313,38,Yes
O005314,E005314,18,No
O005315,E005315,41,No
O005316,E005316,29,No
O005317,E005317,21,No
O005318,E005318,44,Yes
O005319,E005319,13,Yes
O005320,E005320,56,No
O005321,E005321,27,No
O005322,E005322,45,Yes
O005323,E005323,41,Yes
O005324,E005324,5,No
O005325,E005325,9,Yes
O005326,E005326,55,Yes
O005327,E005327,55,No
O005328,E005328,52,Yes
O005329,E005329,16,No
O005330,E005330,47,No
O005331,E005331,19,No
O005332,E005332,23,No
O005333,E005333,32,No
O005334,E005334,3,No
O005335,E005335,12,Yes
O005336,E005336,40,Yes
O005337,E005337,8,No
O005338,E005338,42,No
O005339,E005339,17,No
O005340,E005340,11,No
O005341,E005341,41,No
O005342,E005342,33,Yes
O005343,E005343,36,No
O005344,E005344,49,No
O005345,E005345,27,No
O005346,E005346,31,Yes
O005347,E005347,45,No
O005348,E005348,9,No
O005349,E005349,19,No
O005350,E005350,25,No
O005351,E005351,19,No
O005352,E005352,38,No
O005353,E005353,43,No
O005354,E005354,10,No
O005355,E005355,38,No
O005356,E005356,9,No
O005357,E005357,8,No
O005358,E005358,40,No
O005359,E005359,53,No
O005360,E005360,60,No
O005361,E005361,1,No
O005362,E005362,21,No
O005363,E005363,40,No
O005364,E005364,4,No
O005365,E005365,51,No
O005366,E005366,45,Yes
O005367,E005367,18,No
O005368,E005368,46,No
O005369,E005369,42,No
O005370,E005370,14,No
O005371,E005371,59,Yes
O005372,E005372,20,No
O005373,E005373,48,No
O005374,E005374,36,No
O005375,E005375,2,No
O005376,E005376,48,No
O005377,E005377,15,No
O005378,E005378,18,No
O005379,E005379,25,Yes
O005380,E005380,30,No
O005381,E005381,35,Yes
O005382,E005382,8,No
O005383,E005383,30,Yes
O005384,E005384,56,No
O005385,E005385,25,Yes
O005386,E005386,7,No
O005387,E005387,17,Yes
O005388,E005388,32,No
O005389,E005389,25,No
O005390,E005390,48,No
O005391,E005391,28,Yes
O005392,E005392,52,No
O005393,E005393,38,No
O005394,E005394,8,No
O005395,E005395,60,No
O005396,E005396,22,No
O005397,E005397,38,No
O005398,E005398,6,No
O005399,E005399,12,No
O005400,E005400,29,No
O005401,E005401,30,No
O005402,E005402,60,No
O005403,E005403,32,No
O005404,E005404,8,No
O005405,E005405,51,Yes
O005406,E005406,49,No
O005407,E005407,26,No
O005408,E005408,49,No
O005409,E005409,54,No
O005410,E005410,21,No
O005411,E005411,55,No
O005412,E005412,36,No
O005413,E005413,13,Yes
O005414,E005414,6,No
O005415,E005415,22,No
O005416,E005416,16,No
O005417,E005417,18,No
O005418,E005418,32,No
O005419,E005419,17,No
O005420,E005420,49,No
O005421,E005421,40,No
O005422,E005422,38,Yes
O005423,E005423,14,No
O005424,E005424,40,No
O005425,E005425,51,No
O005426,E005426,40,No
O005427,E005427,53,No
O005428,E005428,43,No
O005429,E005429,44,No
O005430,E005430,59,No
O005431,E005431,56,No
O005432,E005432,17,No
O005433,E005433,17,Yes
O005434,E005434,16,No
O005435,E005435,17,No
O005436,E005436,22,No
O005437,E005437,28,No
O005438,E005438,46,Yes
O005439,E005439,15,No
O005440,E005440,57,No
O005441,E005441,39,No
O005442,E005442,22,Yes
O005443,E005443,58,Yes
O005444,E005444,21,No
O005445,E005445,11,No
O005446,E005446,13,Yes
O005447,E005447,36,No
O005448,E005448,20,No
O005449,E005449,37,Yes
O005450,E005450,6,No
O005451,E005451,51,No
O005452,E005452,1,Yes
O005453,E005453,17,No
O005454,E005454,22,No
O005455,E005455,23,No
O005456,E005456,6,No
O005457,E005457,19,Yes
O005458,E005458,30,No
O005459,E005459,40,No
O005460,E005460,46,No
O005461,E005461,11,No
O005462,E005462,17,No
O005463,E005463,29,Yes
O005464,E005464,48,No
O005465,E005465,19,No
O005466,E005466,47,Yes
O005467,E005467,44,Yes
O005468,E005468,48,Yes
O005469,E005469,12,No
O005470,E005470,60,No
O005471,E005471,57,No
O005472,E005472,21,No
O005473,E005473,59,Yes
O005474,E005474,15,No
O005475,E005475,30,No
O005476,E005476,57,No
O005477,E005477,1,No
O005478,E005478,17,No
O005479,E005479,30,No
O005480,E005480,21,No
O005481,E005481,57,No
O005482,E005482,28,Yes
O005483,E005483,20,No
O005484,E005484,51,No
O005485,E005485,19,No
O005486,E005486,24,No
O005487,E005487,11,Yes
O005488,E005488,26,Yes
O005489,E005489,17,No
O005490,E005490,40,No
O005491,E005491,60,No
O005492,E005492,26,Yes
O005493,E005493,45,No
O005494,E005494,38,No
O005495,E005495,15,No
O005496,E005496,13,No
O005497,E005497,17,No
O005498,E005498,14,No
O005499,E005499,19,No
O005500,E005500,42,No
O005501,E005501,27,No
O005502,E005502,14,No
O005503,E005503,2,No
O005504,E005504,7,No
O005505,E005505,1,No
O005506,E005506,21,Yes
O005507,E005507,32,No
O005508,E005508,56,Yes
O005509,E005509,53,Yes
O005510,E005510,41,No
O005511,E005511,39,No
O005512,E005512,56,No
O005513,E005513,5,No
O005514,E005514,53,No
O005515,E005515,28,No
O005516,E005516,38,No
O005517,E005517,11,No
O005518,E005518,54,No
O005519,E005519,39,Yes
O005520,E005520,49,Yes
O005521,E005521,35,No
O005522,E005522,13,No
O005523,E005523,27,Yes
O005524,E005524,1,No
O005525,E005525,55,No
O005526,E005526,51,No
O005527,E005527,49,No
O005528,E005528,40,No
O005529,E005529,9,No
O005530,E005530,55,Yes
O005531,E005531,36,Yes
O005532,E005532,44,No
O005533,E005533,6,Yes
O005534,E005534,43,No
O005535,E005535,11,No
O005536,E005536,34,Yes
O005537,E005537,39,No
O005538,E005538,6,No
O005539,E005539,60,Yes
O005540,E005540,36,No
O005541,E005541,48,No
O005542,E005542,3,No
O005543,E005543,28,No
O005544,E005544,6,No
O005545,E005545,8,No
O005546,E005546,24,Yes
O005547,E005547,47,Yes
O005548,E005548,15,No
O005549,E005549,56,No
O005550,E005550,57,No
O005551,E005551,52,Yes
O005552,E005552,28,No
O005553,E005553,56,No
O005554,E005554,9,No
O005555,E005555,33,No
O005556,E005556,28,Yes
O005557,E005557,10,No
O005558,E005558,51,No
O005559,E005559,25,Yes
O005560,E005560,4,Yes
O005561,E005561,31,No
O005562,E005562,13,No
O005563,E005563,26,Yes
O005564,E005564,35,No
O005565,E005565,7,Yes
O005566,E005566,2,No
O005567,E005567,55,No
O005568,E005568,9,No
O005569,E005569,55,No
O005570,E005570,38,Yes
O005571,E005571,17,Yes
O005572,E005572,47,No
O005573,E005573,51,No
O005574,E005574,52,Yes
O005575,E005575,41,Yes
O005576,E005576,55,Yes
O005577,E005577,21,No
O005578,E005578,29,No
O005579,E005579,32,No
O005580,E005580,39,No
O005581,E005581,16,No
O005582,E005582,36,No
O005583,E005583,8,No
O005584,E005584,21,No
O005585,E005585,38,No
O005586,E005586,42,No
O005587,E005587,58,Yes
O005588,E005588,7,No
O005589,E005589,13,Yes
O005590,E005590,21,No
O005591,E005591,5,Yes
O005592,E005592,5,Yes
O005593,E005593,41,No
O005594,E005594,28,Yes
O005595,E005595,33,No
O005596,E005596,59,No
O005597,E005597,43,No
O005598,E005598,4,No
O005599,E005599,56,No
O005600,E005600,20,No
O005601,E005601,37,No
O005602,E005602,36,Yes
O005603,E005603,40,No
O005604,E005604,37,Yes
O005605,E005605,38,No
O005606,E005606,9,No
O005607,E005607,40,No
O005608,E005608,35,Yes
O005609,E005609,32,No
O005610,E005610,58,Yes
O005611,E005611,33,No
O005612,E005612,27,No
O005613,E005613,54,Yes
O005614,E005614,58,Yes
O005615,E005615,50,No
O005616,E005616,60,No
O005617,E005617,38,No
O005618,E005618,40,No
O005619,E005619,33,No
O005620,E005620,36,No
O005621,E005621,24,No
O005622,E005622,42,No
O005623,E005623,17,Yes
O005624,E005624,54,No
O005625,E005625,50,No
O005626,E005626,11,Yes
O005627,E005627,34,No
O005628,E005628,18,No
O005629,E005629,21,Yes
O005630,E005630,19,No
O005631,E005631,35,No
O005632,E005632,55,No
O005633,E005633,19,No
O005634,E005634,52,Yes
O005635,E005635,39,Yes
O005636,E005636,60,Yes
O005637,E005637,34,No
O005638,E005638,3,No
O005639,E005639,40,No
O005640,E005640,26,No
O005641,E005641,40,Yes
O005642,E005642,27,No
O005643,E005643,3,No
O005644,E005644,7,No
O005645,E005645,60,No
O005646,E005646,3,No
O005647,E005647,21,No
O005648,E005648,51,Yes
O005649,E005649,37,No
O005650,E005650,18,No
O005651,E005651,44,No
O005652,E005652,27,Yes
O005653,E005653,10,No
O005654,E005654,3,No
O005655,E005655,43,Yes
O005656,E005656,25,No
O005657,E005657,31,Yes
O005658,E005658,33,Yes
O005659,E005659,20,Yes
O005660,E005660,12,No
O005661,E005661,30,No
O005662,E005662,34,No
O005663,E005663,34,No
O005664,E005664,9,Yes
O005665,E005665,5,No
O005666,E005666,24,Yes
O005667,E005667,53,No
O005668,E005668,5,No
O005669,E005669,7,No
O005670,E005670,33,Yes
O005671,E005671,60,No
O005672,E005672,48,No
O005673,E005673,7,No
O005674,E005674,45,Yes
O005675,E005675,13,No
O005676,E005676,4,No
O005677,E005677,54,Yes
O005678,E005678,18,No
O005679,E005679,43,No
O005680,E005680,27,Yes
O005681,E005681,28,No
O005682,E005682,50,No
O005683,E005683,24,No
O005684,E005684,14,Yes
O005685,E005685,12,Yes
O005686,E005686,9,No
O005687,E005687,13,Yes
O005688,E005688,27,Yes
O005689,E005689,8,No
O005690,E005690,10,No
O005691,E005691,5,Yes
O005692,E005692,44,Yes
O005693,E005693,33,Yes
O005694,E005694,51,Yes
O005695,E005695,12,Yes
O005696,E005696,32,No
O005697,E005697,50,No
O005698,E005698,47,No
O005699,E005699,4,No
O005700,E005700,9,No
O005701,E005701,41,No
O005702,E005702,9,Yes
O005703,E005703,9,No
O005704,E005704,60,No
O005705,E005705,45,No
O005706,E005706,51,Yes
O005707,E005707,51,Yes
O005708,E005708,7,No
O005709,E005709,56,No
O005710,E005710,38,No
O005711,E005711,2,Yes
O005712,E005712,58,No
O005713,E005713,10,No
O005714,E005714,37,No
O005715,E005715,24,No
O005716,E005716,39,No
O005717,E005717,12,Yes
O005718,E005718,43,Yes
O005719,E005719,39,No
O005720,E005720,55,Yes
O005721,E005721,39,No
O005722,E005722,36,No
O005723,E005723,3,Yes
O005724,E005724,3,No
O005725,E005725,16,No
O005726,E005726,42,No
O005727,E005727,23,No
O005728,E005728,1,No
O005729,E005729,30,No
O005730,E005730,32,No
O005731,E005731,34,No
O005732,E005732,41,No
O005733,E005733,35,No
O005734,E005734,30,No
O005735,E005735,28,No
O005736,E005736,32,No
O005737,E005737,41,No
O005738,E005738,47,No
O005739,E005739,60,No
O005740,E005740,20,Yes
O005741,E005741,39,No
O005742,E005742,4,No
O005743,E005743,32,No
O005744,E005744,16,No
O005745,E005745,35,No
O005746,E005746,14,No
O005747,E005747,20,Yes
O005748,E005748,36,No
O005749,E005749,38,No
O005750,E005750,28,No
O005751,E005751,14,No
O005752,E005752,59,No
O005753,E005753,3,No
O005754,E005754,24,No
O005755,E005755,28,Yes
O005756,E005756,49,No
O005757,E005757,7,Yes
O005758,E005758,48,Yes
O005759,E005759,15,Yes
O005760,E005760,25,No
O005761,E005761,7,No
O005762,E005762,24,No
O005763,E005763,55,Yes
O005764,E005764,11,No
O005765,E005765,49,Yes
O005766,E005766,36,No
O005767,E005767,15,No
O005768,E005768,10,No
O005769,E005769,29,No
O005770,E005770,12,Yes
O005771,E005771,24,No
O005772,E005772,54,No
O005773,E005773,7,Yes
O005774,E005774,29,No
O005775,E005775,58,No
O005776,E005776,60,Yes
O005777,E005777,21,No
O005778,E005778,28,Yes
O005779,E005779,29,No
O005780,E005780,50,No
O005781,E005781,48,No
O005782,E005782,41,No
O005783,E005783,37,Yes
O005784,E005784,19,No
O005785,E005785,53,No
O005786,E005786,57,Yes
O005787,E005787,30,No
O005788,E005788,25,No
O005789,E005789,30,No
O005790,E005790,56,Yes
O005791,E005791,53,No
O005792,E005792,50,No
O005793,E005793,31,No
O005794,E005794,23,No
O005795,E005795,35,Yes
O005796,E005796,10,No
O005797,E005797,55,Yes
O005798,E005798,57,No
O005799,E005799,58,Yes
O005800,E005800,8,No
O005801,E005801,48,No
O005802,E005802,52,No
O005803,E005803,6,No
O005804,E005804,2,No
O005805,E005805,56,No
O005806,E005806,36,Yes
O005807,E005807,15,No
O005808,E005808,37,No
O005809,E005809,25,No
O005810,E005810,54,No
O005811,E005811,58,No
O005812,E005812,15,No
O005813,E005813,8,No
O005814,E005814,7,No
O005815,E005815,10,No
O005816,E005816,60,No
O005817,E005817,44,Yes
O005818,E005818,16,Yes
O005819,E005819,35,No
O005820,E005820,23,No
O005821,E005821,34,No
O005822,E005822,3,No
O005823,E005823,2,No
O005824,E005824,30,No
O005825,E005825,29,Yes
O005826,E005826,57,No
O005827,E005827,60,No
O005828,E005828,44,No
O005829,E005829,9,No
O005830,E005830,35,No
O005831,E005831,42,No
O005832,E005832,48,No
O005833,E005833,24,No
O005834,E005834,60,Yes
O005835,E005835,2,No
O005836,E005836,2,No
O005837,E005837,19,No
O005838,E005838,11,No
O005839,E005839,24,No
O005840,E005840,50,Yes
O005841,E005841,16,No
O005842,E005842,32,No
O005843,E005843,58,No
O005844,E005844,25,No
O005845,E005845,53,Yes
O005846,E005846,51,No
O005847,E005847,40,Yes
O005848,E005848,58,No
O005849,E005849,7,No
O005850,E005850,60,Yes
O005851,E005851,18,Yes
O005852,E005852,8,No
O005853,E005853,44,No
O005854,E005854,51,Yes
O005855,E005855,32,Yes
O005856,E005856,4,No
O005857,E005857,21,No
O005858,E005858,13,No
O005859,E005859,33,No
O005860,E005860,24,No
O005861,E005861,50,No
O005862,E005862,6,No
O005863,E005863,21,Yes
O005864,E005864,31,Yes
O005865,E005865,44,No
O005866,E005866,44,No
O005867,E005867,59,No
O005868,E005868,58,Yes
O005869,E005869,9,No
O005870,E005870,34,No
O005871,E005871,1,No
O005872,E005872,19,No
O005873,E005873,2,Yes
O005874,E005874,20,No
O005875,E005875,55,No
O005876,E005876,5,No
O005877,E005877,36,Yes
O005878,E005878,17,No
O005879,E005879,12,Yes
O005880,E005880,22,No
O005881,E005881,45,No
O005882,E005882,40,Yes
O005883,E005883,25,No
O005884,E005884,37,No
O005885,E005885,60,No
O005886,E005886,30,No
O005887,E005887,9,No
O005888,E005888,49,Yes
O005889,E005889,19,No
O005890,E005890,47,No
O005891,E005891,58,No
O005892,E005892,7,No
O005893,E005893,22,No
O005894,E005894,57,No
O005895,E005895,21,No
O005896,E005896,28,Yes
O005897,E005897,26,No
O005898,E005898,39,No
O005899,E005899,36,No
O005900,E005900,26,No
O005901,E005901,26,Yes
O005902,E005902,39,No
O005903,E005903,35,No
O005904,E005904,18,No
O005905,E005905,18,No
O005906,E005906,17,No
O005907,E005907,26,No
O005908,E005908,34,Yes
O005909,E005909,51,No
O005910,E005910,46,No
O005911,E005911,37,No
O005912,E005912,54,No
O005913,E005913,35,No
O005914,E005914,9,Yes
O005915,E005915,50,No
O005916,E005916,16,No
O005917,E005917,52,No
O005918,E005918,21,No
O005919,E005919,59,No
O005920,E005920,17,No
O005921,E005921,14,No
O005922,E005922,1,Yes
O005923,E005923,52,Yes
O005924,E005924,37,Yes
O005925,E005925,41,Yes
O005926,E005926,43,No
O005927,E005927,21,No
O005928,E005928,47,No
O005929,E005929,4,Yes
O005930,E005930,35,Yes
O005931,E005931,18,Yes
O005932,E005932,10,No
O005933,E005933,29,No
O005934,E005934,41,No
O005935,E005935,50,Yes
O005936,E005936,2,No
O005937,E005937,8,No
O005938,E005938,59,Yes
O005939,E005939,34,No
O005940,E005940,57,No
O005941,E005941,11,No
O005942,E005942,44,Yes
O005943,E005943,10,No
O005944,E005944,33,No
O005945,E005945,49,No
O005946,E005946,46,No
O005947,E005947,4,No
O005948,E005948,52,Yes
O005949,E005949,25,No
O005950,E005950,52,No
O005951,E005951,55,No
O005952,E005952,22,No
O005953,E005953,5,No
O005954,E005954,40,No
O005955,E005955,48,Yes
O005956,E005956,47,No
O005957,E005957,45,No
O005958,E005958,28,No
O005959,E005959,46,Yes
O005960,E005960,12,No
O005961,E005961,46,No
O005962,E005962,4,No
O005963,E005963,40,No
O005964,E005964,19,No
O005965,E005965,25,No
O005966,E005966,18,No
O005967,E005967,45,No
O005968,E005968,47,No
O005969,E005969,32,No
O005970,E005970,17,No
O005971,E005971,16,No
O005972,E005972,53,No
O005973,E005973,18,No
O005974,E005974,36,Yes
O005975,E005975,57,No
O005976,E005976,34,No
O005977,E005977,45,No
O005978,E005978,34,No
O005979,E005979,29,Yes
O005980,E005980,54,No
O005981,E005981,48,Yes
O005982,E005982,53,No
O005983,E005983,25,Yes
O005984,E005984,10,No
O005985,E005985,9,No
O005986,E005986,47,No
O005987,E005987,18,Yes
O005988,E005988,23,No
O005989,E005989,6,Yes
O005990,E005990,37,No
O005991,E005991,55,Yes
O005992,E005992,22,Yes
O005993,E005993,28,Yes
O005994,E005994,8,No
O005995,E005995,11,No
O005996,E005996,36,No
O005997,E005997,8,No
O005998,E005998,9,No
O005999,E005999,26,No
O006000,E006000,47,No
O006001,E006001,49,No
O006002,E006002,30,Yes
O006003,E006003,44,No
O006004,E006004,35,No
O006005,E006005,27,No
O006006,E006006,52,No
O006007,E006007,38,No
O006008,E006008,8,Yes
O006009,E006009,60,Yes
O006010,E006010,56,No
O006011,E006011,58,No
O006012,E006012,6,No
O006013,E006013,50,No
O006014,E006014,38,No
O006015,E006015,18,No
O006016,E006016,1,No
O006017,E006017,8,No
O006018,E006018,49,No
O006019,E006019,12,No
O006020,E006020,1,No
O006021,E006021,60,No
O006022,E006022,29,No
O006023,E006023,35,No
O006024,E006024,17,No
O006025,E006025,6,Yes
O006026,E006026,57,Yes
O006027,E006027,22,No
O006028,E006028,47,No
O006029,E006029,8,No
O006030,E006030,36,No
O006031,E006031,21,No
O006032,E006032,5,No
O006033,E006033,31,Yes
O006034,E006034,28,No
O006035,E006035,30,Yes
O006036,E006036,54,No
O006037,E006037,13,Yes
O006038,E006038,45,No
O006039,E006039,41,No
O006040,E006040,29,No
O006041,E006041,33,No
O006042,E006042,41,Yes
O006043,E006043,54,Yes
O006044,E006044,10,No
O006045,E006045,56,Yes
O006046,E006046,47,No
O006047,E006047,19,No
O006048,E006048,41,No
O006049,E006049,9,No
O006050,E006050,48,No
O006051,E006051,16,No
O006052,E006052,44,No
O006053,E006053,27,Yes
O006054,E006054,39,No
O006055,E006055,50,No
O006056,E006056,48,No
O006057,E006057,47,No
O006058,E006058,39,No
O006059,E006059,53,No
O006060,E006060,6,No
O006061,E006061,48,Yes
O006062,E006062,57,No
O006063,E006063,19,No
O006064,E006064,31,No
O006065,E006065,19,No
O006066,E006066,32,Yes
O006067,E006067,51,No
O006068,E006068,41,Yes
O006069,E006069,45,No
O006070,E006070,59,No
O006071,E006071,3,Yes
O006072,E006072,22,Yes
O006073,E006073,11,No
O006074,E006074,48,No
O006075,E006075,32,No
O006076,E006076,4,No
O006077,E006077,42,No
O006078,E006078,53,Yes
O006079,E006079,12,No
O006080,E006080,29,No
O006081,E006081,4,No
O006082,E006082,48,No
O006083,E006083,48,No
O006084,E006084,3,No
O006085,E006085,23,Yes
O006086,E006086,10,Yes
O006087,E006087,56,No
O006088,E006088,17,No
O006089,E006089,29,No
O006090,E006090,37,Yes
O006091,E006091,42,Yes
O006092,E006092,12,No
O006093,E006093,45,Yes
O006094,E006094,39,No
O006095,E006095,18,Yes
O006096,E006096,22,No
O006097,E006097,19,No
O006098,E006098,17,Yes
O006099,E006099,42,Yes
O006100,E006100,49,No
O006101,E006101,42,No
O006102,E006102,5,No
O006103,E006103,15,No
O006104,E006104,58,Yes
O006105,E006105,41,No
O006106,E006106,26,Yes
O006107,E006107,40,No
O006108,E006108,24,No
O006109,E006109,43,No
O006110,E006110,20,Yes
O006111,E006111,52,No
O006112,E006112,21,No
O006113,E006113,35,Yes
O006114,E006114,27,Yes
O006115,E006115,36,No
O006116,E006116,10,Yes
O006117,E006117,37,Yes
O006118,E006118,47,Yes
O006119,E006119,34,No
O006120,E006120,44,No
O006121,E006121,26,Yes
O006122,E006122,11,No
O006123,E006123,53,Yes
O006124,E006124,20,No
O006125,E006125,52,Yes
O006126,E006126,57,No
O006127,E006127,33,No
O006128,E006128,52,No
O006129,E006129,6,No
O006130,E006130,2,No
O006131,E006131,47,No
O006132,E006132,48,No
O006133,E006133,9,No
O006134,E006134,32,No
O006135,E006135,52,Yes
O006136,E006136,19,No
O006137,E006137,25,No
O006138,E006138,30,No
O006139,E006139,17,Yes
O006140,E006140,13,Yes
O006141,E006141,25,Yes
O006142,E006142,51,No
O006143,E006143,14,Yes
O006144,E006144,18,No
O006145,E006145,16,No
O006146,E006146,57,No
O006147,E006147,8,Yes
O006148,E006148,43,No
O006149,E006149,21,No
O006150,E006150,15,No
O006151,E006151,1,No
O006152,E006152,15,Yes
O006153,E006153,17,No
O006154,E006154,38,No
O006155,E006155,26,Yes
O006156,E006156,14,Yes
O006157,E006157,48,No
O006158,E006158,33,No
O006159,E006159,42,No
O006160,E006160,51,No
O006161,E006161,15,No
O006162,E006162,24,No
O006163,E006163,21,No
O006164,E006164,18,No
O006165,E006165,7,No
O006166,E006166,57,Yes
O006167,E006167,18,Yes
O006168,E006168,18,Yes
O006169,E006169,1,No
O006170,E006170,23,No
O006171,E006171,7,No
O006172,E006172,20,No
O006173,E006173,60,No
O006174,E006174,32,No
O006175,E006175,5,No
O006176,E006176,44,No
O006177,E006177,22,No
O006178,E006178,32,No
O006179,E006179,42,No
O006180,E006180,7,No
O006181,E006181,7,Yes
O006182,E006182,51,No
O006183,E006183,21,Yes
O006184,E006184,44,No
O006185,E006185,9,No
O006186,E006186,44,No
O006187,E006187,54,No
O006188,E006188,58,Yes
O006189,E006189,59,No
O006190,E006190,46,Yes
O006191,E006191,44,No
O006192,E006192,59,No
O006193,E006193,47,No
O006194,E006194,15,Yes
O006195,E006195,49,No
O006196,E006196,26,Yes
O006197,E006197,8,No
O006198,E006198,2,No
O006199,E006199,9,No
O006200,E006200,36,No
O006201,E006201,18,Yes
O006202,E006202,24,No
O006203,E006203,3,No
O006204,E006204,57,No
O006205,E006205,45,Yes
O006206,E006206,21,No
O006207,E006207,52,Yes
O006208,E006208,11,Yes
O006209,E006209,1,No
O006210,E006210,12,Yes
O006211,E006211,44,No
O006212,E006212,49,Yes
O006213,E006213,6,No
O006214,E006214,7,No
O006215,E006215,4,No
O006216,E006216,46,Yes
O006217,E006217,60,No
O006218,E006218,8,No
O006219,E006219,23,No
O006220,E006220,50,No
O006221,E006221,53,No
O006222,E006222,40,No
O006223,E006223,51,No
O006224,E006224,56,Yes
O006225,E006225,14,Yes
O006226,E006226,55,No
O006227,E006227,37,Yes
O006228,E006228,33,No
O006229,E006229,46,No
O006230,E006230,5,No
O006231,E006231,56,No
O006232,E006232,6,Yes
O006233,E006233,46,No
O006234,E006234,45,Yes
O006235,E006235,45,No
O006236,E006236,23,No
O006237,E006237,15,Yes
O006238,E006238,47,No
O006239,E006239,34,No
O006240,E006240,53,No
O006241,E006241,53,No
O006242,E006242,57,No
O006243,E006243,3,No
O006244,E006244,30,Yes
O006245,E006245,16,Yes
O006246,E006246,14,Yes
O006247,E006247,21,No
O006248,E006248,2,No
O006249,E006249,49,No
O006250,E006250,20,No
O006251,E006251,60,No
O006252,E006252,18,No
O006253,E006253,41,Yes
O006254,E006254,52,No
O006255,E006255,19,Yes
O006256,E006256,17,No
O006257,E006257,14,No
O006258,E006258,13,No
O006259,E006259,27,No
O006260,E006260,6,Yes
O006261,E006261,35,No
O006262,E006262,35,No
O006263,E006263,18,No
O006264,E006264,34,No
O006265,E006265,36,No
O006266,E006266,22,Yes
O006267,E006267,44,No
O006268,E006268,4,No
O006269,E006269,50,No
O006270,E006270,41,No
O006271,E006271,29,No
O006272,E006272,56,No
O006273,E006273,32,No
O006274,E006274,13,No
O006275,E006275,24,Yes
O006276,E006276,16,Yes
O006277,E006277,1,No
O006278,E006278,26,No
O006279,E006279,16,No
O006280,E006280,45,Yes
O006281,E006281,51,No
O006282,E006282,48,No
O006283,E006283,43,No
O006284,E006284,28,No
O006285,E006285,20,Yes
O006286,E006286,32,Yes
O006287,E006287,7,Yes
O006288,E006288,6,No
O006289,E006289,19,No
O006290,E006290,8,No
O006291,E006291,17,No
O006292,E006292,19,No
O006293,E006293,46,No
O006294,E006294,49,Yes
O006295,E006295,19,No
O006296,E006296,9,No
O006297,E006297,34,No
O006298,E006298,34,No
O006299,E006299,34,No
O006300,E006300,2,No
O006301,E006301,17,No
O006302,E006302,59,No
O006303,E006303,49,No
O006304,E006304,10,No
O006305,E006305,40,No
O006306,E006306,4,No
O006307,E006307,23,No
O006308,E006308,23,No
O006309,E006309,9,No
O006310,E006310,46,No
O006311,E006311,8,No
O006312,E006312,46,No
O006313,E006313,39,No
O006314,E006314,18,No
O006315,E006315,29,No
O006316,E006316,4,Yes
O006317,E006317,17,Yes
O006318,E006318,38,Yes
O006319,E006319,6,No
O006320,E006320,23,No
O006321,E006321,8,No
O006322,E006322,56,No
O006323,E006323,60,No
O006324,E006324,40,No
O006325,E006325,51,No
O006326,E006326,12,No
O006327,E006327,17,No
O006328,E006328,45,Yes
O006329,E006329,15,Yes
O006330,E006330,4,Yes
O006331,E006331,44,No
O006332,E006332,17,No
O006333,E006333,27,No
O006334,E006334,47,No
O006335,E006335,47,No
O006336,E006336,20,No
O006337,E006337,35,Yes
O006338,E006338,29,No
O006339,E006339,13,No
O006340,E006340,24,Yes
O006341,E006341,18,Yes
O006342,E006342,35,No
O006343,E006343,27,No
O006344,E006344,44,No
O006345,E006345,46,Yes
O006346,E006346,14,No
O006347,E006347,15,No
O006348,E006348,25,No
O006349,E006349,9,No
O006350,E006350,29,No
O006351,E006351,38,No
O006352,E006352,19,Yes
O006353,E006353,13,No
O006354,E006354,11,No
O006355,E006355,11,No
O006356,E006356,16,No
O006357,E006357,53,No
O006358,E006358,16,Yes
O006359,E006359,27,No
O006360,E006360,44,No
O006361,E006361,6,No
O006362,E006362,11,No
O006363,E006363,10,Yes
O006364,E006364,35,No
O006365,E006365,49,No
O006366,E006366,26,No
O006367,E006367,24,No
O006368,E006368,60,No
O006369,E006369,55,No
O006370,E006370,51,Yes
O006371,E006371,29,Yes
O006372,E006372,10,No
O006373,E006373,48,No
O006374,E006374,23,No
O006375,E006375,28,No
O006376,E006376,43,No
O006377,E006377,36,Yes
O006378,E006378,39,No
O006379,E006379,9,Yes
O006380,E006380,18,No
O006381,E006381,17,Yes
O006382,E006382,26,No
O006383,E006383,29,No
O006384,E006384,22,Yes
O006385,E006385,4,No
O006386,E006386,44,No
O006387,E006387,44,No
O006388,E006388,47,No
O006389,E006389,17,Yes
O006390,E006390,19,Yes
O006391,E006391,35,No
O006392,E006392,25,No
O006393,E006393,5,No
O006394,E006394,3,Yes
O006395,E006395,45,No
O006396,E006396,20,Yes
O006397,E006397,17,No
O006398,E006398,44,No
O006399,E006399,28,Yes
O006400,E006400,21,Yes
O006401,E006401,16,Yes
O006402,E006402,27,Yes
O006403,E006403,1,No
O006404,E006404,41,No
O006405,E006405,8,No
O006406,E006406,42,No
O006407,E006407,16,No
O006408,E006408,22,Yes
O006409,E006409,43,No
O006410,E006410,28,No
O006411,E006411,27,No
O006412,E006412,5,No
O006413,E006413,32,No
O006414,E006414,57,Yes
O006415,E006415,12,No
O006416,E006416,27,No
O006417,E006417,48,No
O006418,E006418,19,No
O006419,E006419,46,No
O006420,E006420,21,No
O006421,E006421,45,No
O006422,E006422,24,No
O006423,E006423,44,Yes
O006424,E006424,4,No
O006425,E006425,2,No
O006426,E006426,25,Yes
O006427,E006427,18,No
O006428,E006428,26,No
O006429,E006429,35,No
O006430,E006430,43,No
O006431,E006431,4,No
O006432,E006432,51,Yes
O006433,E006433,3,No
O006434,E006434,30,No
O006435,E006435,7,Yes
O006436,E006436,49,No
O006437,E006437,43,Yes
O006438,E006438,13,No
O006439,E006439,24,Yes
O006440,E006440,4,No
O006441,E006441,9,No
O006442,E006442,54,No
O006443,E006443,18,No
O006444,E006444,23,No
O006445,E006445,31,No
O006446,E006446,29,Yes
O006447,E006447,23,No
O006448,E006448,2,No
O006449,E006449,37,No
O006450,E006450,19,No
O006451,E006451,60,No
O006452,E006452,21,No
O006453,E006453,18,No
O006454,E006454,49,No
O006455,E006455,31,No
O006456,E006456,38,Yes
O006457,E006457,38,No
O006458,E006458,3,Yes
O006459,E006459,47,Yes
O006460,E006460,19,No
O006461,E006461,51,No
O006462,E006462,13,No
O006463,E006463,10,No
O006464,E006464,25,No
O006465,E006465,17,No
O006466,E006466,59,Yes
O006467,E006467,11,No
O006468,E006468,5,Yes
O006469,E006469,25,No
O006470,E006470,15,No
O006471,E006471,48,No
O006472,E006472,60,No
O006473,E006473,10,No
O006474,E006474,25,No
O006475,E006475,10,Yes
O006476,E006476,14,No
O006477,E006477,14,No
O006478,E006478,28,No
O006479,E006479,57,No
O006480,E006480,34,No
O006481,E006481,51,No
O006482,E006482,25,Yes
O006483,E006483,60,No
O006484,E006484,50,No
O006485,E006485,33,No
O006486,E006486,28,No
O006487,E006487,32,No
O006488,E006488,59,Yes
O006489,E006489,29,Yes
O006490,E006490,59,No
O006491,E006491,33,Yes
O006492,E006492,41,Yes
O006493,E006493,5,No
O006494,E006494,39,Yes
O006495,E006495,42,No
O006496,E006496,13,No
O006497,E006497,37,No
O006498,E006498,53,No
O006499,E006499,59,No
O006500,E006500,30,No
O006501,E006501,26,No
O006502,E006502,5,Yes
O006503,E006503,34,No
O006504,E006504,6,Yes
O006505,E006505,37,No
O006506,E006506,50,No
O006507,E006507,32,No
O006508,E006508,42,No
O006509,E006509,45,No
O006510,E006510,18,No
O006511,E006511,1,No
O006512,E006512,47,No
O006513,E006513,34,No
O006514,E006514,19,Yes
O006515,E006515,48,No
O006516,E006516,60,No
O006517,E006517,10,No
O006518,E006518,2,No
O006519,E006519,57,Yes
O006520,E006520,53,No
O006521,E006521,1,No
O006522,E006522,1,No
O006523,E006523,30,Yes
O006524,E006524,7,No
O006525,E006525,55,No
O006526,E006526,9,No
O006527,E006527,9,No
O006528,E006528,9,No
O006529,E006529,2,No
O006530,E006530,4,No
O006531,E006531,39,No
O006532,E006532,33,No
O006533,E006533,17,No
O006534,E006534,9,Yes
O006535,E006535,29,No
O006536,E006536,37,No
O006537,E006537,18,No
O006538,E006538,11,Yes
O006539,E006539,10,No
O006540,E006540,41,No
O006541,E006541,32,Yes
O006542,E006542,38,No
O006543,E006543,45,No
O006544,E006544,47,No
O006545,E006545,5,Yes
O006546,E006546,3,No
O006547,E006547,11,Yes
O006548,E006548,19,No
O006549,E006549,40,Yes
O006550,E006550,54,No
O006551,E006551,23,No
O006552,E006552,31,No
O006553,E006553,33,Yes
O006554,E006554,22,No
O006555,E006555,46,Yes
O006556,E006556,13,No
O006557,E006557,12,No
O006558,E006558,46,No
O006559,E006559,44,No
O006560,E006560,19,No
O006561,E006561,9,No
O006562,E006562,5,No
O006563,E006563,53,No
O006564,E006564,55,Yes
O006565,E006565,40,No
O006566,E006566,35,No
O006567,E006567,44,No
O006568,E006568,4,No
O006569,E006569,49,No
O006570,E006570,26,No
O006571,E006571,49,No
O006572,E006572,8,No
O006573,E006573,28,No
O006574,E006574,28,No
O006575,E006575,53,No
O006576,E006576,30,No
O006577,E006577,23,No
O006578,E006578,54,No
O006579,E006579,26,No
O006580,E006580,45,Yes
O006581,E006581,7,No
O006582,E006582,10,No
O006583,E006583,23,No
O006584,E006584,43,No
O006585,E006585,8,No
O006586,E006586,16,Yes
O006587,E006587,7,Yes
O006588,E006588,9,No
O006589,E006589,15,No
O006590,E006590,40,Yes
O006591,E006591,33,Yes
O006592,E006592,59,No
O006593,E006593,10,No
O006594,E006594,2,No
O006595,E006595,23,Yes
O006596,E006596,48,No
O006597,E006597,41,No
O006598,E006598,19,No
O006599,E006599,44,Yes
O006600,E006600,3,No
O006601,E006601,45,No
O006602,E006602,18,No
O006603,E006603,49,Yes
O006604,E006604,5,No
O006605,E006605,49,Yes
O006606,E006606,6,Yes
O006607,E006607,1,No
O006608,E006608,42,No
O006609,E006609,6,No
O006610,E006610,52,No
O006611,E006611,10,No
O006612,E006612,38,No
O006613,E006613,50,No
O006614,E006614,54,No
O006615,E006615,21,No
O006616,E006616,10,No
O006617,E006617,38,No
O006618,E006618,56,Yes
O006619,E006619,32,No
O006620,E006620,25,No
O006621,E006621,27,No
O006622,E006622,50,No
O006623,E006623,23,Yes
O006624,E006624,14,No
O006625,E006625,12,Yes
O006626,E006626,17,No
O006627,E006627,57,No
O006628,E006628,35,No
O006629,E006629,32,No
O006630,E006630,26,No
O006631,E006631,9,No
O006632,E006632,48,No
O006633,E006633,4,No
O006634,E006634,33,No
O006635,E006635,29,No
O006636,E006636,40,Yes
O006637,E006637,43,No
O006638,E006638,17,Yes
O006639,E006639,8,No
O006640,E006640,35,No
O006641,E006641,13,No
O006642,E006642,41,Yes
O006643,E006643,4,No
O006644,E006644,57,No
O006645,E006645,24,No
O006646,E006646,49,No
O006647,E006647,44,No
O006648,E006648,39,Yes
O006649,E006649,48,No
O006650,E006650,38,No
O006651,E006651,42,No
O006652,E006652,6,No
O006653,E006653,53,No
O006654,E006654,58,No
O006655,E006655,12,No
O006656,E006656,29,No
O006657,E006657,38,No
O006658,E006658,35,No
O006659,E006659,32,No
O006660,E006660,49,No
O006661,E006661,9,No
O006662,E006662,3,No
O006663,E006663,10,No
O006664,E006664,44,No
O006665,E006665,16,No
O006666,E006666,51,No
O006667,E006667,51,No
O006668,E006668,15,No
O006669,E006669,10,No
O006670,E006670,38,Yes
O006671,E006671,48,No
O006672,E006672,23,No
O006673,E006673,37,No
O006674,E006674,9,Yes
O006675,E006675,41,Yes
O006676,E006676,33,No
O006677,E006677,17,Yes
O006678,E006678,33,No
O006679,E006679,35,No
O006680,E006680,18,No
O006681,E006681,9,No
O006682,E006682,48,No
O006683,E006683,14,No
O006684,E006684,41,No
O006685,E006685,18,No
O006686,E006686,58,No
O006687,E006687,21,No
O006688,E006688,5,No
O006689,E006689,45,No
O006690,E006690,6,Yes
O006691,E006691,29,Yes
O006692,E006692,59,Yes
O006693,E006693,34,No
O006694,E006694,39,No
O006695,E006695,46,No
O006696,E006696,58,Yes
O006697,E006697,1,Yes
O006698,E006698,26,No
O006699,E006699,20,No
O006700,E006700,8,No
O006701,E006701,52,No
O006702,E006702,12,Yes
O006703,E006703,48,Yes
O006704,E006704,49,Yes
O006705,E006705,28,No
O006706,E006706,51,No
O006707,E006707,24,No
O006708,E006708,55,No
O006709,E006709,38,No
O006710,E006710,55,No
O006711,E006711,44,No
O006712,E006712,45,Yes
O006713,E006713,46,Yes
O006714,E006714,9,No
O006715,E006715,3,No
O006716,E006716,59,No
O006717,E006717,40,Yes
O006718,E006718,33,Yes
O006719,E006719,4,No
O006720,E006720,58,No
O006721,E006721,45,No
O006722,E006722,8,Yes
O006723,E006723,28,No
O006724,E006724,37,Yes
O006725,E006725,13,Yes
O006726,E006726,44,No
O006727,E006727,16,No
O006728,E006728,56,No
O006729,E006729,23,No
O006730,E006730,4,Yes
O006731,E006731,8,No
O006732,E006732,19,No
O006733,E006733,33,No
O006734,E006734,37,Yes
O006735,E006735,12,Yes
O006736,E006736,15,No
O006737,E006737,59,No
O006738,E006738,6,No
O006739,E006739,7,No
O006740,E006740,31,No
O006741,E006741,17,No
O006742,E006742,52,Yes
O006743,E006743,54,No
O006744,E006744,23,No
O006745,E006745,23,Yes
O006746,E006746,34,No
O006747,E006747,3,No
O006748,E006748,59,No
O006749,E006749,45,Yes
O006750,E006750,37,No
O006751,E006751,32,No
O006752,E006752,3,No
O006753,E006753,6,Yes
O006754,E006754,52,No
O006755,E006755,25,Yes
O006756,E006756,54,No
O006757,E006757,58,No
O006758,E006758,52,No
O006759,E006759,39,No
O006760,E006760,10,No
O006761,E006761,19,No
O006762,E006762,52,No
O006763,E006763,10,No
O006764,E006764,15,No
O006765,E006765,53,Yes
O006766,E006766,28,Yes
O006767,E006767,9,Yes
O006768,E006768,34,No
O006769,E006769,56,Yes
O006770,E006770,52,No
O006771,E006771,24,No
O006772,E006772,5,No
O006773,E006773,27,No
O006774,E006774,25,No
O006775,E006775,54,No
O006776,E006776,29,No
O006777,E006777,32,Yes
O006778,E006778,50,No
O006779,E006779,18,Yes
O006780,E006780,8,No
O006781,E006781,20,No
O006782,E006782,30,No
O006783,E006783,48,Yes
O006784,E006784,10,No
O006785,E006785,56,No
O006786,E006786,41,No
O006787,E006787,28,Yes
O006788,E006788,20,No
O006789,E006789,29,No
O006790,E006790,26,No
O006791,E006791,53,No
O006792,E006792,17,No
O006793,E006793,58,No
O006794,E006794,46,No
O006795,E006795,46,No
O006796,E006796,8,No
O006797,E006797,42,Yes
O006798,E006798,32,No
O006799,E006799,47,No
O006800,E006800,22,Yes
O006801,E006801,48,Yes
O006802,E006802,32,No
O006803,E006803,54,No
O006804,E006804,50,Yes
O006805,E006805,36,No
O006806,E006806,54,No
O006807,E006807,15,Yes
O006808,E006808,19,Yes
O006809,E006809,59,No
O006810,E006810,58,No
O006811,E006811,17,No
O006812,E006812,5,No
O006813,E006813,36,Yes
O006814,E006814,38,Yes
O006815,E006815,27,No
O006816,E006816,6,No
O006817,E006817,53,Yes
O006818,E006818,9,No
O006819,E006819,2,No
O006820,E006820,40,No
O006821,E006821,20,Yes
O006822,E006822,49,No
O006823,E006823,3,Yes
O006824,E006824,34,No
O006825,E006825,30,No
O006826,E006826,26,Yes
O006827,E006827,35,No
O006828,E006828,44,Yes
O006829,E006829,1,No
O006830,E006830,31,Yes
O006831,E006831,30,No
O006832,E006832,19,Yes
O006833,E006833,59,No
O006834,E006834,29,No
O006835,E006835,58,No
O006836,E006836,60,No
O006837,E006837,26,Yes
O006838,E006838,23,No
O006839,E006839,53,No
O006840,E006840,23,Yes
O006841,E006841,37,No
O006842,E006842,19,No
O006843,E006843,39,No
O006844,E006844,32,Yes
O006845,E006845,28,Yes
O006846,E006846,3,Yes
O006847,E006847,19,No
O006848,E006848,24,No
O006849,E006849,56,Yes
O006850,E006850,27,No
O006851,E006851,22,Yes
O006852,E006852,8,No
O006853,E006853,17,No
O006854,E006854,14,No
O006855,E006855,31,Yes
O006856,E006856,51,No
O006857,E006857,60,No
O006858,E006858,18,No
O006859,E006859,22,No
O006860,E006860,7,No
O006861,E006861,27,Yes
O006862,E006862,37,No
O006863,E006863,51,No
O006864,E006864,17,No
O006865,E006865,49,No
O006866,E006866,35,No
O006867,E006867,45,No
O006868,E006868,3,No
O006869,E006869,2,No
O006870,E006870,3,No
O006871,E006871,21,No
O006872,E006872,59,Yes
O006873,E006873,37,Yes
O006874,E006874,11,No
O006875,E006875,59,No
O006876,E006876,1,No
O006877,E006877,60,Yes
O006878,E006878,19,No
O006879,E006879,21,Yes
O006880,E006880,52,No
O006881,E006881,28,No
O006882,E006882,18,Yes
O006883,E006883,10,Yes
O006884,E006884,43,No
O006885,E006885,37,No
O006886,E006886,19,No
O006887,E006887,53,No
O006888,E006888,14,No
O006889,E006889,60,No
O006890,E006890,1,No
O006891,E006891,27,No
O006892,E006892,12,No
O006893,E006893,43,No
O006894,E006894,55,No
O006895,E006895,37,No
O006896,E006896,43,No
O006897,E006897,25,Yes
O006898,E006898,7,Yes
O006899,E006899,43,Yes
O006900,E006900,60,Yes
O006901,E006901,48,No
O006902,E006902,30,No
O006903,E006903,28,No
O006904,E006904,8,No
O006905,E006905,23,No
O006906,E006906,12,No
O006907,E006907,25,No
O006908,E006908,9,Yes
O006909,E006909,46,No
O006910,E006910,32,No
O006911,E006911,17,No
O006912,E006912,50,No
O006913,E006913,38,Yes
O006914,E006914,40,No
O006915,E006915,44,No
O006916,E006916,4,No
O006917,E006917,57,Yes
O006918,E006918,50,Yes
O006919,E006919,38,No
O006920,E006920,30,Yes
O006921,E006921,24,No
O006922,E006922,2,Yes
O006923,E006923,49,Yes
O006924,E006924,39,Yes
O006925,E006925,58,No
O006926,E006926,9,Yes
O006927,E006927,24,No
O006928,E006928,24,No
O006929,E006929,15,No
O006930,E006930,7,Yes
O006931,E006931,56,No
O006932,E006932,56,No
O006933,E006933,20,Yes
O006934,E006934,51,No
O006935,E006935,60,Yes
O006936,E006936,36,No
O006937,E006937,15,No
O006938,E006938,45,Yes
O006939,E006939,40,No
O006940,E006940,44,No
O006941,E006941,23,No
O006942,E006942,5,No
O006943,E006943,18,No
O006944,E006944,9,No
O006945,E006945,42,No
O006946,E006946,22,No
O006947,E006947,34,Yes
O006948,E006948,59,No
O006949,E006949,1,No
O006950,E006950,54,No
O006951,E006951,43,No
O006952,E006952,30,No
O006953,E006953,19,No
O006954,E006954,3,No
O006955,E006955,28,No
O006956,E006956,10,No
O006957,E006957,9,No
O006958,E006958,28,No
O006959,E006959,11,No
O006960,E006960,16,No
O006961,E006961,23,No
O006962,E006962,35,No
O006963,E006963,54,No
O006964,E006964,11,No
O006965,E006965,24,No
O006966,E006966,35,No
O006967,E006967,53,Yes
O006968,E006968,21,Yes
O006969,E006969,14,No
O006970,E006970,27,No
O006971,E006971,45,Yes
O006972,E006972,1,Yes
O006973,E006973,27,No
O006974,E006974,45,No
O006975,E006975,37,No
O006976,E006976,26,No
O006977,E006977,50,No
O006978,E006978,57,No
O006979,E006979,38,No
O006980,E006980,59,No
O006981,E006981,50,No
O006982,E006982,11,No
O006983,E006983,58,Yes
O006984,E006984,54,No
O006985,E006985,47,No
O006986,E006986,11,No
O006987,E006987,5,No
O006988,E006988,5,No
O006989,E006989,16,No
O006990,E006990,14,No
O006991,E006991,56,No
O006992,E006992,33,Yes
O006993,E006993,52,No
O006994,E006994,24,No
O006995,E006995,5,No
O006996,E006996,42,No
O006997,E006997,46,No
O006998,E006998,31,No
O006999,E006999,51,Yes
O007000,E007000,35,No
O007001,E007001,17,Yes
O007002,E007002,12,No
O007003,E007003,44,No
O007004,E007004,36,No
O007005,E007005,39,No
O007006,E007006,7,No
O007007,E007007,60,No
O007008,E007008,14,No
O007009,E007009,56,No
O007010,E007010,16,No
O007011,E007011,31,Yes
O007012,E007012,47,No
O007013,E007013,21,No
O007014,E007014,45,No
O007015,E007015,36,No
O007016,E007016,51,No
O007017,E007017,43,No
O007018,E007018,22,Yes
O007019,E007019,43,No
O007020,E007020,26,Yes
O007021,E007021,53,No
O007022,E007022,59,No
O007023,E007023,13,No
O007024,E007024,12,No
O007025,E007025,37,Yes
O007026,E007026,20,No
O007027,E007027,14,No
O007028,E007028,41,No
O007029,E007029,24,No
O007030,E007030,13,Yes
O007031,E007031,10,Yes
O007032,E007032,8,No
O007033,E007033,53,Yes
O007034,E007034,31,No
O007035,E007035,45,No
O007036,E007036,27,No
O007037,E007037,31,No
O007038,E007038,1,No
O007039,E007039,35,Yes
O007040,E007040,56,Yes
O007041,E007041,44,Yes
O007042,E007042,17,No
O007043,E007043,57,No
O007044,E007044,22,No
O007045,E007045,31,Yes
O007046,E007046,49,No
O007047,E007047,29,Yes
O007048,E007048,59,Yes
O007049,E007049,12,Yes
O007050,E007050,24,No
O007051,E007051,5,No
O007052,E007052,7,No
O007053,E007053,18,No
O007054,E007054,58,No
O007055,E007055,26,No
O007056,E007056,16,No
O007057,E007057,7,No
O007058,E007058,19,No
O007059,E007059,15,Yes
O007060,E007060,5,No
O007061,E007061,9,No
O007062,E007062,21,No
O007063,E007063,53,Yes
O007064,E007064,41,No
O007065,E007065,47,Yes
O007066,E007066,34,No
O007067,E007067,22,Yes
O007068,E007068,25,No
O007069,E007069,2,No
O007070,E007070,48,No
O007071,E007071,13,No
O007072,E007072,14,No
O007073,E007073,46,No
O007074,E007074,2,No
O007075,E007075,33,No
O007076,E007076,52,Yes
O007077,E007077,18,Yes
O007078,E007078,11,Yes
O007079,E007079,40,No
O007080,E007080,15,Yes
O007081,E007081,37,No
O007082,E007082,49,No
O007083,E007083,55,No
O007084,E007084,57,No
O007085,E007085,36,No
O007086,E007086,18,No
O007087,E007087,13,No
O007088,E007088,18,Yes
O007089,E007089,29,No
O007090,E007090,23,No
O007091,E007091,47,No
O007092,E007092,43,No
O007093,E007093,42,No
O007094,E007094,3,Yes
O007095,E007095,22,Yes
O007096,E007096,59,No
O007097,E007097,9,No
O007098,E007098,48,No
O007099,E007099,45,No
O007100,E007100,29,No
O007101,E007101,22,No
O007102,E007102,39,Yes
O007103,E007103,4,No
O007104,E007104,32,No
O007105,E007105,31,No
O007106,E007106,29,No
O007107,E007107,14,No
O007108,E007108,7,Yes
O007109,E007109,10,Yes
O007110,E007110,31,No
O007111,E007111,43,No
O007112,E007112,34,No
O007113,E007113,40,No
O007114,E007114,13,No
O007115,E007115,50,No
O007116,E007116,21,No
O007117,E007117,4,No
O007118,E007118,46,No
O007119,E007119,4,Yes
O007120,E007120,22,Yes
O007121,E007121,46,Yes
O007122,E007122,15,No
O007123,E007123,5,No
O007124,E007124,18,Yes
O007125,E007125,3,No
O007126,E007126,53,No
O007127,E007127,36,No
O007128,E007128,22,No
O007129,E007129,54,No
O007130,E007130,41,No
O007131,E007131,13,No
O007132,E007132,47,No
O007133,E007133,33,No
O007134,E007134,25,No
O007135,E007135,48,No
O007136,E007136,59,No
O007137,E007137,20,No
O007138,E007138,14,No
O007139,E007139,9,Yes
O007140,E007140,12,Yes
O007141,E007141,8,Yes
O007142,E007142,54,No
O007143,E007143,20,No
O007144,E007144,60,No
O007145,E007145,4,No
O007146,E007146,36,No
O007147,E007147,52,No
O007148,E007148,50,No
O007149,E007149,58,No
O007150,E007150,28,No
O007151,E007151,18,No
O007152,E007152,53,No
O007153,E007153,11,Yes
O007154,E007154,54,No
O007155,E007155,42,No
O007156,E007156,50,Yes
O007157,E007157,1,No
O007158,E007158,3,No
O007159,E007159,44,Yes
O007160,E007160,4,No
O007161,E007161,52,Yes
O007162,E007162,13,Yes
O007163,E007163,57,Yes
O007164,E007164,48,Yes
O007165,E007165,38,Yes
O007166,E007166,19,No
O007167,E007167,42,Yes
O007168,E007168,9,No
O007169,E007169,30,No
O007170,E007170,34,No
O007171,E007171,24,No
O007172,E007172,37,No
O007173,E007173,31,Yes
O007174,E007174,41,Yes
O007175,E007175,23,No
O007176,E007176,16,No
O007177,E007177,41,No
O007178,E007178,58,No
O007179,E007179,46,No
O007180,E007180,17,No
O007181,E007181,8,No
O007182,E007182,51,Yes
O007183,E007183,8,Yes
O007184,E007184,34,No
O007185,E007185,12,Yes
O007186,E007186,45,No
O007187,E007187,18,No
O007188,E007188,36,No
O007189,E007189,32,No
O007190,E007190,58,No
O007191,E007191,30,No
O007192,E007192,21,Yes
O007193,E007193,28,Yes
O007194,E007194,10,No
O007195,E007195,18,No
O007196,E007196,3,Yes
O007197,E007197,21,No
O007198,E007198,31,Yes
O007199,E007199,35,No
O007200,E007200,3,No
O007201,E007201,20,Yes
O007202,E007202,37,No
O007203,E007203,3,No
O007204,E007204,33,No
O007205,E007205,31,No
O007206,E007206,12,Yes
O007207,E007207,3,Yes
O007208,E007208,5,No
O007209,E007209,11,Yes
O007210,E007210,6,No
O007211,E007211,8,No
O007212,E007212,39,Yes
O007213,E007213,46,No
O007214,E007214,18,No
O007215,E007215,21,No
O007216,E007216,32,Yes
O007217,E007217,3,No
O007218,E007218,12,No
O007219,E007219,48,Yes
O007220,E007220,43,Yes
O007221,E007221,48,No
O007222,E007222,24,No
O007223,E007223,49,No
O007224,E007224,19,No
O007225,E007225,23,No
O007226,E007226,7,No
O007227,E007227,24,No
O007228,E007228,20,No
O007229,E007229,30,No
O007230,E007230,49,No
O007231,E007231,27,Yes
O007232,E007232,27,Yes
O007233,E007233,49,Yes
O007234,E007234,1,No
O007235,E007235,45,No
O007236,E007236,7,No
O007237,E007237,17,Yes
O007238,E007238,42,No
O007239,E007239,31,No
O007240,E007240,37,No
O007241,E007241,13,Yes
O007242,E007242,11,No
O007243,E007243,28,No
O007244,E007244,8,No
O007245,E007245,15,No
O007246,E007246,18,No
O007247,E007247,4,No
O007248,E007248,54,No
O007249,E007249,15,No
O007250,E007250,7,Yes
O007251,E007251,53,No
O007252,E007252,24,Yes
O007253,E007253,42,No
O007254,E007254,15,Yes
O007255,E007255,3,Yes
O007256,E007256,23,No
O007257,E007257,60,Yes
O007258,E007258,43,No
O007259,E007259,7,No
O007260,E007260,2,No
O007261,E007261,33,No
O007262,E007262,18,No
O007263,E007263,42,No
O007264,E007264,59,No
O007265,E007265,35,No
O007266,E007266,60,No
O007267,E007267,39,No
O007268,E007268,15,No
O007269,E007269,1,No
O007270,E007270,26,No
O007271,E007271,33,No
O007272,E007272,41,No
O007273,E007273,5,No
O007274,E007274,25,Yes
O007275,E007275,24,Yes
O007276,E007276,32,No
O007277,E007277,9,No
O007278,E007278,59,Yes
O007279,E007279,25,No
O007280,E007280,37,Yes
O007281,E007281,26,Yes
O007282,E007282,41,No
O007283,E007283,60,No
O007284,E007284,44,No
O007285,E007285,1,No
O007286,E007286,50,No
O007287,E007287,14,No
O007288,E007288,52,No
O007289,E007289,30,No
O007290,E007290,28,Yes
O007291,E007291,39,No
O007292,E007292,27,Yes
O007293,E007293,52,No
O007294,E007294,55,Yes
O007295,E007295,60,No
O007296,E007296,41,No
O007297,E007297,9,No
O007298,E007298,32,No
O007299,E007299,42,No
O007300,E007300,34,Yes
O007301,E007301,4,No
O007302,E007302,18,Yes
O007303,E007303,40,Yes
O007304,E007304,58,Yes
O007305,E007305,48,Yes
O007306,E007306,16,No
O007307,E007307,6,No
O007308,E007308,53,Yes
O007309,E007309,30,Yes
O007310,E007310,11,No
O007311,E007311,39,No
O007312,E007312,3,No
O007313,E007313,45,Yes
O007314,E007314,55,No
O007315,E007315,56,No
O007316,E007316,37,No
O007317,E007317,2,No
O007318,E007318,7,No
O007319,E007319,44,No
O007320,E007320,46,No
O007321,E007321,8,Yes
O007322,E007322,31,Yes
O007323,E007323,58,No
O007324,E007324,1,No
O007325,E007325,11,No
O007326,E007326,38,No
O007327,E007327,55,No
O007328,E007328,5,No
O007329,E007329,31,No
O007330,E007330,19,No
O007331,E007331,48,Yes
O007332,E007332,48,No
O007333,E007333,34,No
O007334,E007334,11,Yes
O007335,E007335,11,No
O007336,E007336,44,No
O007337,E007337,37,No
O007338,E007338,8,No
O007339,E007339,26,No
O007340,E007340,6,No
O007341,E007341,32,Yes
O007342,E007342,53,No
O007343,E007343,42,Yes
O007344,E007344,57,No
O007345,E007345,29,No
O007346,E007346,19,No
O007347,E007347,56,No
O007348,E007348,16,No
O007349,E007349,44,No
O007350,E007350,24,No
O007351,E007351,29,No
O007352,E007352,40,Yes
O007353,E007353,19,Yes
O007354,E007354,43,Yes
O007355,E007355,4,No
O007356,E007356,25,No
O007357,E007357,31,No
O007358,E007358,1,Yes
O007359,E007359,51,Yes
O007360,E007360,55,No
O007361,E007361,17,No
O007362,E007362,53,No
O007363,E007363,2,No
O007364,E007364,32,No
O007365,E007365,39,Yes
O007366,E007366,8,Yes
O007367,E007367,57,No
O007368,E007368,55,Yes
O007369,E007369,50,No
O007370,E007370,48,No
O007371,E007371,42,Yes
O007372,E007372,19,No
O007373,E007373,57,Yes
O007374,E007374,47,No
O007375,E007375,58,No
O007376,E007376,41,No
O007377,E007377,35,No
O007378,E007378,29,No
O007379,E007379,3,Yes
O007380,E007380,2,No
O007381,E007381,51,Yes
O007382,E007382,32,No
O007383,E007383,15,No
O007384,E007384,41,No
O007385,E007385,21,Yes
O007386,E007386,53,No
O007387,E007387,13,No
O007388,E007388,22,Yes
O007389,E007389,54,No
O007390,E007390,56,No
O007391,E007391,31,No
O007392,E007392,13,Yes
O007393,E007393,22,No
O007394,E007394,8,Yes
O007395,E007395,60,No
O007396,E007396,31,Yes
O007397,E007397,27,No
O007398,E007398,25,No
O007399,E007399,37,No
O007400,E007400,18,No
O007401,E007401,32,No
O007402,E007402,44,No
O007403,E007403,37,No
O007404,E007404,19,Yes
O007405,E007405,58,No
O007406,E007406,6,No
O007407,E007407,5,No
O007408,E007408,26,Yes
O007409,E007409,19,Yes
O007410,E007410,60,No
O007411,E007411,7,Yes
O007412,E007412,29,No
O007413,E007413,6,No
O007414,E007414,5,No
O007415,E007415,57,No
O007416,E007416,11,Yes
O007417,E007417,47,No
O007418,E007418,49,No
O007419,E007419,4,No
O007420,E007420,54,No
O007421,E007421,33,No
O007422,E007422,25,Yes
O007423,E007423,29,No
O007424,E007424,42,Yes
O007425,E007425,15,No
O007426,E007426,1,No
O007427,E007427,21,No
O007428,E007428,15,No
O007429,E007429,10,No
O007430,E007430,46,Yes
O007431,E007431,17,No
O007432,E007432,25,No
O007433,E007433,1,No
O007434,E007434,30,No
O007435,E007435,19,Yes
O007436,E007436,1,No
O007437,E007437,49,No
O007438,E007438,56,No
O007439,E007439,6,No
O007440,E007440,43,Yes
O007441,E007441,55,No
O007442,E007442,32,No
O007443,E007443,51,No
O007444,E007444,36,No
O007445,E007445,45,No
O007446,E007446,58,No
O007447,E007447,34,No
O007448,E007448,5,No
O007449,E007449,33,No
O007450,E007450,42,No
O007451,E007451,7,No
O007452,E007452,14,No
O007453,E007453,34,No
O007454,E007454,32,No
O007455,E007455,27,Yes
O007456,E007456,23,No
O007457,E007457,12,No
O007458,E007458,44,No
O007459,E007459,30,Yes
O007460,E007460,24,No
O007461,E007461,7,No
O007462,E007462,4,No
O007463,E007463,8,No
O007464,E007464,31,Yes
O007465,E007465,27,No
O007466,E007466,25,No
O007467,E007467,35,No
O007468,E007468,34,No
O007469,E007469,58,No
O007470,E007470,5,Yes
O007471,E007471,14,No
O007472,E007472,4,No
O007473,E007473,56,No
O007474,E007474,42,No
O007475,E007475,27,No
O007476,E007476,22,No
O007477,E007477,54,No
O007478,E007478,3,No
O007479,E007479,21,No
O007480,E007480,37,No
O007481,E007481,7,No
O007482,E007482,7,No
O007483,E007483,40,No
O007484,E007484,45,Yes
O007485,E007485,53,No
O007486,E007486,29,No
O007487,E007487,45,No
O007488,E007488,45,Yes
O007489,E007489,21,No
O007490,E007490,45,No
O007491,E007491,37,No
O007492,E007492,20,Yes
O007493,E007493,6,No
O007494,E007494,31,No
O007495,E007495,58,No
O007496,E007496,45,Yes
O007497,E007497,7,No
O007498,E007498,35,No
O007499,E007499,27,No
O007500,E007500,2,No
O007501,E007501,35,No
O007502,E007502,29,Yes
O007503,E007503,23,No
O007504,E007504,29,No
O007505,E007505,46,Yes
O007506,E007506,34,No
O007507,E007507,18,No
O007508,E007508,28,Yes
O007509,E007509,30,No
O007510,E007510,29,Yes
O007511,E007511,22,No
O007512,E007512,41,No
O007513,E007513,3,No
O007514,E007514,36,No
O007515,E007515,37,No
O007516,E007516,59,No
O007517,E007517,25,No
O007518,E007518,23,No
O007519,E007519,1,No
O007520,E007520,37,No
O007521,E007521,21,No
O007522,E007522,30,No
O007523,E007523,46,Yes
O007524,E007524,32,No
O007525,E007525,47,No
O007526,E007526,24,Yes
O007527,E007527,48,No
O007528,E007528,37,No
O007529,E007529,27,Yes
O007530,E007530,38,Yes
O007531,E007531,35,No
O007532,E007532,16,No
O007533,E007533,4,No
O007534,E007534,30,No
O007535,E007535,18,Yes
O007536,E007536,6,No
O007537,E007537,46,No
O007538,E007538,41,No
O007539,E007539,48,Yes
O007540,E007540,15,No
O007541,E007541,7,Yes
O007542,E007542,39,Yes
O007543,E007543,37,Yes
O007544,E007544,26,No
O007545,E007545,39,No
O007546,E007546,1,No
O007547,E007547,46,No
O007548,E007548,26,No
O007549,E007549,50,Yes
O007550,E007550,55,No
O007551,E007551,30,No
O007552,E007552,23,Yes
O007553,E007553,34,No
O007554,E007554,48,No
O007555,E007555,46,No
O007556,E007556,3,Yes
O007557,E007557,60,No
O007558,E007558,19,Yes
O007559,E007559,58,No
O007560,E007560,31,Yes
O007561,E007561,51,Yes
O007562,E007562,39,No
O007563,E007563,45,No
O007564,E007564,13,Yes
O007565,E007565,29,Yes
O007566,E007566,53,No
O007567,E007567,10,Yes
O007568,E007568,17,Yes
O007569,E007569,31,No
O007570,E007570,52,No
O007571,E007571,41,No
O007572,E007572,28,No
O007573,E007573,57,No
O007574,E007574,8,No
O007575,E007575,30,Yes
O007576,E007576,39,No
O007577,E007577,29,No
O007578,E007578,55,No
O007579,E007579,54,No
O007580,E007580,13,Yes
O007581,E007581,56,No
O007582,E007582,27,No
O007583,E007583,3,Yes
O007584,E007584,26,Yes
O007585,E007585,28,No
O007586,E007586,55,Yes
O007587,E007587,44,No
O007588,E007588,10,Yes
O007589,E007589,45,No
O007590,E007590,19,Yes
O007591,E007591,16,No
O007592,E007592,42,No
O007593,E007593,29,No
O007594,E007594,33,No
O007595,E007595,26,Yes
O007596,E007596,58,Yes
O007597,E007597,21,No
O007598,E007598,38,No
O007599,E007599,56,No
O007600,E007600,25,No
O007601,E007601,16,No
O007602,E007602,59,No
O007603,E007603,39,Yes
O007604,E007604,2,No
O007605,E007605,42,Yes
O007606,E007606,22,No
O007607,E007607,2,Yes
O007608,E007608,59,No
O007609,E007609,11,No
O007610,E007610,17,No
O007611,E007611,41,No
O007612,E007612,28,No
O007613,E007613,4,No
O007614,E007614,27,Yes
O007615,E007615,46,Yes
O007616,E007616,2,No
O007617,E007617,43,No
O007618,E007618,36,Yes
O007619,E007619,55,Yes
O007620,E007620,38,No
O007621,E007621,36,No
O007622,E007622,5,No
O007623,E007623,28,Yes
O007624,E007624,9,No
O007625,E007625,14,No
O007626,E007626,21,No
O007627,E007627,58,Yes
O007628,E007628,56,Yes
O007629,E007629,60,Yes
O007630,E007630,12,Yes
O007631,E007631,53,No
O007632,E007632,51,Yes
O007633,E007633,47,No
O007634,E007634,41,No
O007635,E007635,15,No
O007636,E007636,47,No
O007637,E007637,28,No
O007638,E007638,11,No
O007639,E007639,20,Yes
O007640,E007640,27,No
O007641,E007641,32,No
O007642,E007642,57,Yes
O007643,E007643,49,No
O007644,E007644,57,No
O007645,E007645,49,Yes
O007646,E007646,56,Yes
O007647,E007647,50,No
O007648,E007648,13,Yes
O007649,E007649,4,No
O007650,E007650,48,No
O007651,E007651,60,No
O007652,E007652,14,No
O007653,E007653,6,Yes
O007654,E007654,3,Yes
O007655,E007655,30,Yes
O007656,E007656,42,No
O007657,E007657,12,No
O007658,E007658,6,No
O007659,E007659,25,Yes
O007660,E007660,60,No
O007661,E007661,27,Yes
O007662,E007662,52,Yes
O007663,E007663,35,No
O007664,E007664,49,No
O007665,E007665,35,No
O007666,E007666,60,No
O007667,E007667,7,No
O007668,E007668,20,No
O007669,E007669,43,Yes
O007670,E007670,10,No
O007671,E007671,11,No
O007672,E007672,60,No
O007673,E007673,41,Yes
O007674,E007674,7,No
O007675,E007675,16,No
O007676,E007676,3,No
O007677,E007677,25,Yes
O007678,E007678,23,No
O007679,E007679,28,No
O007680,E007680,52,No
O007681,E007681,21,No
O007682,E007682,4,No
O007683,E007683,56,No
O007684,E007684,51,Yes
O007685,E007685,43,No
O007686,E007686,45,No
O007687,E007687,43,No
O007688,E007688,8,No
O007689,E007689,50,No
O007690,E007690,30,No
O007691,E007691,36,No
O007692,E007692,60,No
O007693,E007693,31,No
O007694,E007694,32,No
O007695,E007695,37,No
O007696,E007696,36,Yes
O007697,E007697,50,No
O007698,E007698,36,No
O007699,E007699,59,No
O007700,E007700,38,No
O007701,E007701,52,No
O007702,E007702,34,No
O007703,E007703,30,No
O007704,E007704,27,No
O007705,E007705,51,Yes
O007706,E007706,8,No
O007707,E007707,34,No
O007708,E007708,15,No
O007709,E007709,53,No
O007710,E007710,29,No
O007711,E007711,7,No
O007712,E007712,4,No
O007713,E007713,41,Yes
O007714,E007714,47,No
O007715,E007715,35,Yes
O007716,E007716,48,Yes
O007717,E007717,8,Yes
O007718,E007718,23,Yes
O007719,E007719,50,No
O007720,E007720,31,No
O007721,E007721,48,No
O007722,E007722,26,Yes
O007723,E007723,16,No
O007724,E007724,43,No
O007725,E007725,50,No
O007726,E007726,55,No
O007727,E007727,21,No
O007728,E007728,13,No
O007729,E007729,54,No
O007730,E007730,51,No
O007731,E007731,5,Yes
O007732,E007732,11,No
O007733,E007733,46,No
O007734,E007734,52,No
O007735,E007735,1,No
O007736,E007736,10,No
O007737,E007737,18,No
O007738,E007738,14,Yes
O007739,E007739,40,Yes
O007740,E007740,42,Yes
O007741,E007741,6,No
O007742,E007742,58,No
O007743,E007743,57,No
O007744,E007744,42,No
O007745,E007745,23,No
O007746,E007746,27,No
O007747,E007747,2,No
O007748,E007748,17,Yes
O007749,E007749,25,Yes
O007750,E007750,29,No
O007751,E007751,2,No
O007752,E007752,11,Yes
O007753,E007753,13,No
O007754,E007754,57,Yes
O007755,E007755,52,No
O007756,E007756,15,No
O007757,E007757,4,No
O007758,E007758,9,Yes
O007759,E007759,57,No
O007760,E007760,34,No
O007761,E007761,34,No
O007762,E007762,50,No
O007763,E007763,41,No
O007764,E007764,35,No
O007765,E007765,31,Yes
O007766,E007766,33,No
O007767,E007767,34,No
O007768,E007768,23,No
O007769,E007769,49,No
O007770,E007770,27,Yes
O007771,E007771,54,No
O007772,E007772,38,No
O007773,E007773,55,Yes
O007774,E007774,1,No
O007775,E007775,24,No
O007776,E007776,56,No
O007777,E007777,47,Yes
O007778,E007778,18,Yes
O007779,E007779,14,No
O007780,E007780,57,No
O007781,E007781,35,No
O007782,E007782,60,No
O007783,E007783,6,No
O007784,E007784,3,No
O007785,E007785,32,No
O007786,E007786,4,No
O007787,E007787,45,Yes
O007788,E007788,7,No
O007789,E007789,3,Yes
O007790,E007790,3,No
O007791,E007791,17,No
O007792,E007792,38,No
O007793,E007793,47,No
O007794,E007794,1,No
O007795,E007795,2,No
O007796,E007796,1,Yes
O007797,E007797,11,No
O007798,E007798,9,No
O007799,E007799,5,No
O007800,E007800,40,No
O007801,E007801,57,No
O007802,E007802,60,No
O007803,E007803,33,No
O007804,E007804,38,Yes
O007805,E007805,56,No
O007806,E007806,38,Yes
O007807,E007807,55,No
O007808,E007808,19,Yes
O007809,E007809,56,No
O007810,E007810,30,No
O007811,E007811,33,Yes
O007812,E007812,38,No
O007813,E007813,21,Yes
O007814,E007814,40,No
O007815,E007815,4,No
O007816,E007816,59,No
O007817,E007817,53,No
O007818,E007818,22,No
O007819,E007819,22,No
O007820,E007820,23,No
O007821,E007821,37,No
O007822,E007822,9,No
O007823,E007823,22,No
O007824,E007824,36,Yes
O007825,E007825,59,No
O007826,E007826,60,No
O007827,E007827,1,No
O007828,E007828,12,No
O007829,E007829,32,Yes
O007830,E007830,3,Yes
O007831,E007831,25,No
O007832,E007832,19,Yes
O007833,E007833,5,No
O007834,E007834,29,No
O007835,E007835,17,Yes
O007836,E007836,51,No
O007837,E007837,22,No
O007838,E007838,57,No
O007839,E007839,8,Yes
O007840,E007840,30,No
O007841,E007841,43,No
O007842,E007842,40,No
O007843,E007843,56,Yes
O007844,E007844,21,Yes
O007845,E007845,7,No
O007846,E007846,41,No
O007847,E007847,46,No
O007848,E007848,20,Yes
O007849,E007849,13,Yes
O007850,E007850,36,No
O007851,E007851,50,No
O007852,E007852,9,Yes
O007853,E007853,14,Yes
O007854,E007854,16,No
O007855,E007855,47,Yes
O007856,E007856,16,No
O007857,E007857,15,Yes
O007858,E007858,3,No
O007859,E007859,5,No
O007860,E007860,5,No
O007861,E007861,45,No
O007862,E007862,25,No
O007863,E007863,36,No
O007864,E007864,27,No
O007865,E007865,59,No
O007866,E007866,27,Yes
O007867,E007867,26,Yes
O007868,E007868,51,No
O007869,E007869,14,Yes
O007870,E007870,46,No
O007871,E007871,1,No
O007872,E007872,26,No
O007873,E007873,44,No
O007874,E007874,45,No
O007875,E007875,36,No
O007876,E007876,18,No
O007877,E007877,23,No
O007878,E007878,8,Yes
O007879,E007879,50,Yes
O007880,E007880,29,No
O007881,E007881,44,No
O007882,E007882,58,No
O007883,E007883,20,Yes
O007884,E007884,17,No
O007885,E007885,44,No
O007886,E007886,1,No
O007887,E007887,15,No
O007888,E007888,7,No
O007889,E007889,14,No
O007890,E007890,2,No
O007891,E007891,8,No
O007892,E007892,60,No
O007893,E007893,28,No
O007894,E007894,10,No
O007895,E007895,9,No
O007896,E007896,7,Yes
O007897,E007897,49,Yes
O007898,E007898,35,No
O007899,E007899,36,No
O007900,E007900,8,No
O007901,E007901,10,No
O007902,E007902,55,Yes
O007903,E007903,2,No
O007904,E007904,23,Yes
O007905,E007905,42,No
O007906,E007906,20,No
O007907,E007907,23,No
O007908,E007908,22,No
O007909,E007909,21,No
O007910,E007910,50,No
O007911,E007911,26,No
O007912,E007912,45,Yes
O007913,E007913,32,No
O007914,E007914,42,No
O007915,E007915,52,Yes
O007916,E007916,23,No
O007917,E007917,46,No
O007918,E007918,14,Yes
O007919,E007919,37,No
O007920,E007920,51,No
O007921,E007921,30,No
O007922,E007922,31,No
O007923,E007923,9,No
O007924,E007924,19,Yes
O007925,E007925,42,No
O007926,E007926,58,Yes
O007927,E007927,54,No
O007928,E007928,24,No
O007929,E007929,36,No
O007930,E007930,50,No
O007931,E007931,55,No
O007932,E007932,47,No
O007933,E007933,32,No
O007934,E007934,1,No
O007935,E007935,56,No
O007936,E007936,11,No
O007937,E007937,28,No
O007938,E007938,30,No
O007939,E007939,25,No
O007940,E007940,43,Yes
O007941,E007941,60,No
O007942,E007942,45,No
O007943,E007943,26,No
O007944,E007944,26,Yes
O007945,E007945,8,Yes
O007946,E007946,41,No
O007947,E007947,50,No
O007948,E007948,4,No
O007949,E007949,3,Yes
O007950,E007950,59,No
O007951,E007951,43,No
O007952,E007952,46,No
O007953,E007953,51,Yes
O007954,E007954,43,No
O007955,E007955,14,No
O007956,E007956,8,No
O007957,E007957,42,No
O007958,E007958,3,No
O007959,E007959,23,No
O007960,E007960,17,No
O007961,E007961,42,Yes
O007962,E007962,35,No
O007963,E007963,52,No
O007964,E007964,45,Yes
O007965,E007965,51,No
O007966,E007966,35,No
O007967,E007967,18,Yes
O007968,E007968,2,No
O007969,E007969,13,Yes
O007970,E007970,40,Yes
O007971,E007971,48,Yes
O007972,E007972,1,No
O007973,E007973,7,Yes
O007974,E007974,9,No
O007975,E007975,48,No
O007976,E007976,49,No
O007977,E007977,11,No
O007978,E007978,38,No
O007979,E007979,7,No
O007980,E007980,50,No
O007981,E007981,3,No
O007982,E007982,42,No
O007983,E007983,47,No
O007984,E007984,5,No
O007985,E007985,25,Yes
O007986,E007986,33,No
O007987,E007987,58,Yes
O007988,E007988,46,No
O007989,E007989,12,No
O007990,E007990,10,No
O007991,E007991,18,No
O007992,E007992,48,Yes
O007993,E007993,36,No
O007994,E007994,26,No
O007995,E007995,57,No
O007996,E007996,30,No
O007997,E007997,46,No
O007998,E007998,19,No
O007999,E007999,34,No
O008000,E008000,28,No
O008001,E008001,54,No
O008002,E008002,24,No
O008003,E008003,41,Yes
O008004,E008004,16,No
O008005,E008005,49,No
O008006,E008006,25,No
O008007,E008007,37,No
O008008,E008008,59,No
O008009,E008009,40,No
O008010,E008010,44,No
O008011,E008011,8,No
O008012,E008012,29,No
O008013,E008013,39,Yes
O008014,E008014,20,No
O008015,E008015,3,Yes
O008016,E008016,2,No
O008017,E008017,39,Yes
O008018,E008018,14,No
O008019,E008019,60,Yes
O008020,E008020,53,No
O008021,E008021,23,No
O008022,E008022,52,Yes
O008023,E008023,43,No
O008024,E008024,54,Yes
O008025,E008025,20,Yes
O008026,E008026,34,No
O008027,E008027,32,Yes
O008028,E008028,27,No
O008029,E008029,17,Yes
O008030,E008030,45,No
O008031,E008031,10,No
O008032,E008032,34,No
O008033,E008033,54,No
O008034,E008034,32,No
O008035,E008035,9,No
O008036,E008036,57,Yes
O008037,E008037,9,No
O008038,E008038,42,No
O008039,E008039,13,No
O008040,E008040,28,Yes
O008041,E008041,53,No
O008042,E008042,31,No
O008043,E008043,8,No
O008044,E008044,24,Yes
O008045,E008045,12,No
O008046,E008046,34,Yes
O008047,E008047,7,No
O008048,E008048,50,No
O008049,E008049,56,No
O008050,E008050,35,Yes
O008051,E008051,56,No
O008052,E008052,30,Yes
O008053,E008053,36,No
O008054,E008054,21,No
O008055,E008055,15,No
O008056,E008056,6,No
O008057,E008057,48,No
O008058,E008058,16,No
O008059,E008059,14,No
O008060,E008060,12,No
O008061,E008061,33,No
O008062,E008062,54,Yes
O008063,E008063,46,Yes
O008064,E008064,58,Yes
O008065,E008065,46,No
O008066,E008066,17,Yes
O008067,E008067,33,No
O008068,E008068,38,No
O008069,E008069,57,No
O008070,E008070,28,No
O008071,E008071,42,No
O008072,E008072,21,No
O008073,E008073,32,Yes
O008074,E008074,15,Yes
O008075,E008075,58,No
O008076,E008076,25,No
O008077,E008077,36,No
O008078,E008078,23,Yes
O008079,E008079,34,Yes
O008080,E008080,12,No
O008081,E008081,54,No
O008082,E008082,7,Yes
O008083,E008083,58,No
O008084,E008084,32,No
O008085,E008085,24,No
O008086,E008086,23,Yes
O008087,E008087,39,No
O008088,E008088,34,Yes
O008089,E008089,5,Yes
O008090,E008090,32,No
O008091,E008091,60,No
O008092,E008092,13,No
O008093,E008093,32,No
O008094,E008094,46,No
O008095,E008095,11,No
O008096,E008096,48,No
O008097,E008097,48,Yes
O008098,E008098,8,Yes
O008099,E008099,32,No
O008100,E008100,18,No
O008101,E008101,19,No
O008102,E008102,7,No
O008103,E008103,18,No
O008104,E008104,56,Yes
O008105,E008105,38,Yes
O008106,E008106,41,No
O008107,E008107,17,No
O008108,E008108,43,No
O008109,E008109,35,No
O008110,E008110,9,No
O008111,E008111,47,No
O008112,E008112,37,Yes
O008113,E008113,59,No
O008114,E008114,53,No
O008115,E008115,9,No
O008116,E008116,15,Yes
O008117,E008117,22,No
O008118,E008118,33,No
O008119,E008119,33,No
O008120,E008120,60,No
O008121,E008121,55,Yes
O008122,E008122,27,No
O008123,E008123,46,Yes
O008124,E008124,32,No
O008125,E008125,33,No
O008126,E008126,33,No
O008127,E008127,24,Yes
O008128,E008128,52,No
O008129,E008129,6,No
O008130,E008130,1,No
O008131,E008131,9,Yes
O008132,E008132,23,Yes
O008133,E008133,8,Yes
O008134,E008134,29,Yes
O008135,E008135,18,No
O008136,E008136,34,No
O008137,E008137,48,No
O008138,E008138,8,No
O008139,E008139,57,No
O008140,E008140,10,Yes
O008141,E008141,35,No
O008142,E008142,16,No
O008143,E008143,58,Yes
O008144,E008144,24,No
O008145,E008145,8,No
O008146,E008146,11,No
O008147,E008147,5,No
O008148,E008148,24,Yes
O008149,E008149,36,No
O008150,E008150,5,No
O008151,E008151,58,Yes
O008152,E008152,52,Yes
O008153,E008153,38,Yes
O008154,E008154,30,Yes
O008155,E008155,53,No
O008156,E008156,11,No
O008157,E008157,38,No
O008158,E008158,47,No
O008159,E008159,26,No
O008160,E008160,39,Yes
O008161,E008161,3,No
O008162,E008162,40,Yes
O008163,E008163,50,No
O008164,E008164,37,Yes
O008165,E008165,41,Yes
O008166,E008166,13,No
O008167,E008167,14,No
O008168,E008168,26,No
O008169,E008169,59,Yes
O008170,E008170,10,No
O008171,E008171,23,No
O008172,E008172,11,No
O008173,E008173,4,No
O008174,E008174,13,No
O008175,E008175,31,No
O008176,E008176,18,Yes
O008177,E008177,41,No
O008178,E008178,34,No
O008179,E008179,14,Yes
O008180,E008180,25,No
O008181,E008181,25,No
O008182,E008182,2,No
O008183,E008183,18,No
O008184,E008184,18,Yes
O008185,E008185,42,Yes
O008186,E008186,23,No
O008187,E008187,2,No
O008188,E008188,21,No
O008189,E008189,1,No
O008190,E008190,56,No
O008191,E008191,29,No
O008192,E008192,57,No
O008193,E008193,32,No
O008194,E008194,48,Yes
O008195,E008195,55,Yes
O008196,E008196,36,No
O008197,E008197,13,No
O008198,E008198,13,No
O008199,E008199,3,No
O008200,E008200,49,No
O008201,E008201,58,Yes
O008202,E008202,30,No
O008203,E008203,38,No
O008204,E008204,59,Yes
O008205,E008205,25,No
O008206,E008206,36,No
O008207,E008207,45,Yes
O008208,E008208,50,No
O008209,E008209,53,No
O008210,E008210,14,No
O008211,E008211,34,No
O008212,E008212,22,No
O008213,E008213,1,No
O008214,E008214,51,No
O008215,E008215,59,No
O008216,E008216,52,Yes
O008217,E008217,23,No
O008218,E008218,26,No
O008219,E008219,21,No
O008220,E008220,5,No
O008221,E008221,6,No
O008222,E008222,44,No
O008223,E008223,58,No
O008224,E008224,20,No
O008225,E008225,36,Yes
O008226,E008226,46,No
O008227,E008227,21,Yes
O008228,E008228,55,Yes
O008229,E008229,43,No
O008230,E008230,35,Yes
O008231,E008231,14,Yes
O008232,E008232,40,Yes
O008233,E008233,25,No
O008234,E008234,17,No
O008235,E008235,47,No
O008236,E008236,39,No
O008237,E008237,3,No
O008238,E008238,39,No
O008239,E008239,10,No
O008240,E008240,6,No
O008241,E008241,53,Yes
O008242,E008242,12,No
O008243,E008243,57,No
O008244,E008244,37,No
O008245,E008245,60,Yes
O008246,E008246,28,Yes
O008247,E008247,36,No
O008248,E008248,1,Yes
O008249,E008249,38,Yes
O008250,E008250,31,No
O008251,E008251,51,No
O008252,E008252,17,No
O008253,E008253,22,No
O008254,E008254,34,No
O008255,E008255,34,Yes
O008256,E008256,47,No
O008257,E008257,52,Yes
O008258,E008258,43,No
O008259,E008259,29,No
O008260,E008260,22,No
O008261,E008261,35,No
O008262,E008262,46,Yes
O008263,E008263,60,No
O008264,E008264,38,No
O008265,E008265,58,Yes
O008266,E008266,16,No
O008267,E008267,31,Yes
O008268,E008268,35,No
O008269,E008269,55,Yes
O008270,E008270,10,Yes
O008271,E008271,44,No
O008272,E008272,6,Yes
O008273,E008273,19,No
O008274,E008274,12,No
O008275,E008275,27,No
O008276,E008276,33,No
O008277,E008277,26,Yes
O008278,E008278,44,No
O008279,E008279,37,No
O008280,E008280,24,No
O008281,E008281,58,No
O008282,E008282,31,No
O008283,E008283,47,Yes
O008284,E008284,2,Yes
O008285,E008285,22,No
O008286,E008286,55,No
O008287,E008287,60,No
O008288,E008288,18,No
O008289,E008289,20,Yes
O008290,E008290,41,No
O008291,E008291,18,No
O008292,E008292,29,No
O008293,E008293,52,No
O008294,E008294,49,Yes
O008295,E008295,25,No
O008296,E008296,11,Yes
O008297,E008297,36,No
O008298,E008298,12,No
O008299,E008299,8,Yes
O008300,E008300,28,No
O008301,E008301,3,No
O008302,E008302,33,No
O008303,E008303,40,No
O008304,E008304,11,No
O008305,E008305,20,No
O008306,E008306,30,No
O008307,E008307,28,Yes
O008308,E008308,52,No
O008309,E008309,32,Yes
O008310,E008310,15,No
O008311,E008311,56,No
O008312,E008312,16,Yes
O008313,E008313,5,No
O008314,E008314,4,No
O008315,E008315,27,No
O008316,E008316,4,No
O008317,E008317,17,No
O008318,E008318,14,No
O008319,E008319,1,No
O008320,E008320,9,No
O008321,E008321,31,Yes
O008322,E008322,12,Yes
O008323,E008323,8,No
O008324,E008324,35,Yes
O008325,E008325,39,No
O008326,E008326,23,No
O008327,E008327,1,No
O008328,E008328,1,No
O008329,E008329,14,No
O008330,E008330,58,No
O008331,E008331,46,No
O008332,E008332,39,No
O008333,E008333,39,No
O008334,E008334,32,No
O008335,E008335,37,No
O008336,E008336,44,No
O008337,E008337,28,No
O008338,E008338,54,Yes
O008339,E008339,36,Yes
O008340,E008340,33,Yes
O008341,E008341,27,Yes
O008342,E008342,33,Yes
O008343,E008343,3,No
O008344,E008344,20,Yes
O008345,E008345,50,Yes
O008346,E008346,35,No
O008347,E008347,37,No
O008348,E008348,14,No
O008349,E008349,58,Yes
O008350,E008350,11,No
O008351,E008351,41,Yes
O008352,E008352,53,No
O008353,E008353,2,No
O008354,E008354,59,No
O008355,E008355,55,No
O008356,E008356,4,No
O008357,E008357,10,No
O008358,E008358,7,No
O008359,E008359,19,No
O008360,E008360,7,No
O008361,E008361,27,Yes
O008362,E008362,34,No
O008363,E008363,5,No
O008364,E008364,40,No
O008365,E008365,30,No
O008366,E008366,40,No
O008367,E008367,41,No
O008368,E008368,26,No
O008369,E008369,9,No
O008370,E008370,51,Yes
O008371,E008371,35,No
O008372,E008372,6,No
O008373,E008373,25,Yes
O008374,E008374,50,Yes
O008375,E008375,43,No
O008376,E008376,44,No
O008377,E008377,10,No
O008378,E008378,60,No
O008379,E008379,19,No
O008380,E008380,35,No
O008381,E008381,39,Yes
O008382,E008382,26,Yes
O008383,E008383,45,Yes
O008384,E008384,35,Yes
O008385,E008385,51,No
O008386,E008386,60,Yes
O008387,E008387,51,No
O008388,E008388,3,No
O008389,E008389,5,No
O008390,E008390,45,No
O008391,E008391,9,No
O008392,E008392,60,No
O008393,E008393,60,Yes
O008394,E008394,29,No
O008395,E008395,53,No
O008396,E008396,51,No
O008397,E008397,44,No
O008398,E008398,58,Yes
O008399,E008399,34,No
O008400,E008400,20,Yes
O008401,E008401,16,No
O008402,E008402,54,Yes
O008403,E008403,33,Yes
O008404,E008404,56,No
O008405,E008405,56,Yes
O008406,E008406,40,No
O008407,E008407,22,No
O008408,E008408,47,No
O008409,E008409,15,Yes
O008410,E008410,60,Yes
O008411,E008411,36,No
O008412,E008412,50,Yes
O008413,E008413,22,No
O008414,E008414,34,No
O008415,E008415,57,No
O008416,E008416,25,No
O008417,E008417,28,No
O008418,E008418,34,No
O008419,E008419,21,No
O008420,E008420,27,Yes
O008421,E008421,1,No
O008422,E008422,29,Yes
O008423,E008423,56,No
O008424,E008424,32,No
O008425,E008425,57,No
O008426,E008426,13,No
O008427,E008427,13,No
O008428,E008428,36,No
O008429,E008429,13,No
O008430,E008430,46,Yes
O008431,E008431,5,No
O008432,E008432,58,Yes
O008433,E008433,53,No
O008434,E008434,10,No
O008435,E008435,47,No
O008436,E008436,14,No
O008437,E008437,17,No
O008438,E008438,2,No
O008439,E008439,34,No
O008440,E008440,16,No
O008441,E008441,25,No
O008442,E008442,7,Yes
O008443,E008443,34,No
O008444,E008444,22,No
O008445,E008445,26,No
O008446,E008446,58,No
O008447,E008447,52,No
O008448,E008448,20,No
O008449,E008449,42,Yes
O008450,E008450,1,No
O008451,E008451,9,Yes
O008452,E008452,51,No
O008453,E008453,22,No
O008454,E008454,59,Yes
O008455,E008455,31,No
O008456,E008456,17,Yes
O008457,E008457,53,No
O008458,E008458,2,No
O008459,E008459,16,No
O008460,E008460,55,Yes
O008461,E008461,56,No
O008462,E008462,43,No
O008463,E008463,10,No
O008464,E008464,10,No
O008465,E008465,53,No
O008466,E008466,60,No
O008467,E008467,25,No
O008468,E008468,54,No
O008469,E008469,35,No
O008470,E008470,15,No
O008471,E008471,19,No
O008472,E008472,4,No
O008473,E008473,47,No
O008474,E008474,55,No
O008475,E008475,22,No
O008476,E008476,36,Yes
O008477,E008477,22,No
O008478,E008478,19,Yes
O008479,E008479,9,No
O008480,E008480,11,Yes
O008481,E008481,8,No
O008482,E008482,1,No
O008483,E008483,22,Yes
O008484,E008484,47,No
O008485,E008485,2,Yes
O008486,E008486,15,No
O008487,E008487,29,No
O008488,E008488,15,Yes
O008489,E008489,43,No
O008490,E008490,18,No
O008491,E008491,10,No
O008492,E008492,55,No
O008493,E008493,19,No
O008494,E008494,49,Yes
O008495,E008495,59,Yes
O008496,E008496,10,No
O008497,E008497,57,No
O008498,E008498,27,No
O008499,E008499,22,No
O008500,E008500,49,No
O008501,E008501,30,No
O008502,E008502,25,No
O008503,E008503,15,Yes
O008504,E008504,3,No
O008505,E008505,9,No
O008506,E008506,34,No
O008507,E008507,33,No
O008508,E008508,23,No
O008509,E008509,10,Yes
O008510,E008510,34,No
O008511,E008511,46,Yes
O008512,E008512,51,No
O008513,E008513,39,Yes
O008514,E008514,1,No
O008515,E008515,8,No
O008516,E008516,39,No
O008517,E008517,14,No
O008518,E008518,3,No
O008519,E008519,12,No
O008520,E008520,14,Yes
O008521,E008521,53,No
O008522,E008522,43,No
O008523,E008523,60,No
O008524,E008524,18,No
O008525,E008525,34,Yes
O008526,E008526,9,No
O008527,E008527,58,No
O008528,E008528,2,No
O008529,E008529,15,No
O008530,E008530,9,No
O008531,E008531,60,Yes
O008532,E008532,11,Yes
O008533,E008533,21,No
O008534,E008534,1,No
O008535,E008535,20,No
O008536,E008536,26,No
O008537,E008537,52,No
O008538,E008538,9,Yes
O008539,E008539,16,Yes
O008540,E008540,51,No
O008541,E008541,26,No
O008542,E008542,8,No
O008543,E008543,27,No
O008544,E008544,10,No
O008545,E008545,47,No
O008546,E008546,15,Yes
O008547,E008547,50,Yes
O008548,E008548,19,No
O008549,E008549,24,No
O008550,E008550,13,No
O008551,E008551,46,No
O008552,E008552,44,No
O008553,E008553,7,No
O008554,E008554,7,No
O008555,E008555,36,No
O008556,E008556,48,No
O008557,E008557,28,Yes
O008558,E008558,36,No
O008559,E008559,15,No
O008560,E008560,35,No
O008561,E008561,12,No
O008562,E008562,28,No
O008563,E008563,31,No
O008564,E008564,58,No
O008565,E008565,31,Yes
O008566,E008566,12,No
O008567,E008567,17,No
O008568,E008568,4,No
O008569,E008569,58,No
O008570,E008570,11,No
O008571,E008571,33,No
O008572,E008572,58,No
O008573,E008573,40,No
O008574,E008574,23,No
O008575,E008575,14,Yes
O008576,E008576,11,No
O008577,E008577,22,No
O008578,E008578,41,No
O008579,E008579,42,No
O008580,E008580,9,No
O008581,E008581,36,No
O008582,E008582,22,No
O008583,E008583,49,No
O008584,E008584,31,No
O008585,E008585,31,Yes
O008586,E008586,40,No
O008587,E008587,6,No
O008588,E008588,44,No
O008589,E008589,20,Yes
O008590,E008590,9,No
O008591,E008591,40,No
O008592,E008592,20,No
O008593,E008593,20,No
O008594,E008594,36,Yes
O008595,E008595,1,No
O008596,E008596,43,No
O008597,E008597,35,No
O008598,E008598,41,No
O008599,E008599,11,Yes
O008600,E008600,60,No
O008601,E008601,3,Yes
O008602,E008602,48,No
O008603,E008603,6,No
O008604,E008604,21,No
O008605,E008605,9,No
O008606,E008606,50,No
O008607,E008607,20,Yes
O008608,E008608,19,No
O008609,E008609,26,No
O008610,E008610,14,No
O008611,E008611,24,No
O008612,E008612,3,Yes
O008613,E008613,45,No
O008614,E008614,28,No
O008615,E008615,39,No
O008616,E008616,44,Yes
O008617,E008617,1,No
O008618,E008618,9,No
O008619,E008619,1,No
O008620,E008620,31,No
O008621,E008621,11,Yes
O008622,E008622,36,No
O008623,E008623,30,Yes
O008624,E008624,51,Yes
O008625,E008625,24,No
O008626,E008626,38,No
O008627,E008627,27,No
O008628,E008628,23,No
O008629,E008629,34,No
O008630,E008630,54,No
O008631,E008631,35,No
O008632,E008632,7,No
O008633,E008633,45,No
O008634,E008634,60,No
O008635,E008635,8,No
O008636,E008636,56,No
O008637,E008637,27,No
O008638,E008638,27,Yes
O008639,E008639,49,No
O008640,E008640,9,No
O008641,E008641,53,No
O008642,E008642,59,No
O008643,E008643,6,No
O008644,E008644,2,No
O008645,E008645,9,No
O008646,E008646,49,No
O008647,E008647,44,No
O008648,E008648,6,No
O008649,E008649,11,Yes
O008650,E008650,1,No
O008651,E008651,35,No
O008652,E008652,10,No
O008653,E008653,53,No
O008654,E008654,20,No
O008655,E008655,42,No
O008656,E008656,19,No
O008657,E008657,11,No
O008658,E008658,27,Yes
O008659,E008659,49,Yes
O008660,E008660,29,Yes
O008661,E008661,20,No
O008662,E008662,8,Yes
O008663,E008663,47,No
O008664,E008664,13,No
O008665,E008665,8,Yes
O008666,E008666,55,No
O008667,E008667,19,No
O008668,E008668,33,No
O008669,E008669,53,No
O008670,E008670,56,No
O008671,E008671,41,No
O008672,E008672,39,No
O008673,E008673,24,No
O008674,E008674,33,Yes
O008675,E008675,50,No
O008676,E008676,49,No
O008677,E008677,36,Yes
O008678,E008678,3,No
O008679,E008679,3,No
O008680,E008680,53,No
O008681,E008681,1,No
O008682,E008682,27,No
O008683,E008683,39,No
O008684,E008684,35,No
O008685,E008685,49,No
O008686,E008686,34,No
O008687,E008687,51,Yes
O008688,E008688,26,Yes
O008689,E008689,48,No
O008690,E008690,44,No
O008691,E008691,31,No
O008692,E008692,28,No
O008693,E008693,36,No
O008694,E008694,16,No
O008695,E008695,45,No
O008696,E008696,20,No
O008697,E008697,9,No
O008698,E008698,32,Yes
O008699,E008699,53,Yes
O008700,E008700,1,No
O008701,E008701,1,Yes
O008702,E008702,33,Yes
O008703,E008703,24,No
O008704,E008704,37,No
O008705,E008705,2,No
O008706,E008706,49,Yes
O008707,E008707,30,No
O008708,E008708,57,Yes
O008709,E008709,57,No
O008710,E008710,18,No
O008711,E008711,44,No
O008712,E008712,28,No
O008713,E008713,15,Yes
O008714,E008714,35,No
O008715,E008715,14,No
O008716,E008716,53,No
O008717,E008717,2,No
O008718,E008718,2,No
O008719,E008719,42,No
O008720,E008720,24,No
O008721,E008721,48,Yes
O008722,E008722,11,Yes
O008723,E008723,60,No
O008724,E008724,19,No
O008725,E008725,1,No
O008726,E008726,28,No
O008727,E008727,27,No
O008728,E008728,12,No
O008729,E008729,33,No
O008730,E008730,39,No
O008731,E008731,17,No
O008732,E008732,51,Yes
O008733,E008733,57,Yes
O008734,E008734,55,No
O008735,E008735,46,No
O008736,E008736,14,No
O008737,E008737,58,Yes
O008738,E008738,51,No
O008739,E008739,30,No
O008740,E008740,26,No
O008741,E008741,16,No
O008742,E008742,32,No
O008743,E008743,7,No
O008744,E008744,24,No
O008745,E008745,43,No
O008746,E008746,1,No
O008747,E008747,21,No
O008748,E008748,26,No
O008749,E008749,30,No
O008750,E008750,57,Yes
O008751,E008751,26,No
O008752,E008752,43,No
O008753,E008753,35,No
O008754,E008754,52,No
O008755,E008755,57,No
O008756,E008756,30,No
O008757,E008757,38,No
O008758,E008758,39,Yes
O008759,E008759,23,Yes
O008760,E008760,36,No
O008761,E008761,11,No
O008762,E008762,50,No
O008763,E008763,14,No
O008764,E008764,12,No
O008765,E008765,30,No
O008766,E008766,15,No
O008767,E008767,54,No
O008768,E008768,38,No
O008769,E008769,45,Yes
O008770,E008770,58,Yes
O008771,E008771,25,Yes
O008772,E008772,3,No
O008773,E008773,3,No
O008774,E008774,23,No
O008775,E008775,46,No
O008776,E008776,50,No
O008777,E008777,10,No
O008778,E008778,26,No
O008779,E008779,33,No
O008780,E008780,29,No
O008781,E008781,55,No
O008782,E008782,55,No
O008783,E008783,1,No
O008784,E008784,20,Yes
O008785,E008785,8,No
O008786,E008786,40,No
O008787,E008787,28,No
O008788,E008788,31,No
O008789,E008789,15,Yes
O008790,E008790,12,No
O008791,E008791,55,No
O008792,E008792,35,No
O008793,E008793,52,Yes
O008794,E008794,5,Yes
O008795,E008795,53,No
O008796,E008796,1,No
O008797,E008797,30,No
O008798,E008798,35,No
O008799,E008799,54,No
O008800,E008800,45,No
O008801,E008801,3,No
O008802,E008802,19,Yes
O008803,E008803,5,No
O008804,E008804,13,Yes
O008805,E008805,5,No
O008806,E008806,40,No
O008807,E008807,5,Yes
O008808,E008808,46,No
O008809,E008809,38,No
O008810,E008810,50,No
O008811,E008811,4,Yes
O008812,E008812,58,No
O008813,E008813,47,No
O008814,E008814,14,No
O008815,E008815,16,No
O008816,E008816,1,No
O008817,E008817,10,No
O008818,E008818,49,Yes
O008819,E008819,39,Yes
O008820,E008820,18,No
O008821,E008821,16,No
O008822,E008822,41,No
O008823,E008823,46,No
O008824,E008824,31,No
O008825,E008825,60,No
O008826,E008826,12,Yes
O008827,E008827,16,No
O008828,E008828,24,Yes
O008829,E008829,60,No
O008830,E008830,21,No
O008831,E008831,59,Yes
O008832,E008832,49,Yes
O008833,E008833,55,No
O008834,E008834,16,No
O008835,E008835,25,No
O008836,E008836,21,Yes
O008837,E008837,4,No
O008838,E008838,55,No
O008839,E008839,38,Yes
O008840,E008840,24,No
O008841,E008841,6,No
O008842,E008842,41,Yes
O008843,E008843,7,No
O008844,E008844,4,No
O008845,E008845,36,No
O008846,E008846,50,No
O008847,E008847,44,No
O008848,E008848,31,No
O008849,E008849,25,No
O008850,E008850,14,No
O008851,E008851,36,No
O008852,E008852,52,No
O008853,E008853,43,No
O008854,E008854,44,No
O008855,E008855,54,No
O008856,E008856,5,Yes
O008857,E008857,12,Yes
O008858,E008858,4,Yes
O008859,E008859,30,Yes
O008860,E008860,51,Yes
O008861,E008861,29,No
O008862,E008862,29,No
O008863,E008863,58,No
O008864,E008864,22,No
O008865,E008865,36,No
O008866,E008866,26,No
O008867,E008867,22,No
O008868,E008868,1,No
O008869,E008869,33,No
O008870,E008870,39,No
O008871,E008871,35,No
O008872,E008872,26,No
O008873,E008873,33,No
O008874,E008874,27,Yes
O008875,E008875,9,No
O008876,E008876,8,No
O008877,E008877,42,No
O008878,E008878,50,No
O008879,E008879,46,Yes
O008880,E008880,3,No
O008881,E008881,26,No
O008882,E008882,8,No
O008883,E008883,15,No
O008884,E008884,60,No
O008885,E008885,8,No
O008886,E008886,2,No
O008887,E008887,30,No
O008888,E008888,44,Yes
O008889,E008889,37,No
O008890,E008890,27,No
O008891,E008891,27,No
O008892,E008892,54,Yes
O008893,E008893,6,No
O008894,E008894,9,Yes
O008895,E008895,54,No
O008896,E008896,29,No
O008897,E008897,49,No
O008898,E008898,57,No
O008899,E008899,19,No
O008900,E008900,24,Yes
O008901,E008901,20,No
O008902,E008902,32,Yes
O008903,E008903,54,No
O008904,E008904,46,No
O008905,E008905,57,No
O008906,E008906,58,No
O008907,E008907,35,No
O008908,E008908,51,No
O008909,E008909,4,No
O008910,E008910,13,No
O008911,E008911,5,No
O008912,E008912,37,Yes
O008913,E008913,51,No
O008914,E008914,58,Yes
O008915,E008915,11,No
O008916,E008916,16,Yes
O008917,E008917,27,No
O008918,E008918,48,No
O008919,E008919,19,No
O008920,E008920,26,No
O008921,E008921,40,No
O008922,E008922,35,No
O008923,E008923,3,No
O008924,E008924,29,No
O008925,E008925,21,No
O008926,E008926,32,No
O008927,E008927,22,No
O008928,E008928,4,No
O008929,E008929,16,No
O008930,E008930,1,Yes
O008931,E008931,34,No
O008932,E008932,28,No
O008933,E008933,56,No
O008934,E008934,11,Yes
O008935,E008935,3,No
O008936,E008936,46,No
O008937,E008937,41,No
O008938,E008938,37,No
O008939,E008939,10,No
O008940,E008940,16,No
O008941,E008941,28,No
O008942,E008942,29,No
O008943,E008943,52,No
O008944,E008944,22,No
O008945,E008945,9,Yes
O008946,E008946,48,Yes
O008947,E008947,38,No
O008948,E008948,12,Yes
O008949,E008949,28,Yes
O008950,E008950,5,Yes
O008951,E008951,19,Yes
O008952,E008952,51,No
O008953,E008953,12,No
O008954,E008954,12,No
O008955,E008955,55,No
O008956,E008956,54,No
O008957,E008957,47,No
O008958,E008958,1,Yes
O008959,E008959,2,No
O008960,E008960,52,No
O008961,E008961,55,No
O008962,E008962,28,No
O008963,E008963,19,No
O008964,E008964,31,No
O008965,E008965,10,No
O008966,E008966,1,No
O008967,E008967,48,No
O008968,E008968,48,Yes
O008969,E008969,12,No
O008970,E008970,32,No
O008971,E008971,59,No
O008972,E008972,13,Yes
O008973,E008973,24,No
O008974,E008974,30,No
O008975,E008975,45,No
O008976,E008976,42,No
O008977,E008977,49,No
O008978,E008978,6,Yes
O008979,E008979,30,No
O008980,E008980,35,No
O008981,E008981,53,No
O008982,E008982,37,No
O008983,E008983,28,No
O008984,E008984,32,Yes
O008985,E008985,41,No
O008986,E008986,37,Yes
O008987,E008987,49,No
O008988,E008988,5,No
O008989,E008989,24,No
O008990,E008990,5,No
O008991,E008991,32,Yes
O008992,E008992,18,No
O008993,E008993,57,Yes
O008994,E008994,31,Yes
O008995,E008995,2,No
O008996,E008996,35,No
O008997,E008997,27,No
O008998,E008998,28,No
O008999,E008999,12,No
O009000,E009000,2,No
O009001,E009001,7,No
O009002,E009002,20,No
O009003,E009003,49,No
O009004,E009004,2,No
O009005,E009005,10,No
O009006,E009006,50,No
O009007,E009007,13,Yes
O009008,E009008,16,No
O009009,E009009,42,No
O009010,E009010,48,No
O009011,E009011,28,No
O009012,E009012,29,No
O009013,E009013,11,Yes
O009014,E009014,16,No
O009015,E009015,8,Yes
O009016,E009016,45,No
O009017,E009017,21,No
O009018,E009018,55,No
O009019,E009019,6,No
O009020,E009020,44,No
O009021,E009021,60,No
O009022,E009022,11,No
O009023,E009023,26,No
O009024,E009024,12,No
O009025,E009025,2,No
O009026,E009026,20,No
O009027,E009027,39,Yes
O009028,E009028,47,No
O009029,E009029,28,No
O009030,E009030,39,No
O009031,E009031,7,No
O009032,E009032,16,No
O009033,E009033,13,No
O009034,E009034,29,No
O009035,E009035,46,No
O009036,E009036,22,No
O009037,E009037,48,No
O009038,E009038,38,No
O009039,E009039,36,Yes
O009040,E009040,2,Yes
O009041,E009041,56,Yes
O009042,E009042,36,No
O009043,E009043,14,No
O009044,E009044,28,No
O009045,E009045,13,Yes
O009046,E009046,50,No
O009047,E009047,4,No
O009048,E009048,16,No
O009049,E009049,2,No
O009050,E009050,44,Yes
O009051,E009051,49,No
O009052,E009052,46,No
O009053,E009053,35,No
O009054,E009054,20,No
O009055,E009055,18,No
O009056,E009056,8,No
O009057,E009057,23,No
O009058,E009058,54,Yes
O009059,E009059,45,Yes
O009060,E009060,47,No
O009061,E009061,51,No
O009062,E009062,59,No
O009063,E009063,23,Yes
O009064,E009064,25,No
O009065,E009065,41,No
O009066,E009066,36,Yes
O009067,E009067,3,No
O009068,E009068,18,No
O009069,E009069,29,No
O009070,E009070,51,No
O009071,E009071,54,No
O009072,E009072,24,No
O009073,E009073,29,Yes
O009074,E009074,54,No
O009075,E009075,12,Yes
O009076,E009076,41,No
O009077,E009077,33,No
O009078,E009078,13,No
O009079,E009079,14,No
O009080,E009080,34,No
O009081,E009081,26,No
O009082,E009082,55,No
O009083,E009083,54,No
O009084,E009084,60,No
O009085,E009085,8,No
O009086,E009086,28,No
O009087,E009087,58,No
O009088,E009088,38,No
O009089,E009089,7,No
O009090,E009090,52,Yes
O009091,E009091,29,No
O009092,E009092,29,No
O009093,E009093,30,No
O009094,E009094,43,Yes
O009095,E009095,57,No
O009096,E009096,42,No
O009097,E009097,45,No
O009098,E009098,32,Yes
O009099,E009099,19,No
O009100,E009100,54,No
O009101,E009101,50,Yes
O009102,E009102,6,Yes
O009103,E009103,43,No
O009104,E009104,42,No
O009105,E009105,44,Yes
O009106,E009106,41,Yes
O009107,E009107,38,Yes
O009108,E009108,7,Yes
O009109,E009109,18,No
O009110,E009110,31,No
O009111,E009111,5,No
O009112,E009112,60,No
O009113,E009113,6,No
O009114,E009114,19,No
O009115,E009115,42,No
O009116,E009116,36,No
O009117,E009117,14,Yes
O009118,E009118,10,No
O009119,E009119,48,No
O009120,E009120,40,No
O009121,E009121,28,Yes
O009122,E009122,51,No
O009123,E009123,40,No
O009124,E009124,10,No
O009125,E009125,21,No
O009126,E009126,3,No
O009127,E009127,12,No
O009128,E009128,5,No
O009129,E009129,26,No
O009130,E009130,27,No
O009131,E009131,10,Yes
O009132,E009132,50,No
O009133,E009133,38,No
O009134,E009134,13,No
O009135,E009135,26,No
O009136,E009136,48,Yes
O009137,E009137,27,No
O009138,E009138,53,No
O009139,E009139,41,No
O009140,E009140,47,No
O009141,E009141,8,Yes
O009142,E009142,23,No
O009143,E009143,40,Yes
O009144,E009144,54,No
O009145,E009145,21,No
O009146,E009146,56,No
O009147,E009147,1,No
O009148,E009148,2,No
O009149,E009149,25,No
O009150,E009150,55,No
O009151,E009151,40,No
O009152,E009152,12,No
O009153,E009153,44,No
O009154,E009154,37,No
O009155,E009155,16,Yes
O009156,E009156,12,No
O009157,E009157,12,Yes
O009158,E009158,7,Yes
O009159,E009159,38,Yes
O009160,E009160,9,No
O009161,E009161,26,No
O009162,E009162,38,No
O009163,E009163,16,Yes
O009164,E009164,17,Yes
O009165,E009165,47,No
O009166,E009166,22,No
O009167,E009167,37,No
O009168,E009168,45,No
O009169,E009169,39,No
O009170,E009170,2,Yes
O009171,E009171,39,Yes
O009172,E009172,19,No
O009173,E009173,40,No
O009174,E009174,46,Yes
O009175,E009175,23,No
O009176,E009176,38,No
O009177,E009177,3,No
O009178,E009178,60,Yes
O009179,E009179,22,No
O009180,E009180,41,Yes
O009181,E009181,8,No
O009182,E009182,38,No
O009183,E009183,18,Yes
O009184,E009184,48,No
O009185,E009185,60,No
O009186,E009186,29,No
O009187,E009187,29,No
O009188,E009188,50,No
O009189,E009189,56,No
O009190,E009190,31,Yes
O009191,E009191,48,Yes
O009192,E009192,35,No
O009193,E009193,31,Yes
O009194,E009194,37,No
O009195,E009195,60,No
O009196,E009196,29,Yes
O009197,E009197,59,No
O009198,E009198,38,No
O009199,E009199,18,No
O009200,E009200,28,No
O009201,E009201,51,No
O009202,E009202,26,No
O009203,E009203,45,No
O009204,E009204,38,No
O009205,E009205,53,Yes
O009206,E009206,38,No
O009207,E009207,14,No
O009208,E009208,38,No
O009209,E009209,38,Yes
O009210,E009210,44,No
O009211,E009211,53,Yes
O009212,E009212,30,No
O009213,E009213,54,No
O009214,E009214,27,Yes
O009215,E009215,14,No
O009216,E009216,10,No
O009217,E009217,33,No
O009218,E009218,56,No
O009219,E009219,57,No
O009220,E009220,30,Yes
O009221,E009221,42,No
O009222,E009222,58,No
O009223,E009223,60,Yes
O009224,E009224,1,No
O009225,E009225,19,No
O009226,E009226,48,Yes
O009227,E009227,19,Yes
O009228,E009228,40,Yes
O009229,E009229,5,No
O009230,E009230,25,Yes
O009231,E009231,52,No
O009232,E009232,33,No
O009233,E009233,56,No
O009234,E009234,57,No
O009235,E009235,55,No
O009236,E009236,21,No
O009237,E009237,31,Yes
O009238,E009238,52,No
O009239,E009239,14,No
O009240,E009240,52,Yes
O009241,E009241,31,No
O009242,E009242,16,No
O009243,E009243,40,No
O009244,E009244,25,No
O009245,E009245,54,No
O009246,E009246,5,No
O009247,E009247,25,No
O009248,E009248,31,Yes
O009249,E009249,15,No
O009250,E009250,10,No
O009251,E009251,39,Yes
O009252,E009252,60,Yes
O009253,E009253,51,No
O009254,E009254,41,No
O009255,E009255,41,Yes
O009256,E009256,12,Yes
O009257,E009257,59,No
O009258,E009258,14,No
O009259,E009259,26,No
O009260,E009260,58,No
O009261,E009261,7,No
O009262,E009262,3,No
O009263,E009263,26,Yes
O009264,E009264,54,No
O009265,E009265,2,No
O009266,E009266,32,Yes
O009267,E009267,39,No
O009268,E009268,13,No
O009269,E009269,44,No
O009270,E009270,2,No
O009271,E009271,11,No
O009272,E009272,37,No
O009273,E009273,57,No
O009274,E009274,36,No
O009275,E009275,47,No
O009276,E009276,18,No
O009277,E009277,58,No
O009278,E009278,15,Yes
O009279,E009279,23,Yes
O009280,E009280,14,No
O009281,E009281,59,No
O009282,E009282,30,Yes
O009283,E009283,9,No
O009284,E009284,51,Yes
O009285,E009285,56,No
O009286,E009286,34,No
O009287,E009287,25,No
O009288,E009288,47,Yes
O009289,E009289,46,No
O009290,E009290,23,No
O009291,E009291,58,Yes
O009292,E009292,11,No
O009293,E009293,6,No
O009294,E009294,52,No
O009295,E009295,11,No
O009296,E009296,45,No
O009297,E009297,52,Yes
O009298,E009298,60,No
O009299,E009299,12,No
O009300,E009300,32,No
O009301,E009301,40,No
O009302,E009302,51,Yes
O009303,E009303,12,No
O009304,E009304,17,No
O009305,E009305,53,No
O009306,E009306,59,No
O009307,E009307,51,No
O009308,E009308,27,No
O009309,E009309,46,No
O009310,E009310,30,No
O009311,E009311,9,No
O009312,E009312,2,No
O009313,E009313,25,No
O009314,E009314,58,No
O009315,E009315,44,No
O009316,E009316,22,No
O009317,E009317,17,No
O009318,E009318,28,No
O009319,E009319,48,No
O009320,E009320,36,No
O009321,E009321,51,No
O009322,E009322,38,No
O009323,E009323,31,No
O009324,E009324,12,No
O009325,E009325,12,Yes
O009326,E009326,20,No
O009327,E009327,49,No
O009328,E009328,13,No
O009329,E009329,46,No
O009330,E009330,12,No
O009331,E009331,37,Yes
O009332,E009332,36,No
O009333,E009333,53,Yes
O009334,E009334,33,No
O009335,E009335,27,No
O009336,E009336,10,No
O009337,E009337,13,No
O009338,E009338,60,No
O009339,E009339,40,No
O009340,E009340,52,No
O009341,E009341,50,Yes
O009342,E009342,38,Yes
O009343,E009343,53,No
O009344,E009344,4,No
O009345,E009345,11,No
O009346,E009346,60,No
O009347,E009347,4,No
O009348,E009348,31,Yes
O009349,E009349,31,No
O009350,E009350,60,Yes
O009351,E009351,9,No
O009352,E009352,5,No
O009353,E009353,43,No
O009354,E009354,24,Yes
O009355,E009355,3,No
O009356,E009356,43,No
O009357,E009357,36,No
O009358,E009358,36,No
O009359,E009359,11,Yes
O009360,E009360,5,No
O009361,E009361,2,No
O009362,E009362,38,No
O009363,E009363,54,No
O009364,E009364,13,Yes
O009365,E009365,12,No
O009366,E009366,16,No
O009367,E009367,38,Yes
O009368,E009368,16,No
O009369,E009369,11,No
O009370,E009370,9,No
O009371,E009371,24,No
O009372,E009372,35,Yes
O009373,E009373,38,No
O009374,E009374,24,No
O009375,E009375,52,No
O009376,E009376,38,Yes
O009377,E009377,30,No
O009378,E009378,42,No
O009379,E009379,35,No
O009380,E009380,21,No
O009381,E009381,54,Yes
O009382,E009382,52,Yes
O009383,E009383,17,Yes
O009384,E009384,52,No
O009385,E009385,24,Yes
O009386,E009386,27,No
O009387,E009387,30,No
O009388,E009388,57,No
O009389,E009389,13,No
O009390,E009390,3,No
O009391,E009391,28,No
O009392,E009392,53,No
O009393,E009393,22,No
O009394,E009394,18,No
O009395,E009395,34,No
O009396,E009396,10,No
O009397,E009397,38,No
O009398,E009398,21,Yes
O009399,E009399,58,No
O009400,E009400,33,No
O009401,E009401,24,Yes
O009402,E009402,13,No
O009403,E009403,39,No
O009404,E009404,49,No
O009405,E009405,43,No
O009406,E009406,23,No
O009407,E009407,31,No
O009408,E009408,40,Yes
O009409,E009409,10,No
O009410,E009410,60,No
O009411,E009411,1,No
O009412,E009412,2,No
O009413,E009413,2,No
O009414,E009414,51,Yes
O009415,E009415,25,No
O009416,E009416,30,Yes
O009417,E009417,16,Yes
O009418,E009418,20,No
O009419,E009419,17,No
O009420,E009420,6,No
O009421,E009421,56,No
O009422,E009422,28,No
O009423,E009423,6,No
O009424,E009424,1,No
O009425,E009425,45,No
O009426,E009426,24,No
O009427,E009427,42,No
O009428,E009428,14,No
O009429,E009429,56,No
O009430,E009430,27,No
O009431,E009431,46,No
O009432,E009432,13,Yes
O009433,E009433,39,Yes
O009434,E009434,14,No
O009435,E009435,24,No
O009436,E009436,9,No
O009437,E009437,22,No
O009438,E009438,5,Yes
O009439,E009439,35,Yes
O009440,E009440,28,Yes
O009441,E009441,37,Yes
O009442,E009442,54,Yes
O009443,E009443,30,No
O009444,E009444,9,No
O009445,E009445,49,No
O009446,E009446,47,Yes
O009447,E009447,26,Yes
O009448,E009448,21,No
O009449,E009449,4,No
O009450,E009450,17,Yes
O009451,E009451,34,Yes
O009452,E009452,29,No
O009453,E009453,19,No
O009454,E009454,45,No
O009455,E009455,34,No
O009456,E009456,9,Yes
O009457,E009457,11,Yes
O009458,E009458,14,Yes
O009459,E009459,57,No
O009460,E009460,28,No
O009461,E009461,42,No
O009462,E009462,37,No
O009463,E009463,60,No
O009464,E009464,60,No
O009465,E009465,59,No
O009466,E009466,19,No
O009467,E009467,40,No
O009468,E009468,44,No
O009469,E009469,49,Yes
O009470,E009470,10,No
O009471,E009471,36,No
O009472,E009472,16,No
O009473,E009473,15,No
O009474,E009474,18,No
O009475,E009475,6,No
O009476,E009476,47,Yes
O009477,E009477,42,Yes
O009478,E009478,45,Yes
O009479,E009479,48,No
O009480,E009480,43,No
O009481,E009481,24,No
O009482,E009482,23,Yes
O009483,E009483,29,Yes
O009484,E009484,47,No
O009485,E009485,47,No
O009486,E009486,23,Yes
O009487,E009487,31,No
O009488,E009488,27,No
O009489,E009489,35,No
O009490,E009490,58,Yes
O009491,E009491,27,No
O009492,E009492,34,No
O009493,E009493,25,Yes
O009494,E009494,5,No
O009495,E009495,21,Yes
O009496,E009496,11,Yes
O009497,E009497,56,No
O009498,E009498,19,No
O009499,E009499,41,No
O009500,E009500,16,Yes
O009501,E009501,6,No
O009502,E009502,41,No
O009503,E009503,47,No
O009504,E009504,56,No
O009505,E009505,38,No
O009506,E009506,26,No
O009507,E009507,38,No
O009508,E009508,28,Yes
O009509,E009509,22,No
O009510,E009510,7,No
O009511,E009511,1,No
O009512,E009512,41,No
O009513,E009513,53,Yes
O009514,E009514,48,No
O009515,E009515,13,No
O009516,E009516,17,No
O009517,E009517,41,No
O009518,E009518,21,No
O009519,E009519,1,Yes
O009520,E009520,17,No
O009521,E009521,20,Yes
O009522,E009522,30,No
O009523,E009523,17,No
O009524,E009524,27,No
O009525,E009525,27,No
O009526,E009526,44,Yes
O009527,E009527,41,Yes
O009528,E009528,4,No
O009529,E009529,41,No
O009530,E009530,33,Yes
O009531,E009531,1,Yes
O009532,E009532,11,No
O009533,E009533,8,Yes
O009534,E009534,35,No
O009535,E009535,58,Yes
O009536,E009536,60,No
O009537,E009537,30,Yes
O009538,E009538,37,Yes
O009539,E009539,52,No
O009540,E009540,40,Yes
O009541,E009541,60,No
O009542,E009542,24,No
O009543,E009543,3,No
O009544,E009544,31,No
O009545,E009545,41,No
O009546,E009546,38,No
O009547,E009547,4,No
O009548,E009548,4,No
O009549,E009549,8,No
O009550,E009550,36,No
O009551,E009551,2,No
O009552,E009552,3,Yes
O009553,E009553,47,No
O009554,E009554,31,No
O009555,E009555,59,Yes
O009556,E009556,10,No
O009557,E009557,48,Yes
O009558,E009558,26,No
O009559,E009559,55,No
O009560,E009560,2,Yes
O009561,E009561,14,Yes
O009562,E009562,2,Yes
O009563,E009563,59,No
O009564,E009564,18,No
O009565,E009565,27,No
O009566,E009566,9,No
O009567,E009567,60,No
O009568,E009568,53,No
O009569,E009569,32,No
O009570,E009570,59,No
O009571,E009571,11,No
O009572,E009572,21,Yes
O009573,E009573,33,No
O009574,E009574,33,Yes
O009575,E009575,44,Yes
O009576,E009576,18,No
O009577,E009577,24,Yes
O009578,E009578,12,No
O009579,E009579,15,No
O009580,E009580,21,No
O009581,E009581,48,No
O009582,E009582,6,No
O009583,E009583,38,Yes
O009584,E009584,7,No
O009585,E009585,58,No
O009586,E009586,18,No
O009587,E009587,22,Yes
O009588,E009588,32,No
O009589,E009589,37,No
O009590,E009590,7,No
O009591,E009591,51,Yes
O009592,E009592,20,No
O009593,E009593,13,No
O009594,E009594,36,No
O009595,E009595,29,No
O009596,E009596,43,No
O009597,E009597,44,Yes
O009598,E009598,21,No
O009599,E009599,2,Yes
O009600,E009600,44,No
O009601,E009601,29,No
O009602,E009602,19,No
O009603,E009603,34,No
O009604,E009604,8,No
O009605,E009605,59,No
O009606,E009606,32,Yes
O009607,E009607,13,No
O009608,E009608,18,No
O009609,E009609,4,No
O009610,E009610,18,No
O009611,E009611,56,No
O009612,E009612,47,Yes
O009613,E009613,14,No
O009614,E009614,47,No
O009615,E009615,48,No
O009616,E009616,8,No
O009617,E009617,19,Yes
O009618,E009618,54,No
O009619,E009619,24,No
O009620,E009620,49,No
O009621,E009621,56,No
O009622,E009622,16,No
O009623,E009623,37,No
O009624,E009624,54,No
O009625,E009625,1,Yes
O009626,E009626,45,No
O009627,E009627,15,No
O009628,E009628,9,No
O009629,E009629,42,No
O009630,E009630,18,No
O009631,E009631,4,No
O009632,E009632,42,No
O009633,E009633,54,Yes
O009634,E009634,58,No
O009635,E009635,54,No
O009636,E009636,57,No
O009637,E009637,5,No
O009638,E009638,7,No
O009639,E009639,50,No
O009640,E009640,2,No
O009641,E009641,3,No
O009642,E009642,1,No
O009643,E009643,18,No
O009644,E009644,7,Yes
O009645,E009645,46,No
O009646,E009646,54,No
O009647,E009647,56,No
O009648,E009648,6,No
O009649,E009649,34,No
O009650,E009650,36,Yes
O009651,E009651,43,No
O009652,E009652,5,No
O009653,E009653,41,Yes
O009654,E009654,21,No
O009655,E009655,50,No
O009656,E009656,23,Yes
O009657,E009657,60,No
O009658,E009658,35,No
O009659,E009659,1,No
O009660,E009660,43,No
O009661,E009661,59,No
O009662,E009662,35,No
O009663,E009663,19,Yes
O009664,E009664,54,No
O009665,E009665,58,No
O009666,E009666,30,Yes
O009667,E009667,42,No
O009668,E009668,6,No
O009669,E009669,42,No
O009670,E009670,54,No
O009671,E009671,31,No
O009672,E009672,60,No
O009673,E009673,44,No
O009674,E009674,59,Yes
O009675,E009675,14,No
O009676,E009676,16,No
O009677,E009677,57,No
O009678,E009678,60,No
O009679,E009679,29,Yes
O009680,E009680,39,No
O009681,E009681,42,No
O009682,E009682,40,Yes
O009683,E009683,19,No
O009684,E009684,21,Yes
O009685,E009685,33,No
O009686,E009686,30,No
O009687,E009687,14,No
O009688,E009688,31,No
O009689,E009689,26,No
O009690,E009690,55,No
O009691,E009691,18,No
O009692,E009692,4,No
O009693,E009693,36,No
O009694,E009694,13,No
O009695,E009695,53,No
O009696,E009696,37,No
O009697,E009697,10,Yes
O009698,E009698,37,No
O009699,E009699,30,No
O009700,E009700,58,Yes
O009701,E009701,60,No
O009702,E009702,41,No
O009703,E009703,4,No
O009704,E009704,10,Yes
O009705,E009705,42,No
O009706,E009706,44,No
O009707,E009707,40,Yes
O009708,E009708,40,No
O009709,E009709,28,No
O009710,E009710,2,No
O009711,E009711,27,No
O009712,E009712,60,No
O009713,E009713,29,Yes
O009714,E009714,6,No
O009715,E009715,23,No
O009716,E009716,12,No
O009717,E009717,41,No
O009718,E009718,8,No
O009719,E009719,10,No
O009720,E009720,17,No
O009721,E009721,1,No
O009722,E009722,3,No
O009723,E009723,44,Yes
O009724,E009724,46,No
O009725,E009725,28,No
O009726,E009726,42,No
O009727,E009727,36,No
O009728,E009728,59,Yes
O009729,E009729,48,No
O009730,E009730,26,Yes
O009731,E009731,58,No
O009732,E009732,25,No
O009733,E009733,34,No
O009734,E009734,3,Yes
O009735,E009735,57,No
O009736,E009736,28,No
O009737,E009737,55,No
O009738,E009738,29,No
O009739,E009739,13,No
O009740,E009740,42,No
O009741,E009741,39,No
O009742,E009742,53,No
O009743,E009743,20,No
O009744,E009744,55,No
O009745,E009745,22,No
O009746,E009746,13,No
O009747,E009747,8,No
O009748,E009748,57,No
O009749,E009749,42,Yes
O009750,E009750,19,Yes
O009751,E009751,5,No
O009752,E009752,5,Yes
O009753,E009753,34,Yes
O009754,E009754,49,No
O009755,E009755,34,Yes
O009756,E009756,11,Yes
O009757,E009757,54,No
O009758,E009758,38,No
O009759,E009759,7,No
O009760,E009760,16,No
O009761,E009761,18,Yes
O009762,E009762,6,No
O009763,E009763,50,No
O009764,E009764,53,Yes
O009765,E009765,51,No
O009766,E009766,60,No
O009767,E009767,1,Yes
O009768,E009768,23,No
O009769,E009769,50,Yes
O009770,E009770,38,Yes
O009771,E009771,8,No
O009772,E009772,12,No
O009773,E009773,5,No
O009774,E009774,55,Yes
O009775,E009775,43,Yes
O009776,E009776,27,No
O009777,E009777,45,No
O009778,E009778,57,No
O009779,E009779,60,Yes
O009780,E009780,50,No
O009781,E009781,21,No
O009782,E009782,47,Yes
O009783,E009783,43,No
O009784,E009784,37,Yes
O009785,E009785,13,No
O009786,E009786,19,Yes
O009787,E009787,59,No
O009788,E009788,59,No
O009789,E009789,13,No
O009790,E009790,58,Yes
O009791,E009791,22,No
O009792,E009792,46,No
O009793,E009793,32,No
O009794,E009794,3,No
O009795,E009795,9,No
O009796,E009796,38,Yes
O009797,E009797,48,No
O009798,E009798,23,No
O009799,E009799,49,No
O009800,E009800,26,No
O009801,E009801,7,No
O009802,E009802,10,Yes
O009803,E009803,5,Yes
O009804,E009804,54,Yes
O009805,E009805,16,No
O009806,E009806,9,No
O009807,E009807,50,No
O009808,E009808,52,Yes
O009809,E009809,25,No
O009810,E009810,53,Yes
O009811,E009811,39,Yes
O009812,E009812,38,Yes
O009813,E009813,58,Yes
O009814,E009814,15,Yes
O009815,E009815,32,Yes
O009816,E009816,52,No
O009817,E009817,35,No
O009818,E009818,24,No
O009819,E009819,36,No
O009820,E009820,40,No
O009821,E009821,57,No
O009822,E009822,59,No
O009823,E009823,41,No
O009824,E009824,50,No
O009825,E009825,26,Yes
O009826,E009826,37,No
O009827,E009827,41,No
O009828,E009828,23,Yes
O009829,E009829,19,No
O009830,E009830,46,No
O009831,E009831,11,No
O009832,E009832,51,No
O009833,E009833,47,No
O009834,E009834,18,Yes
O009835,E009835,28,No
O009836,E009836,15,No
O009837,E009837,42,Yes
O009838,E009838,40,No
O009839,E009839,32,No
O009840,E009840,15,No
O009841,E009841,43,Yes
O009842,E009842,37,No
O009843,E009843,3,No
O009844,E009844,40,No
O009845,E009845,51,No
O009846,E009846,12,No
O009847,E009847,16,Yes
O009848,E009848,5,No
O009849,E009849,47,No
O009850,E009850,5,No
O009851,E009851,44,Yes
O009852,E009852,25,No
O009853,E009853,56,No
O009854,E009854,56,Yes
O009855,E009855,52,No
O009856,E009856,11,No
O009857,E009857,40,No
O009858,E009858,10,No
O009859,E009859,59,Yes
O009860,E009860,37,No
O009861,E009861,8,No
O009862,E009862,20,Yes
O009863,E009863,37,No
O009864,E009864,35,No
O009865,E009865,29,No
O009866,E009866,33,No
O009867,E009867,27,Yes
O009868,E009868,46,No
O009869,E009869,7,Yes
O009870,E009870,23,Yes
O009871,E009871,50,Yes
O009872,E009872,56,No
O009873,E009873,27,No
O009874,E009874,5,No
O009875,E009875,42,No
O009876,E009876,11,Yes
O009877,E009877,53,No
O009878,E009878,9,No
O009879,E009879,45,No
O009880,E009880,1,No
O009881,E009881,44,No
O009882,E009882,29,No
O009883,E009883,5,No
O009884,E009884,16,No
O009885,E009885,14,No
O009886,E009886,40,No
O009887,E009887,17,No
O009888,E009888,9,No
O009889,E009889,51,No
O009890,E009890,32,Yes
O009891,E009891,33,No
O009892,E009892,42,Yes
O009893,E009893,7,No
O009894,E009894,39,No
O009895,E009895,21,No
O009896,E009896,15,Yes
O009897,E009897,34,No
O009898,E009898,4,Yes
O009899,E009899,56,Yes
O009900,E009900,12,No
O009901,E009901,34,Yes
O009902,E009902,60,No
O009903,E009903,54,No
O009904,E009904,24,No
O009905,E009905,55,No
O009906,E009906,53,No
O009907,E009907,21,No
O009908,E009908,38,No
O009909,E009909,59,No
O009910,E009910,43,No
O009911,E009911,49,No
O009912,E009912,41,No
O009913,E009913,28,No
O009914,E009914,3,No
O009915,E009915,1,No
O009916,E009916,40,Yes
O009917,E009917,11,Yes
O009918,E009918,52,No
O009919,E009919,20,No
O009920,E009920,6,No
O009921,E009921,60,No
O009922,E009922,54,No
O009923,E009923,43,Yes
O009924,E009924,39,No
O009925,E009925,41,Yes
O009926,E009926,36,No
O009927,E009927,24,No
O009928,E009928,57,No
O009929,E009929,55,No
O009930,E009930,55,No
O009931,E009931,46,No
O009932,E009932,30,Yes
O009933,E009933,43,Yes
O009934,E009934,42,No
O009935,E009935,1,No
O009936,E009936,26,No
O009937,E009937,10,No
O009938,E009938,20,No
O009939,E009939,17,No
O009940,E009940,16,No
O009941,E009941,32,Yes
O009942,E009942,9,No
O009943,E009943,60,No
O009944,E009944,31,No
O009945,E009945,27,Yes
O009946,E009946,22,No
O009947,E009947,49,Yes
O009948,E009948,58,No
O009949,E009949,47,No
O009950,E009950,21,No
O009951,E009951,37,No
O009952,E009952,42,No
O009953,E009953,42,Yes
O009954,E009954,25,No
O009955,E009955,3,Yes
O009956,E009956,3,Yes
O009957,E009957,57,No
O009958,E009958,4,No
O009959,E009959,54,No
O009960,E009960,45,No
O009961,E009961,42,No
O009962,E009962,59,No
O009963,E009963,60,No
O009964,E009964,37,No
O009965,E009965,34,No
O009966,E009966,57,Yes
O009967,E009967,60,Yes
O009968,E009968,10,Yes
O009969,E009969,47,No
O009970,E009970,31,Yes
O009971,E009971,25,No
O009972,E009972,2,No
O009973,E009973,9,No
O009974,E009974,30,No
O009975,E009975,25,No
O009976,E009976,31,No
O009977,E009977,29,No
O009978,E009978,14,No
O009979,E009979,28,Yes
O009980,E009980,8,No
O009981,E009981,39,No
O009982,E009982,43,Yes
O009983,E009983,37,No
O009984,E009984,27,No
O009985,E009985,53,Yes
O009986,E009986,9,Yes
O009987,E009987,13,No
O009988,E009988,41,No
O009989,E009989,20,No
O009990,E009990,56,No
O009991,E009991,16,No
O009992,E009992,10,No
O009993,E009993,25,Yes
O009994,E009994,3,No
O009995,E009995,15,No
O009996,E009996,1,Yes
O009997,E009997,49,No
O009998,E009998,56,No
O009999,E009999,15,No
O010000,E010000,56,Yes
O010001,E010001,16,No
O010002,E010002,11,No
O010003,E010003,57,No
O010004,E010004,1,No
O010005,E010005,19,No
O010006,E010006,10,No
O010007,E010007,8,No
O010008,E010008,20,Yes
O010009,E010009,57,No
O010010,E010010,9,No
O010011,E010011,7,Yes
O010012,E010012,50,No
O010013,E010013,58,No
O010014,E010014,12,Yes
O010015,E010015,56,No
O010016,E010016,23,Yes
O010017,E010017,39,No
O010018,E010018,41,No
O010019,E010019,36,Yes
O010020,E010020,26,No
O010021,E010021,40,No
O010022,E010022,10,No
O010023,E010023,25,No
O010024,E010024,30,Yes
O010025,E010025,43,No
O010026,E010026,37,Yes
O010027,E010027,42,No
O010028,E010028,33,No
O010029,E010029,51,No
O010030,E010030,44,No
O010031,E010031,36,No
O010032,E010032,52,Yes
O010033,E010033,43,No
O010034,E010034,53,No
O010035,E010035,3,Yes
O010036,E010036,32,No
O010037,E010037,35,Yes
O010038,E010038,18,Yes
O010039,E010039,30,No
O010040,E010040,57,No
O010041,E010041,19,No
O010042,E010042,12,No
O010043,E010043,34,No
O010044,E010044,4,Yes
O010045,E010045,24,No
O010046,E010046,7,No
O010047,E010047,48,No
O010048,E010048,17,No
O010049,E010049,47,Yes
O010050,E010050,39,No
O010051,E010051,50,No
O010052,E010052,24,Yes
O010053,E010053,16,Yes
O010054,E010054,25,No
O010055,E010055,19,No
O010056,E010056,26,No
O010057,E010057,33,No
O010058,E010058,14,No
O010059,E010059,44,No
O010060,E010060,23,Yes
O010061,E010061,31,No
O010062,E010062,19,Yes
O010063,E010063,30,No
O010064,E010064,55,No
O010065,E010065,47,No
O010066,E010066,26,No
O010067,E010067,8,No
O010068,E010068,22,No
O010069,E010069,27,No
O010070,E010070,30,No
O010071,E010071,34,No
O010072,E010072,2,No
O010073,E010073,13,Yes
O010074,E010074,10,No
O010075,E010075,25,No
O010076,E010076,33,No
O010077,E010077,41,No
O010078,E010078,27,Yes
O010079,E010079,29,No
O010080,E010080,57,No
O010081,E010081,52,Yes
O010082,E010082,27,Yes
O010083,E010083,39,No
O010084,E010084,16,No
O010085,E010085,53,No
O010086,E010086,43,No
O010087,E010087,29,No
O010088,E010088,35,No
O010089,E010089,46,No
O010090,E010090,16,No
O010091,E010091,15,No
O010092,E010092,27,Yes
O010093,E010093,33,No
O010094,E010094,25,Yes
O010095,E010095,33,No
O010096,E010096,12,No
O010097,E010097,14,No
O010098,E010098,10,No
O010099,E010099,42,Yes
O010100,E010100,37,No
O010101,E010101,12,Yes
O010102,E010102,47,No
O010103,E010103,21,No
O010104,E010104,36,No
O010105,E010105,7,No
O010106,E010106,12,No
O010107,E010107,20,No
O010108,E010108,34,Yes
O010109,E010109,31,No
O010110,E010110,6,No
O010111,E010111,45,No
O010112,E010112,42,No
O010113,E010113,4,No
O010114,E010114,16,No
O010115,E010115,40,No
O010116,E010116,30,No
O010117,E010117,32,Yes
O010118,E010118,28,No
O010119,E010119,3,No
O010120,E010120,48,Yes
O010121,E010121,59,No
O010122,E010122,50,No
O010123,E010123,3,No
O010124,E010124,27,Yes
O010125,E010125,56,No
O010126,E010126,51,No
O010127,E010127,41,No
O010128,E010128,29,No
O010129,E010129,45,No
O010130,E010130,13,Yes
O010131,E010131,45,No
O010132,E010132,47,Yes
O010133,E010133,52,No
O010134,E010134,11,No
O010135,E010135,8,No
O010136,E010136,44,No
O010137,E010137,37,No
O010138,E010138,29,Yes
O010139,E010139,10,No
O010140,E010140,55,No
O010141,E010141,55,No
O010142,E010142,47,No
O010143,E010143,39,No
O010144,E010144,7,No
O010145,E010145,8,No
O010146,E010146,38,No
O010147,E010147,26,No
O010148,E010148,2,No
O010149,E010149,36,No
O010150,E010150,35,No
O010151,E010151,11,No
O010152,E010152,50,No
O010153,E010153,24,Yes
O010154,E010154,29,No
O010155,E010155,53,No
O010156,E010156,23,No
O010157,E010157,5,No
O010158,E010158,24,Yes
O010159,E010159,14,Yes
O010160,E010160,17,No
O010161,E010161,39,No
O010162,E010162,44,No
O010163,E010163,1,Yes
O010164,E010164,56,No
O010165,E010165,12,No
O010166,E010166,38,Yes
O010167,E010167,53,No
O010168,E010168,44,No
O010169,E010169,16,No
O010170,E010170,36,No
O010171,E010171,3,Yes
O010172,E010172,52,No
O010173,E010173,40,No
O010174,E010174,59,No
O010175,E010175,5,No
O010176,E010176,32,No
O010177,E010177,17,No
O010178,E010178,8,No
O010179,E010179,3,No
O010180,E010180,33,No
O010181,E010181,19,No
O010182,E010182,55,No
O010183,E010183,42,No
O010184,E010184,56,No
O010185,E010185,48,No
O010186,E010186,41,Yes
O010187,E010187,16,Yes
O010188,E010188,3,No
O010189,E010189,24,No
O010190,E010190,43,No
O010191,E010191,26,No
O010192,E010192,11,No
O010193,E010193,27,No
O010194,E010194,37,No
O010195,E010195,11,Yes
O010196,E010196,34,Yes
O010197,E010197,57,No
O010198,E010198,53,No
O010199,E010199,60,Yes
O010200,E010200,6,No
O010201,E010201,39,No
O010202,E010202,49,No
O010203,E010203,3,No
O010204,E010204,36,No
O010205,E010205,34,No
O010206,E010206,56,No
O010207,E010207,36,No
O010208,E010208,56,No
O010209,E010209,15,No
O010210,E010210,50,No
O010211,E010211,33,No
O010212,E010212,33,No
O010213,E010213,5,Yes
O010214,E010214,5,No
O010215,E010215,51,No
O010216,E010216,3,Yes
O010217,E010217,43,No
O010218,E010218,31,No
O010219,E010219,47,Yes
O010220,E010220,28,Yes
O010221,E010221,5,No
O010222,E010222,30,No
O010223,E010223,17,No
O010224,E010224,53,No
O010225,E010225,55,No
O010226,E010226,16,No
O010227,E010227,8,No
O010228,E010228,32,Yes
O010229,E010229,55,No
O010230,E010230,15,No
O010231,E010231,15,No
O010232,E010232,30,No
O010233,E010233,40,No
O010234,E010234,37,No
O010235,E010235,40,Yes
O010236,E010236,33,Yes
O010237,E010237,25,No
O010238,E010238,17,No
O010239,E010239,57,No
O010240,E010240,51,No
O010241,E010241,3,Yes
O010242,E010242,18,No
O010243,E010243,43,No
O010244,E010244,54,No
O010245,E010245,7,No
O010246,E010246,25,No
O010247,E010247,46,Yes
O010248,E010248,15,No
O010249,E010249,10,No
O010250,E010250,16,Yes
O010251,E010251,26,No
O010252,E010252,21,No
O010253,E010253,60,No
O010254,E010254,10,No
O010255,E010255,11,No
O010256,E010256,47,No
O010257,E010257,20,No
O010258,E010258,34,Yes
O010259,E010259,39,No
O010260,E010260,20,Yes
O010261,E010261,50,No
O010262,E010262,13,No
O010263,E010263,23,No
O010264,E010264,14,No
O010265,E010265,28,Yes
O010266,E010266,42,No
O010267,E010267,23,Yes
O010268,E010268,40,No
O010269,E010269,4,No
O010270,E010270,34,No
O010271,E010271,48,No
O010272,E010272,34,No
O010273,E010273,60,No
O010274,E010274,19,Yes
O010275,E010275,26,No
O010276,E010276,11,Yes
O010277,E010277,30,No
O010278,E010278,18,No
O010279,E010279,30,No
O010280,E010280,18,No
O010281,E010281,58,No
O010282,E010282,11,Yes
O010283,E010283,2,Yes
O010284,E010284,19,No
O010285,E010285,21,Yes
O010286,E010286,60,Yes
O010287,E010287,59,No
O010288,E010288,17,Yes
O010289,E010289,34,Yes
O010290,E010290,44,No
O010291,E010291,48,Yes
O010292,E010292,15,No
O010293,E010293,60,No
O010294,E010294,39,No
O010295,E010295,37,No
O010296,E010296,20,No
O010297,E010297,4,No
O010298,E010298,17,Yes
O010299,E010299,25,No
O010300,E010300,8,No
O010301,E010301,57,Yes
O010302,E010302,54,Yes
O010303,E010303,41,No
O010304,E010304,27,Yes
O010305,E010305,56,Yes
O010306,E010306,31,No
O010307,E010307,8,Yes
O010308,E010308,25,No
O010309,E010309,60,No
O010310,E010310,9,Yes
O010311,E010311,42,Yes
O010312,E010312,44,No
O010313,E010313,43,No
O010314,E010314,1,No
O010315,E010315,36,No
O010316,E010316,30,No
O010317,E010317,48,No
O010318,E010318,49,Yes
O010319,E010319,54,Yes
O010320,E010320,50,Yes
O010321,E010321,48,No
O010322,E010322,46,No
O010323,E010323,55,Yes
O010324,E010324,14,No
O010325,E010325,57,No
O010326,E010326,42,No
O010327,E010327,48,No
O010328,E010328,46,No
O010329,E010329,4,No
O010330,E010330,26,Yes
O010331,E010331,14,Yes
O010332,E010332,58,No
O010333,E010333,40,Yes
O010334,E010334,45,Yes
O010335,E010335,36,No
O010336,E010336,47,No
O010337,E010337,3,No
O010338,E010338,58,No
O010339,E010339,20,No
O010340,E010340,58,No
O010341,E010341,6,No
O010342,E010342,21,No
O010343,E010343,11,Yes
O010344,E010344,27,No
O010345,E010345,30,No
O010346,E010346,55,No
O010347,E010347,14,No
O010348,E010348,47,No
O010349,E010349,18,No
O010350,E010350,6,No
O010351,E010351,44,No
O010352,E010352,41,No
O010353,E010353,32,No
O010354,E010354,33,No
O010355,E010355,52,No
O010356,E010356,55,No
O010357,E010357,12,No
O010358,E010358,4,No
O010359,E010359,50,No
O010360,E010360,54,Yes
O010361,E010361,36,No
O010362,E010362,49,No
O010363,E010363,43,No
O010364,E010364,11,Yes
O010365,E010365,36,Yes
O010366,E010366,15,No
O010367,E010367,24,No
O010368,E010368,55,No
O010369,E010369,33,No
O010370,E010370,28,No
O010371,E010371,40,Yes
O010372,E010372,4,No
O010373,E010373,12,No
O010374,E010374,16,No
O010375,E010375,12,Yes
O010376,E010376,46,No
O010377,E010377,21,No
O010378,E010378,26,Yes
O010379,E010379,9,No
O010380,E010380,20,No
O010381,E010381,50,No
O010382,E010382,54,Yes
O010383,E010383,21,No
O010384,E010384,42,No
O010385,E010385,5,No
O010386,E010386,52,No
O010387,E010387,11,No
O010388,E010388,60,No
O010389,E010389,5,Yes
O010390,E010390,16,Yes
O010391,E010391,12,No
O010392,E010392,37,Yes
O010393,E010393,34,No
O010394,E010394,22,No
O010395,E010395,15,Yes
O010396,E010396,32,No
O010397,E010397,33,No
O010398,E010398,35,No
O010399,E010399,4,Yes
O010400,E010400,16,No
O010401,E010401,56,Yes
O010402,E010402,10,No
O010403,E010403,45,Yes
O010404,E010404,43,No
O010405,E010405,33,Yes
O010406,E010406,12,No
O010407,E010407,59,No
O010408,E010408,15,No
O010409,E010409,31,No
O010410,E010410,35,No
O010411,E010411,48,No
O010412,E010412,23,No
O010413,E010413,32,No
O010414,E010414,48,No
O010415,E010415,25,No
O010416,E010416,5,Yes
O010417,E010417,53,No
O010418,E010418,58,No
O010419,E010419,53,Yes
O010420,E010420,41,No
O010421,E010421,14,Yes
O010422,E010422,31,No
O010423,E010423,48,Yes
O010424,E010424,14,No
O010425,E010425,42,No
O010426,E010426,14,Yes
O010427,E010427,6,No
O010428,E010428,59,Yes
O010429,E010429,25,Yes
O010430,E010430,44,Yes
O010431,E010431,28,No
O010432,E010432,49,Yes
O010433,E010433,17,No
O010434,E010434,60,Yes
O010435,E010435,4,Yes
O010436,E010436,28,Yes
O010437,E010437,7,No
O010438,E010438,42,No
O010439,E010439,57,Yes
O010440,E010440,6,No
O010441,E010441,42,No
O010442,E010442,56,No
O010443,E010443,37,No
O010444,E010444,58,No
O010445,E010445,43,Yes
O010446,E010446,49,No
O010447,E010447,29,No
O010448,E010448,28,Yes
O010449,E010449,19,No
O010450,E010450,14,Yes
O010451,E010451,46,No
O010452,E010452,13,Yes
O010453,E010453,29,No
O010454,E010454,35,No
O010455,E010455,41,Yes
O010456,E010456,2,Yes
O010457,E010457,2,No
O010458,E010458,26,No
O010459,E010459,1,No
O010460,E010460,28,Yes
O010461,E010461,37,No
O010462,E010462,34,No
O010463,E010463,46,No
O010464,E010464,24,No
O010465,E010465,49,No
O010466,E010466,60,No
O010467,E010467,48,No
O010468,E010468,29,Yes
O010469,E010469,28,No
O010470,E010470,34,Yes
O010471,E010471,60,No
O010472,E010472,54,No
O010473,E010473,33,No
O010474,E010474,38,No
O010475,E010475,34,Yes
O010476,E010476,5,No
O010477,E010477,30,No
O010478,E010478,22,Yes
O010479,E010479,3,Yes
O010480,E010480,29,Yes
O010481,E010481,31,No
O010482,E010482,30,No
O010483,E010483,29,No
O010484,E010484,31,No
O010485,E010485,24,Yes
O010486,E010486,53,No
O010487,E010487,41,No
O010488,E010488,23,No
O010489,E010489,48,No
O010490,E010490,38,Yes
O010491,E010491,58,No
O010492,E010492,53,Yes
O010493,E010493,49,No
O010494,E010494,49,No
O010495,E010495,34,No
O010496,E010496,24,No
O010497,E010497,25,Yes
O010498,E010498,2,No
O010499,E010499,6,No
O010500,E010500,41,No
O010501,E010501,58,No
O010502,E010502,32,No
O010503,E010503,44,No
O010504,E010504,13,No
O010505,E010505,16,No
O010506,E010506,26,No
O010507,E010507,10,No
O010508,E010508,4,No
O010509,E010509,14,No
O010510,E010510,24,No
O010511,E010511,38,No
O010512,E010512,37,Yes
O010513,E010513,39,No
O010514,E010514,23,No
O010515,E010515,11,No
O010516,E010516,8,No
O010517,E010517,6,No
O010518,E010518,34,No
O010519,E010519,37,No
O010520,E010520,33,No
O010521,E010521,45,No
O010522,E010522,55,Yes
O010523,E010523,10,No
O010524,E010524,36,No
O010525,E010525,7,No
O010526,E010526,51,Yes
O010527,E010527,17,Yes
O010528,E010528,20,No
O010529,E010529,58,No
O010530,E010530,47,No
O010531,E010531,28,No
O010532,E010532,24,No
O010533,E010533,38,Yes
O010534,E010534,9,No
O010535,E010535,54,No
O010536,E010536,30,No
O010537,E010537,39,Yes
O010538,E010538,53,No
O010539,E010539,36,No
O010540,E010540,17,No
O010541,E010541,52,Yes
O010542,E010542,16,No
O010543,E010543,34,Yes
O010544,E010544,43,Yes
O010545,E010545,7,No
O010546,E010546,27,No
O010547,E010547,51,No
O010548,E010548,7,Yes
O010549,E010549,49,No
O010550,E010550,32,No
O010551,E010551,16,No
O010552,E010552,19,No
O010553,E010553,49,No
O010554,E010554,26,No
O010555,E010555,1,Yes
O010556,E010556,43,No
O010557,E010557,30,No
O010558,E010558,43,No
O010559,E010559,15,No
O010560,E010560,54,No
O010561,E010561,3,No
O010562,E010562,20,Yes
O010563,E010563,19,Yes
O010564,E010564,27,No
O010565,E010565,1,No
O010566,E010566,45,No
O010567,E010567,52,No
O010568,E010568,13,No
O010569,E010569,33,No
O010570,E010570,43,No
O010571,E010571,24,No
O010572,E010572,11,No
O010573,E010573,5,No
O010574,E010574,43,Yes
O010575,E010575,48,No
O010576,E010576,32,No
O010577,E010577,35,Yes
O010578,E010578,52,No
O010579,E010579,51,No
O010580,E010580,19,Yes
O010581,E010581,1,No
O010582,E010582,15,No
O010583,E010583,19,No
O010584,E010584,4,No
O010585,E010585,25,Yes
O010586,E010586,46,No
O010587,E010587,36,No
O010588,E010588,8,Yes
O010589,E010589,45,No
O010590,E010590,49,No
O010591,E010591,26,No
O010592,E010592,36,Yes
O010593,E010593,18,Yes
O010594,E010594,28,No
O010595,E010595,33,No
O010596,E010596,36,No
O010597,E010597,5,No
O010598,E010598,54,No
O010599,E010599,36,No
O010600,E010600,51,No
O010601,E010601,28,No
O010602,E010602,17,No
O010603,E010603,14,Yes
O010604,E010604,57,No
O010605,E010605,29,Yes
O010606,E010606,53,No
O010607,E010607,15,No
O010608,E010608,3,No
O010609,E010609,3,Yes
O010610,E010610,19,No
O010611,E010611,55,Yes
O010612,E010612,33,No
O010613,E010613,36,Yes
O010614,E010614,48,Yes
O010615,E010615,26,Yes
O010616,E010616,39,Yes
O010617,E010617,16,No
O010618,E010618,51,Yes
O010619,E010619,24,No
O010620,E010620,29,No
O010621,E010621,40,No
O010622,E010622,45,No
O010623,E010623,27,No
O010624,E010624,7,No
O010625,E010625,9,No
O010626,E010626,39,No
O010627,E010627,45,Yes
O010628,E010628,55,No
O010629,E010629,58,No
O010630,E010630,4,No
O010631,E010631,37,Yes
O010632,E010632,34,No
O010633,E010633,7,No
O010634,E010634,4,No
O010635,E010635,9,Yes
O010636,E010636,2,Yes
O010637,E010637,56,No
O010638,E010638,55,No
O010639,E010639,27,No
O010640,E010640,32,No
O010641,E010641,20,No
O010642,E010642,57,Yes
O010643,E010643,55,No
O010644,E010644,21,Yes
O010645,E010645,17,No
O010646,E010646,42,No
O010647,E010647,43,No
O010648,E010648,51,No
O010649,E010649,13,No
O010650,E010650,24,No
O010651,E010651,6,No
O010652,E010652,26,No
O010653,E010653,60,Yes
O010654,E010654,32,No
O010655,E010655,55,No
O010656,E010656,2,No
O010657,E010657,5,No
O010658,E010658,5,No
O010659,E010659,14,No
O010660,E010660,51,No
O010661,E010661,6,No
O010662,E010662,20,No
O010663,E010663,34,No
O010664,E010664,17,No
O010665,E010665,3,No
O010666,E010666,55,Yes
O010667,E010667,33,No
O010668,E010668,9,No
O010669,E010669,6,No
O010670,E010670,9,Yes
O010671,E010671,18,Yes
O010672,E010672,40,No
O010673,E010673,8,No
O010674,E010674,17,No
O010675,E010675,55,No
O010676,E010676,25,No
O010677,E010677,25,No
O010678,E010678,53,Yes
O010679,E010679,9,No
O010680,E010680,59,No
O010681,E010681,9,No
O010682,E010682,4,Yes
O010683,E010683,15,No
O010684,E010684,10,No
O010685,E010685,15,No
O010686,E010686,17,No
O010687,E010687,38,No
O010688,E010688,37,No
O010689,E010689,3,No
O010690,E010690,19,Yes
O010691,E010691,21,No
O010692,E010692,54,No
O010693,E010693,54,Yes
O010694,E010694,39,No
O010695,E010695,1,No
O010696,E010696,24,No
O010697,E010697,18,No
O010698,E010698,17,Yes
O010699,E010699,32,Yes
O010700,E010700,29,No
O010701,E010701,48,No
O010702,E010702,2,No
O010703,E010703,41,No
O010704,E010704,3,No
O010705,E010705,60,No
O010706,E010706,7,No
O010707,E010707,22,No
O010708,E010708,38,Yes
O010709,E010709,8,No
O010710,E010710,35,No
O010711,E010711,4,No
O010712,E010712,43,No
O010713,E010713,43,Yes
O010714,E010714,21,No
O010715,E010715,37,No
O010716,E010716,54,No
O010717,E010717,15,No
O010718,E010718,45,No
O010719,E010719,28,No
O010720,E010720,58,No
O010721,E010721,42,Yes
O010722,E010722,47,No
O010723,E010723,5,Yes
O010724,E010724,33,Yes
O010725,E010725,60,No
O010726,E010726,4,No
O010727,E010727,5,No
O010728,E010728,45,No
O010729,E010729,53,Yes
O010730,E010730,3,No
O010731,E010731,60,No
O010732,E010732,55,No
O010733,E010733,21,No
O010734,E010734,6,No
O010735,E010735,11,No
O010736,E010736,25,Yes
O010737,E010737,8,No
O010738,E010738,53,No
O010739,E010739,28,No
O010740,E010740,52,No
O010741,E010741,1,No
O010742,E010742,53,Yes
O010743,E010743,52,No
O010744,E010744,26,Yes
O010745,E010745,32,No
O010746,E010746,4,No
O010747,E010747,47,Yes
O010748,E010748,24,No
O010749,E010749,43,No
O010750,E010750,34,No
O010751,E010751,47,No
O010752,E010752,24,No
O010753,E010753,47,No
O010754,E010754,31,No
O010755,E010755,58,No
O010756,E010756,9,No
O010757,E010757,49,No
O010758,E010758,58,No
O010759,E010759,51,No
O010760,E010760,15,No
O010761,E010761,29,Yes
O010762,E010762,10,No
O010763,E010763,49,No
O010764,E010764,13,Yes
O010765,E010765,2,Yes
O010766,E010766,14,No
O010767,E010767,53,No
O010768,E010768,44,Yes
O010769,E010769,41,No
O010770,E010770,16,No
O010771,E010771,59,No
O010772,E010772,4,Yes
O010773,E010773,22,No
O010774,E010774,30,No
O010775,E010775,21,No
O010776,E010776,55,Yes
O010777,E010777,40,No
O010778,E010778,8,Yes
O010779,E010779,36,No
O010780,E010780,15,No
O010781,E010781,10,Yes
O010782,E010782,50,No
O010783,E010783,50,No
O010784,E010784,32,No
O010785,E010785,16,Yes
O010786,E010786,47,No
O010787,E010787,15,Yes
O010788,E010788,39,Yes
O010789,E010789,39,No
O010790,E010790,44,No
O010791,E010791,1,No
O010792,E010792,3,No
O010793,E010793,53,No
O010794,E010794,17,No
O010795,E010795,55,No
O010796,E010796,12,No
O010797,E010797,49,Yes
O010798,E010798,35,No
O010799,E010799,55,No
O010800,E010800,2,No
O010801,E010801,35,No
O010802,E010802,11,No
O010803,E010803,27,No
O010804,E010804,58,No
O010805,E010805,19,No
O010806,E010806,20,No
O010807,E010807,11,No
O010808,E010808,59,Yes
O010809,E010809,54,No
O010810,E010810,28,No
O010811,E010811,17,Yes
O010812,E010812,12,No
O010813,E010813,5,No
O010814,E010814,39,Yes
O010815,E010815,55,No
O010816,E010816,26,Yes
O010817,E010817,23,Yes
O010818,E010818,40,Yes
O010819,E010819,12,No
O010820,E010820,2,Yes
O010821,E010821,7,No
O010822,E010822,12,No
O010823,E010823,43,No
O010824,E010824,11,Yes
O010825,E010825,24,No
O010826,E010826,21,No
O010827,E010827,49,No
O010828,E010828,23,No
O010829,E010829,12,No
O010830,E010830,45,Yes
O010831,E010831,28,Yes
O010832,E010832,48,No
O010833,E010833,34,Yes
O010834,E010834,37,No
O010835,E010835,1,No
O010836,E010836,6,No
O010837,E010837,55,No
O010838,E010838,4,Yes
O010839,E010839,40,No
O010840,E010840,58,No
O010841,E010841,42,Yes
O010842,E010842,13,Yes
O010843,E010843,19,No
O010844,E010844,21,No
O010845,E010845,34,Yes
O010846,E010846,25,No
O010847,E010847,23,Yes
O010848,E010848,23,No
O010849,E010849,59,Yes
O010850,E010850,6,No
O010851,E010851,18,No
O010852,E010852,3,Yes
O010853,E010853,40,No
O010854,E010854,34,No
O010855,E010855,6,No
O010856,E010856,34,No
O010857,E010857,45,No
O010858,E010858,2,No
O010859,E010859,15,No
O010860,E010860,31,No
O010861,E010861,33,Yes
O010862,E010862,43,No
O010863,E010863,52,No
O010864,E010864,2,No
O010865,E010865,29,No
O010866,E010866,8,No
O010867,E010867,4,No
O010868,E010868,1,No
O010869,E010869,59,No
O010870,E010870,1,No
O010871,E010871,47,Yes
O010872,E010872,29,No
O010873,E010873,44,Yes
O010874,E010874,38,No
O010875,E010875,25,Yes
O010876,E010876,18,Yes
O010877,E010877,12,No
O010878,E010878,11,No
O010879,E010879,5,Yes
O010880,E010880,7,No
O010881,E010881,59,No
O010882,E010882,53,Yes
O010883,E010883,37,No
O010884,E010884,43,No
O010885,E010885,35,No
O010886,E010886,53,Yes
O010887,E010887,33,No
O010888,E010888,9,No
O010889,E010889,17,No
O010890,E010890,60,No
O010891,E010891,47,No
O010892,E010892,47,No
O010893,E010893,3,No
O010894,E010894,40,No
O010895,E010895,17,Yes
O010896,E010896,39,No
O010897,E010897,13,No
O010898,E010898,3,Yes
O010899,E010899,19,No
O010900,E010900,37,No
O010901,E010901,46,No
O010902,E010902,6,No
O010903,E010903,34,No
O010904,E010904,35,No
O010905,E010905,39,No
O010906,E010906,14,No
O010907,E010907,54,No
O010908,E010908,12,Yes
O010909,E010909,28,No
O010910,E010910,39,No
O010911,E010911,2,Yes
O010912,E010912,39,No
O010913,E010913,49,Yes
O010914,E010914,38,No
O010915,E010915,25,No
O010916,E010916,27,No
O010917,E010917,56,No
O010918,E010918,59,No
O010919,E010919,34,Yes
O010920,E010920,57,No
O010921,E010921,28,Yes
O010922,E010922,43,No
O010923,E010923,42,No
O010924,E010924,46,No
O010925,E010925,27,No
O010926,E010926,9,No
O010927,E010927,29,No
O010928,E010928,8,Yes
O010929,E010929,54,No
O010930,E010930,52,Yes
O010931,E010931,39,Yes
O010932,E010932,2,Yes
O010933,E010933,56,No
O010934,E010934,17,No
O010935,E010935,39,No
O010936,E010936,38,No
O010937,E010937,36,No
O010938,E010938,14,No
O010939,E010939,23,Yes
O010940,E010940,1,No
O010941,E010941,1,No
O010942,E010942,3,Yes
O010943,E010943,40,No
O010944,E010944,23,Yes
O010945,E010945,28,No
O010946,E010946,16,No
O010947,E010947,29,Yes
O010948,E010948,33,No
O010949,E010949,32,No
O010950,E010950,55,No
O010951,E010951,47,No
O010952,E010952,23,No
O010953,E010953,47,No
O010954,E010954,47,No
O010955,E010955,46,No
O010956,E010956,53,No
O010957,E010957,33,Yes
O010958,E010958,55,No
O010959,E010959,59,No
O010960,E010960,58,Yes
O010961,E010961,42,No
O010962,E010962,33,No
O010963,E010963,38,Yes
O010964,E010964,3,No
O010965,E010965,34,No
O010966,E010966,49,No
O010967,E010967,28,No
O010968,E010968,8,No
O010969,E010969,49,No
O010970,E010970,9,No
O010971,E010971,5,No
O010972,E010972,31,No
O010973,E010973,53,Yes
O010974,E010974,35,No
O010975,E010975,58,No
O010976,E010976,35,No
O010977,E010977,5,No
O010978,E010978,33,No
O010979,E010979,47,No
O010980,E010980,13,No
O010981,E010981,25,No
O010982,E010982,43,Yes
O010983,E010983,24,No
O010984,E010984,55,No
O010985,E010985,11,Yes
O010986,E010986,51,No
O010987,E010987,19,No
O010988,E010988,11,Yes
O010989,E010989,33,No
O010990,E010990,30,No
O010991,E010991,14,Yes
O010992,E010992,1,No
O010993,E010993,31,Yes
O010994,E010994,3,No
O010995,E010995,43,Yes
O010996,E010996,25,No
O010997,E010997,25,Yes
O010998,E010998,51,Yes
O010999,E010999,54,No
O011000,E011000,18,Yes
O011001,E011001,44,Yes
O011002,E011002,58,No
O011003,E011003,54,No
O011004,E011004,34,No
O011005,E011005,14,No
O011006,E011006,45,No
O011007,E011007,44,No
O011008,E011008,27,No
O011009,E011009,31,No
O011010,E011010,43,Yes
O011011,E011011,2,No
O011012,E011012,54,No
O011013,E011013,32,No
O011014,E011014,37,No
O011015,E011015,34,Yes
O011016,E011016,57,No
O011017,E011017,58,No
O011018,E011018,34,No
O011019,E011019,30,No
O011020,E011020,33,No
O011021,E011021,24,No
O011022,E011022,33,No
O011023,E011023,26,No
O011024,E011024,41,No
O011025,E011025,36,No
O011026,E011026,41,Yes
O011027,E011027,59,Yes
O011028,E011028,6,No
O011029,E011029,57,No
O011030,E011030,17,Yes
O011031,E011031,24,No
O011032,E011032,16,No
O011033,E011033,44,No
O011034,E011034,24,Yes
O011035,E011035,5,No
O011036,E011036,24,No
O011037,E011037,54,No
O011038,E011038,26,No
O011039,E011039,20,Yes
O011040,E011040,28,No
O011041,E011041,20,No
O011042,E011042,29,No
O011043,E011043,34,No
O011044,E011044,57,No
O011045,E011045,51,No
O011046,E011046,54,Yes
O011047,E011047,28,No
O011048,E011048,56,No
O011049,E011049,26,No
O011050,E011050,47,Yes
O011051,E011051,32,No
O011052,E011052,21,No
O011053,E011053,18,Yes
O011054,E011054,12,No
O011055,E011055,35,No
O011056,E011056,54,Yes
O011057,E011057,22,No
O011058,E011058,53,No
O011059,E011059,57,No
O011060,E011060,29,No
O011061,E011061,19,No
O011062,E011062,18,No
O011063,E011063,56,No
O011064,E011064,18,Yes
O011065,E011065,44,Yes
O011066,E011066,47,No
O011067,E011067,49,No
O011068,E011068,16,No
O011069,E011069,44,No
O011070,E011070,58,No
O011071,E011071,59,No
O011072,E011072,56,No
O011073,E011073,19,Yes
O011074,E011074,49,Yes
O011075,E011075,52,No
O011076,E011076,9,Yes
O011077,E011077,33,No
O011078,E011078,56,No
O011079,E011079,13,Yes
O011080,E011080,11,No
O011081,E011081,33,No
O011082,E011082,37,No
O011083,E011083,30,No
O011084,E011084,39,No
O011085,E011085,46,No
O011086,E011086,9,No
O011087,E011087,23,No
O011088,E011088,24,No
O011089,E011089,32,Yes
O011090,E011090,49,No
O011091,E011091,38,No
O011092,E011092,4,Yes
O011093,E011093,44,No
O011094,E011094,41,No
O011095,E011095,46,No
O011096,E011096,27,No
O011097,E011097,11,No
O011098,E011098,21,No
O011099,E011099,14,No
O011100,E011100,18,No
O011101,E011101,59,No
O011102,E011102,24,No
O011103,E011103,20,No
O011104,E011104,41,Yes
O011105,E011105,26,Yes
O011106,E011106,31,No
O011107,E011107,52,No
O011108,E011108,16,Yes
O011109,E011109,41,No
O011110,E011110,48,No
O011111,E011111,42,No
O011112,E011112,39,Yes
O011113,E011113,19,No
O011114,E011114,7,No
O011115,E011115,52,No
O011116,E011116,16,No
O011117,E011117,24,No
O011118,E011118,6,No
O011119,E011119,40,No
O011120,E011120,16,Yes
O011121,E011121,57,Yes
O011122,E011122,36,No
O011123,E011123,39,Yes
O011124,E011124,15,Yes
O011125,E011125,40,No
O011126,E011126,50,No
O011127,E011127,4,No
O011128,E011128,56,No
O011129,E011129,2,Yes
O011130,E011130,14,Yes
O011131,E011131,60,No
O011132,E011132,22,No
O011133,E011133,2,No
O011134,E011134,20,No
O011135,E011135,4,Yes
O011136,E011136,52,No
O011137,E011137,34,No
O011138,E011138,18,No
O011139,E011139,50,No
O011140,E011140,48,No
O011141,E011141,55,No
O011142,E011142,47,No
O011143,E011143,49,Yes
O011144,E011144,20,No
O011145,E011145,26,No
O011146,E011146,7,No
O011147,E011147,54,No
O011148,E011148,19,No
O011149,E011149,24,Yes
O011150,E011150,11,Yes
O011151,E011151,16,Yes
O011152,E011152,1,No
O011153,E011153,36,No
O011154,E011154,28,No
O011155,E011155,13,No
O011156,E011156,11,Yes
O011157,E011157,54,No
O011158,E011158,6,No
O011159,E011159,59,No
O011160,E011160,30,Yes
O011161,E011161,52,No
O011162,E011162,58,No
O011163,E011163,37,No
O011164,E011164,34,No
O011165,E011165,50,No
O011166,E011166,28,No
O011167,E011167,9,No
O011168,E011168,31,Yes
O011169,E011169,6,No
O011170,E011170,60,No
O011171,E011171,58,No
O011172,E011172,6,Yes
O011173,E011173,36,No
O011174,E011174,20,Yes
O011175,E011175,40,No
O011176,E011176,32,No
O011177,E011177,47,No
O011178,E011178,49,Yes
O011179,E011179,32,Yes
O011180,E011180,5,No
O011181,E011181,38,No
O011182,E011182,37,No
O011183,E011183,10,No
O011184,E011184,37,No
O011185,E011185,47,No
O011186,E011186,2,Yes
O011187,E011187,7,No
O011188,E011188,11,No
O011189,E011189,1,No
O011190,E011190,14,No
O011191,E011191,21,No
O011192,E011192,6,No
O011193,E011193,48,No
O011194,E011194,26,No
O011195,E011195,17,No
O011196,E011196,26,Yes
O011197,E011197,7,No
O011198,E011198,48,Yes
O011199,E011199,1,No
O011200,E011200,15,Yes
O011201,E011201,31,No
O011202,E011202,36,No
O011203,E011203,6,Yes
O011204,E011204,19,No
O011205,E011205,6,No
O011206,E011206,30,No
O011207,E011207,35,No
O011208,E011208,45,Yes
O011209,E011209,57,Yes
O011210,E011210,17,No
O011211,E011211,16,No
O011212,E011212,10,No
O011213,E011213,36,No
O011214,E011214,45,No
O011215,E011215,18,No
O011216,E011216,10,No
O011217,E011217,52,No
O011218,E011218,37,Yes
O011219,E011219,4,No
O011220,E011220,60,No
O011221,E011221,8,No
O011222,E011222,24,No
O011223,E011223,47,No
O011224,E011224,34,No
O011225,E011225,12,No
O011226,E011226,24,Yes
O011227,E011227,58,No
O011228,E011228,42,No
O011229,E011229,44,Yes
O011230,E011230,27,Yes
O011231,E011231,57,Yes
O011232,E011232,38,Yes
O011233,E011233,52,Yes
O011234,E011234,17,No
O011235,E011235,50,No
O011236,E011236,16,No
O011237,E011237,47,No
O011238,E011238,41,No
O011239,E011239,27,No
O011240,E011240,35,No
O011241,E011241,49,Yes
O011242,E011242,26,No
O011243,E011243,48,No
O011244,E011244,54,Yes
O011245,E011245,6,No
O011246,E011246,45,No
O011247,E011247,46,Yes
O011248,E011248,1,No
O011249,E011249,36,No
O011250,E011250,19,No
O011251,E011251,52,No
O011252,E011252,34,No
O011253,E011253,6,No
O011254,E011254,5,No
O011255,E011255,39,No
O011256,E011256,31,Yes
O011257,E011257,39,No
O011258,E011258,42,No
O011259,E011259,7,No
O011260,E011260,55,Yes
O011261,E011261,5,No
O011262,E011262,35,No
O011263,E011263,28,No
O011264,E011264,27,No
O011265,E011265,6,Yes
O011266,E011266,40,No
O011267,E011267,18,No
O011268,E011268,17,No
O011269,E011269,55,No
O011270,E011270,53,No
O011271,E011271,1,No
O011272,E011272,19,No
O011273,E011273,5,No
O011274,E011274,10,No
O011275,E011275,10,No
O011276,E011276,24,Yes
O011277,E011277,60,Yes
O011278,E011278,2,No
O011279,E011279,11,No
O011280,E011280,4,No
O011281,E011281,60,Yes
O011282,E011282,23,No
O011283,E011283,7,Yes
O011284,E011284,15,Yes
O011285,E011285,23,Yes
O011286,E011286,35,No
O011287,E011287,11,No
O011288,E011288,39,No
O011289,E011289,31,No
O011290,E011290,2,Yes
O011291,E011291,10,No
O011292,E011292,48,Yes
O011293,E011293,5,Yes
O011294,E011294,12,No
O011295,E011295,18,Yes
O011296,E011296,28,No
O011297,E011297,8,No
O011298,E011298,4,No
O011299,E011299,17,No
O011300,E011300,29,Yes
O011301,E011301,9,No
O011302,E011302,14,No
O011303,E011303,40,No
O011304,E011304,9,No
O011305,E011305,38,No
O011306,E011306,9,No
O011307,E011307,52,No
O011308,E011308,52,No
O011309,E011309,41,No
O011310,E011310,11,No
O011311,E011311,22,No
O011312,E011312,41,Yes
O011313,E011313,45,No
O011314,E011314,59,No
O011315,E011315,27,No
O011316,E011316,30,No
O011317,E011317,6,No
O011318,E011318,33,Yes
O011319,E011319,53,No
O011320,E011320,22,No
O011321,E011321,26,No
O011322,E011322,6,No
O011323,E011323,33,No
O011324,E011324,10,No
O011325,E011325,37,No
O011326,E011326,1,No
O011327,E011327,44,Yes
O011328,E011328,15,Yes
O011329,E011329,23,No
O011330,E011330,12,Yes
O011331,E011331,18,No
O011332,E011332,47,No
O011333,E011333,49,No
O011334,E011334,16,No
O011335,E011335,27,No
O011336,E011336,56,No
O011337,E011337,48,Yes
O011338,E011338,28,No
O011339,E011339,9,No
O011340,E011340,20,No
O011341,E011341,33,Yes
O011342,E011342,57,No
O011343,E011343,26,Yes
O011344,E011344,29,No
O011345,E011345,29,No
O011346,E011346,1,No
O011347,E011347,17,No
O011348,E011348,44,Yes
O011349,E011349,17,No
O011350,E011350,32,Yes
O011351,E011351,17,No
O011352,E011352,37,No
O011353,E011353,12,No
O011354,E011354,11,Yes
O011355,E011355,28,No
O011356,E011356,21,No
O011357,E011357,2,No
O011358,E011358,57,No
O011359,E011359,20,Yes
O011360,E011360,60,No
O011361,E011361,20,No
O011362,E011362,36,No
O011363,E011363,49,No
O011364,E011364,48,No
O011365,E011365,33,No
O011366,E011366,17,No
O011367,E011367,53,No
O011368,E011368,17,No
O011369,E011369,19,No
O011370,E011370,5,No
O011371,E011371,14,No
O011372,E011372,14,No
O011373,E011373,39,Yes
O011374,E011374,16,No
O011375,E011375,49,No
O011376,E011376,4,No
O011377,E011377,10,No
O011378,E011378,51,Yes
O011379,E011379,24,Yes
O011380,E011380,30,No
O011381,E011381,31,No
O011382,E011382,46,No
O011383,E011383,24,Yes
O011384,E011384,27,No
O011385,E011385,32,No
O011386,E011386,8,No
O011387,E011387,29,No
O011388,E011388,16,Yes
O011389,E011389,5,No
O011390,E011390,20,Yes
O011391,E011391,15,No
O011392,E011392,15,Yes
O011393,E011393,59,No
O011394,E011394,20,No
O011395,E011395,9,No
O011396,E011396,28,No
O011397,E011397,39,No
O011398,E011398,50,No
O011399,E011399,44,No
O011400,E011400,7,No
O011401,E011401,23,No
O011402,E011402,24,No
O011403,E011403,16,No
O011404,E011404,56,No
O011405,E011405,22,No
O011406,E011406,59,Yes
O011407,E011407,23,Yes
O011408,E011408,19,No
O011409,E011409,12,No
O011410,E011410,51,No
O011411,E011411,26,Yes
O011412,E011412,49,No
O011413,E011413,56,No
O011414,E011414,33,No
O011415,E011415,59,No
O011416,E011416,59,No
O011417,E011417,41,Yes
O011418,E011418,39,No
O011419,E011419,2,Yes
O011420,E011420,52,Yes
O011421,E011421,57,No
O011422,E011422,57,Yes
O011423,E011423,17,Yes
O011424,E011424,59,Yes
O011425,E011425,11,No
O011426,E011426,5,Yes
O011427,E011427,41,No
O011428,E011428,8,No
O011429,E011429,59,No
O011430,E011430,41,Yes
O011431,E011431,20,No
O011432,E011432,27,No
O011433,E011433,57,Yes
O011434,E011434,27,No
O011435,E011435,55,No
O011436,E011436,30,No
O011437,E011437,34,No
O011438,E011438,42,No
O011439,E011439,24,No
O011440,E011440,12,No
O011441,E011441,29,No
O011442,E011442,60,No
O011443,E011443,56,No
O011444,E011444,46,Yes
O011445,E011445,9,No
O011446,E011446,58,Yes
O011447,E011447,14,No
O011448,E011448,19,No
O011449,E011449,41,No
O011450,E011450,46,No
O011451,E011451,54,No
O011452,E011452,57,Yes
O011453,E011453,30,No
O011454,E011454,11,No
O011455,E011455,22,No
O011456,E011456,44,No
O011457,E011457,32,No
O011458,E011458,36,No
O011459,E011459,37,No
O011460,E011460,5,No
O011461,E011461,19,No
O011462,E011462,46,No
O011463,E011463,37,No
O011464,E011464,40,No
O011465,E011465,20,Yes
O011466,E011466,23,No
O011467,E011467,15,No
O011468,E011468,33,No
O011469,E011469,3,No
O011470,E011470,44,Yes
O011471,E011471,20,Yes
O011472,E011472,5,No
O011473,E011473,36,No
O011474,E011474,22,No
O011475,E011475,17,No
O011476,E011476,47,No
O011477,E011477,39,No
O011478,E011478,17,No
O011479,E011479,57,No
O011480,E011480,6,No
O011481,E011481,50,Yes
O011482,E011482,16,No
O011483,E011483,2,Yes
O011484,E011484,15,No
O011485,E011485,6,No
O011486,E011486,41,No
O011487,E011487,2,No
O011488,E011488,52,No
O011489,E011489,55,No
O011490,E011490,3,No
O011491,E011491,5,No
O011492,E011492,26,Yes
O011493,E011493,22,No
O011494,E011494,37,No
O011495,E011495,10,No
O011496,E011496,24,Yes
O011497,E011497,38,No
O011498,E011498,53,No
O011499,E011499,15,Yes
O011500,E011500,38,Yes
O011501,E011501,44,No
O011502,E011502,13,No
O011503,E011503,32,No
O011504,E011504,42,No
O011505,E011505,5,No
O011506,E011506,44,No
O011507,E011507,13,No
O011508,E011508,11,No
O011509,E011509,34,No
O011510,E011510,34,No
O011511,E011511,52,No
O011512,E011512,55,No
O011513,E011513,50,No
O011514,E011514,9,Yes
O011515,E011515,27,No
O011516,E011516,42,No
O011517,E011517,30,No
O011518,E011518,35,Yes
O011519,E011519,3,Yes
O011520,E011520,44,No
O011521,E011521,24,No
O011522,E011522,57,No
O011523,E011523,40,No
O011524,E011524,29,No
O011525,E011525,12,Yes
O011526,E011526,37,Yes
O011527,E011527,20,No
O011528,E011528,2,No
O011529,E011529,8,Yes
O011530,E011530,16,No
O011531,E011531,60,No
O011532,E011532,27,Yes
O011533,E011533,33,No
O011534,E011534,24,Yes
O011535,E011535,42,No
O011536,E011536,13,No
O011537,E011537,23,No
O011538,E011538,28,No
O011539,E011539,12,No
O011540,E011540,2,No
O011541,E011541,53,No
O011542,E011542,51,No
O011543,E011543,13,Yes
O011544,E011544,14,Yes
O011545,E011545,47,No
O011546,E011546,43,Yes
O011547,E011547,26,Yes
O011548,E011548,22,Yes
O011549,E011549,34,No
O011550,E011550,1,No
O011551,E011551,44,No
O011552,E011552,4,Yes
O011553,E011553,16,Yes
O011554,E011554,9,No
O011555,E011555,52,No
O011556,E011556,51,Yes
O011557,E011557,38,No
O011558,E011558,47,No
O011559,E011559,44,No
O011560,E011560,31,No
O011561,E011561,57,No
O011562,E011562,22,No
O011563,E011563,2,No
O011564,E011564,49,No
O011565,E011565,6,No
O011566,E011566,15,No
O011567,E011567,54,Yes
O011568,E011568,18,No
O011569,E011569,40,No
O011570,E011570,52,No
O011571,E011571,8,No
O011572,E011572,50,Yes
O011573,E011573,28,No
O011574,E011574,27,No
O011575,E011575,53,Yes
O011576,E011576,27,No
O011577,E011577,27,No
O011578,E011578,10,No
O011579,E011579,44,No
O011580,E011580,34,No
O011581,E011581,32,No
O011582,E011582,12,No
O011583,E011583,26,No
O011584,E011584,49,No
O011585,E011585,27,No
O011586,E011586,12,No
O011587,E011587,37,No
O011588,E011588,31,No
O011589,E011589,33,No
O011590,E011590,1,No
O011591,E011591,13,Yes
O011592,E011592,30,No
O011593,E011593,48,No
O011594,E011594,58,Yes
O011595,E011595,22,No
O011596,E011596,10,No
O011597,E011597,15,No
O011598,E011598,48,No
O011599,E011599,7,No
O011600,E011600,2,No
O011601,E011601,2,No
O011602,E011602,20,Yes
O011603,E011603,7,No
O011604,E011604,49,No
O011605,E011605,29,No
O011606,E011606,5,No
O011607,E011607,56,No
O011608,E011608,4,No
O011609,E011609,40,Yes
O011610,E011610,14,No
O011611,E011611,45,Yes
O011612,E011612,1,No
O011613,E011613,16,No
O011614,E011614,24,Yes
O011615,E011615,24,Yes
O011616,E011616,2,No
O011617,E011617,14,No
O011618,E011618,4,No
O011619,E011619,15,No
O011620,E011620,2,No
O011621,E011621,51,No
O011622,E011622,25,No
O011623,E011623,58,No
O011624,E011624,36,Yes
O011625,E011625,49,No
O011626,E011626,33,No
O011627,E011627,2,No
O011628,E011628,27,No
O011629,E011629,55,No
O011630,E011630,9,No
O011631,E011631,1,Yes
O011632,E011632,53,No
O011633,E011633,60,Yes
O011634,E011634,58,No
O011635,E011635,43,No
O011636,E011636,10,No
O011637,E011637,15,No
O011638,E011638,39,No
O011639,E011639,7,No
O011640,E011640,45,No
O011641,E011641,1,No
O011642,E011642,15,No
O011643,E011643,1,No
O011644,E011644,6,No
O011645,E011645,21,No
O011646,E011646,26,No
O011647,E011647,7,No
O011648,E011648,48,Yes
O011649,E011649,30,No
O011650,E011650,33,No
O011651,E011651,17,No
O011652,E011652,51,No
O011653,E011653,39,No
O011654,E011654,37,No
O011655,E011655,39,No
O011656,E011656,44,No
O011657,E011657,9,No
O011658,E011658,43,No
O011659,E011659,4,Yes
O011660,E011660,44,No
O011661,E011661,55,Yes
O011662,E011662,17,No
O011663,E011663,4,Yes
O011664,E011664,44,Yes
O011665,E011665,48,Yes
O011666,E011666,58,No
O011667,E011667,41,No
O011668,E011668,1,No
O011669,E011669,47,Yes
O011670,E011670,10,No
O011671,E011671,45,Yes
O011672,E011672,47,No
O011673,E011673,21,Yes
O011674,E011674,56,No
O011675,E011675,56,Yes
O011676,E011676,32,No
O011677,E011677,30,No
O011678,E011678,11,No
O011679,E011679,55,No
O011680,E011680,49,Yes
O011681,E011681,20,Yes
O011682,E011682,40,Yes
O011683,E011683,56,No
O011684,E011684,54,Yes
O011685,E011685,49,Yes
O011686,E011686,28,Yes
O011687,E011687,9,Yes
O011688,E011688,46,Yes
O011689,E011689,53,No
O011690,E011690,59,No
O011691,E011691,54,No
O011692,E011692,20,Yes
O011693,E011693,6,No
O011694,E011694,51,Yes
O011695,E011695,25,No
O011696,E011696,37,No
O011697,E011697,7,No
O011698,E011698,8,No
O011699,E011699,36,No
O011700,E011700,7,No
O011701,E011701,20,Yes
O011702,E011702,5,No
O011703,E011703,56,Yes
O011704,E011704,37,Yes
O011705,E011705,52,No
O011706,E011706,1,No
O011707,E011707,7,Yes
O011708,E011708,23,No
O011709,E011709,37,No
O011710,E011710,28,Yes
O011711,E011711,37,Yes
O011712,E011712,48,No
O011713,E011713,6,Yes
O011714,E011714,57,No
O011715,E011715,43,No
O011716,E011716,27,Yes
O011717,E011717,8,No
O011718,E011718,56,No
O011719,E011719,56,No
O011720,E011720,34,No
O011721,E011721,37,No
O011722,E011722,41,No
O011723,E011723,26,No
O011724,E011724,5,No
O011725,E011725,47,Yes
O011726,E011726,20,No
O011727,E011727,4,No
O011728,E011728,19,No
O011729,E011729,56,No
O011730,E011730,5,No
O011731,E011731,37,No
O011732,E011732,1,Yes
O011733,E011733,42,No
O011734,E011734,10,No
O011735,E011735,8,No
O011736,E011736,50,Yes
O011737,E011737,56,No
O011738,E011738,11,No
O011739,E011739,5,No
O011740,E011740,54,No
O011741,E011741,17,No
O011742,E011742,24,No
O011743,E011743,44,Yes
O011744,E011744,42,Yes
O011745,E011745,44,Yes
O011746,E011746,50,Yes
O011747,E011747,6,No
O011748,E011748,26,No
O011749,E011749,3,No
O011750,E011750,43,Yes
O011751,E011751,17,No
O011752,E011752,36,No
O011753,E011753,55,No
O011754,E011754,56,Yes
O011755,E011755,8,No
O011756,E011756,9,No
O011757,E011757,56,No
O011758,E011758,55,No
O011759,E011759,44,Yes
O011760,E011760,23,No
O011761,E011761,20,No
O011762,E011762,37,No
O011763,E011763,15,Yes
O011764,E011764,14,No
O011765,E011765,22,Yes
O011766,E011766,43,Yes
O011767,E011767,43,No
O011768,E011768,15,No
O011769,E011769,48,No
O011770,E011770,44,No
O011771,E011771,37,No
O011772,E011772,48,Yes
O011773,E011773,12,Yes
O011774,E011774,21,Yes
O011775,E011775,40,Yes
O011776,E011776,8,No
O011777,E011777,22,Yes
O011778,E011778,47,No
O011779,E011779,40,No
O011780,E011780,7,Yes
O011781,E011781,38,No
O011782,E011782,53,Yes
O011783,E011783,48,No
O011784,E011784,4,No
O011785,E011785,57,No
O011786,E011786,6,No
O011787,E011787,51,No
O011788,E011788,30,No
O011789,E011789,1,No
O011790,E011790,24,No
O011791,E011791,32,No
O011792,E011792,22,No
O011793,E011793,56,No
O011794,E011794,49,No
O011795,E011795,56,No
O011796,E011796,13,No
O011797,E011797,47,Yes
O011798,E011798,44,Yes
O011799,E011799,37,No
O011800,E011800,28,No
O011801,E011801,3,No
O011802,E011802,6,No
O011803,E011803,2,No
O011804,E011804,35,Yes
O011805,E011805,21,No
O011806,E011806,59,No
O011807,E011807,21,Yes
O011808,E011808,47,No
O011809,E011809,31,No
O011810,E011810,14,No
O011811,E011811,8,No
O011812,E011812,48,No
O011813,E011813,28,No
O011814,E011814,42,No
O011815,E011815,32,No
O011816,E011816,16,No
O011817,E011817,45,No
O011818,E011818,37,No
O011819,E011819,31,No
O011820,E011820,38,No
O011821,E011821,11,No
O011822,E011822,46,No
O011823,E011823,1,No
O011824,E011824,1,No
O011825,E011825,53,Yes
O011826,E011826,39,No
O011827,E011827,54,No
O011828,E011828,49,No
O011829,E011829,27,Yes
O011830,E011830,17,No
O011831,E011831,15,No
O011832,E011832,15,Yes
O011833,E011833,2,Yes
O011834,E011834,14,No
O011835,E011835,24,Yes
O011836,E011836,38,Yes
O011837,E011837,56,No
O011838,E011838,59,No
O011839,E011839,37,No
O011840,E011840,24,No
O011841,E011841,32,No
O011842,E011842,22,No
O011843,E011843,12,Yes
O011844,E011844,11,No
O011845,E011845,49,No
O011846,E011846,29,Yes
O011847,E011847,3,No
O011848,E011848,4,No
O011849,E011849,19,No
O011850,E011850,35,No
O011851,E011851,12,No
O011852,E011852,10,No
O011853,E011853,10,Yes
O011854,E011854,10,No
O011855,E011855,17,Yes
O011856,E011856,23,No
O011857,E011857,15,No
O011858,E011858,13,No
O011859,E011859,15,Yes
O011860,E011860,8,No
O011861,E011861,7,Yes
O011862,E011862,16,No
O011863,E011863,38,No
O011864,E011864,25,Yes
O011865,E011865,55,Yes
O011866,E011866,1,No
O011867,E011867,60,Yes
O011868,E011868,41,Yes
O011869,E011869,29,Yes
O011870,E011870,3,No
O011871,E011871,28,No
O011872,E011872,23,No
O011873,E011873,15,No
O011874,E011874,50,No
O011875,E011875,32,No
O011876,E011876,25,Yes
O011877,E011877,20,No
O011878,E011878,8,No
O011879,E011879,22,No
O011880,E011880,25,No
O011881,E011881,37,Yes
O011882,E011882,10,No
O011883,E011883,16,No
O011884,E011884,3,No
O011885,E011885,46,Yes
O011886,E011886,27,No
O011887,E011887,31,No
O011888,E011888,18,No
O011889,E011889,19,No
O011890,E011890,2,No
O011891,E011891,21,No
O011892,E011892,15,No
O011893,E011893,45,No
O011894,E011894,11,No
O011895,E011895,7,No
O011896,E011896,44,Yes
O011897,E011897,15,Yes
O011898,E011898,33,Yes
O011899,E011899,35,No
O011900,E011900,38,Yes
O011901,E011901,11,Yes
O011902,E011902,1,No
O011903,E011903,56,No
O011904,E011904,21,No
O011905,E011905,30,No
O011906,E011906,54,No
O011907,E011907,27,No
O011908,E011908,18,No
O011909,E011909,33,No
O011910,E011910,1,No
O011911,E011911,20,No
O011912,E011912,29,No
O011913,E011913,13,Yes
O011914,E011914,43,No
O011915,E011915,54,No
O011916,E011916,49,Yes
O011917,E011917,39,No
O011918,E011918,39,No
O011919,E011919,34,No
O011920,E011920,23,No
O011921,E011921,48,No
O011922,E011922,13,Yes
O011923,E011923,2,No
O011924,E011924,28,No
O011925,E011925,4,No
O011926,E011926,50,No
O011927,E011927,39,No
O011928,E011928,32,Yes
O011929,E011929,42,No
O011930,E011930,48,No
O011931,E011931,11,No
O011932,E011932,32,Yes
O011933,E011933,49,No
O011934,E011934,25,No
O011935,E011935,60,Yes
O011936,E011936,53,No
O011937,E011937,5,No
O011938,E011938,59,No
O011939,E011939,15,Yes
O011940,E011940,54,No
O011941,E011941,37,No
O011942,E011942,30,Yes
O011943,E011943,4,No
O011944,E011944,4,No
O011945,E011945,8,No
O011946,E011946,56,No
O011947,E011947,14,No
O011948,E011948,17,Yes
O011949,E011949,11,No
O011950,E011950,6,No
O011951,E011951,31,No
O011952,E011952,12,No
O011953,E011953,41,No
O011954,E011954,51,No
O011955,E011955,38,Yes
O011956,E011956,27,Yes
O011957,E011957,58,No
O011958,E011958,5,No
O011959,E011959,29,No
O011960,E011960,49,No
O011961,E011961,30,No
O011962,E011962,13,No
O011963,E011963,13,No
O011964,E011964,60,No
O011965,E011965,57,No
O011966,E011966,56,No
O011967,E011967,57,Yes
O011968,E011968,29,No
O011969,E011969,45,Yes
O011970,E011970,5,No
O011971,E011971,14,No
O011972,E011972,22,No
O011973,E011973,51,No
O011974,E011974,17,No
O011975,E011975,19,No
O011976,E011976,46,No
O011977,E011977,53,No
O011978,E011978,45,No
O011979,E011979,41,No
O011980,E011980,54,Yes
O011981,E011981,36,No
O011982,E011982,48,No
O011983,E011983,55,No
O011984,E011984,12,No
O011985,E011985,25,Yes
O011986,E011986,55,No
O011987,E011987,23,No
O011988,E011988,17,No
O011989,E011989,35,No
O011990,E011990,39,No
O011991,E011991,24,No
O011992,E011992,38,Yes
O011993,E011993,40,No
O011994,E011994,55,Yes
O011995,E011995,12,No
O011996,E011996,58,No
O011997,E011997,43,No
O011998,E011998,38,No
O011999,E011999,58,No
O012000,E012000,14,No
O012001,E012001,14,No
O012002,E012002,10,No
O012003,E012003,47,No
O012004,E012004,1,No
O012005,E012005,23,No
O012006,E012006,60,No
O012007,E012007,28,Yes
O012008,E012008,7,Yes
O012009,E012009,32,No
O012010,E012010,43,No
O012011,E012011,11,No
O012012,E012012,9,No
O012013,E012013,24,No
O012014,E012014,40,Yes
O012015,E012015,4,Yes
O012016,E012016,17,Yes
O012017,E012017,59,No
O012018,E012018,21,No
O012019,E012019,25,No
O012020,E012020,33,No
O012021,E012021,3,No
O012022,E012022,4,No
O012023,E012023,43,Yes
O012024,E012024,13,No
O012025,E012025,54,No
O012026,E012026,60,No
O012027,E012027,29,No
O012028,E012028,51,Yes
O012029,E012029,36,No
O012030,E012030,6,No
O012031,E012031,35,No
O012032,E012032,14,Yes
O012033,E012033,1,Yes
O012034,E012034,7,Yes
O012035,E012035,31,Yes
O012036,E012036,48,Yes
O012037,E012037,38,No
O012038,E012038,41,No
O012039,E012039,44,Yes
O012040,E012040,20,Yes
O012041,E012041,29,No
O012042,E012042,27,No
O012043,E012043,22,No
O012044,E012044,53,No
O012045,E012045,15,No
O012046,E012046,3,Yes
O012047,E012047,50,No
O012048,E012048,13,No
O012049,E012049,52,Yes
O012050,E012050,54,No
O012051,E012051,57,No
O012052,E012052,31,No
O012053,E012053,11,No
O012054,E012054,56,No
O012055,E012055,31,Yes
O012056,E012056,35,No
O012057,E012057,30,No
O012058,E012058,36,No
O012059,E012059,23,No
O012060,E012060,15,No
O012061,E012061,50,Yes
O012062,E012062,38,No
O012063,E012063,40,No
O012064,E012064,38,No
O012065,E012065,3,No
O012066,E012066,23,No
O012067,E012067,56,No
O012068,E012068,21,Yes
O012069,E012069,55,No
O012070,E012070,59,No
O012071,E012071,5,No
O012072,E012072,25,No
O012073,E012073,10,No
O012074,E012074,48,No
O012075,E012075,12,No
O012076,E012076,32,Yes
O012077,E012077,22,No
O012078,E012078,58,No
O012079,E012079,53,No
O012080,E012080,31,Yes
O012081,E012081,34,No
O012082,E012082,30,No
O012083,E012083,54,Yes
O012084,E012084,18,No
O012085,E012085,11,No
O012086,E012086,35,No
O012087,E012087,28,Yes
O012088,E012088,18,No
O012089,E012089,1,No
O012090,E012090,58,Yes
O012091,E012091,34,No
O012092,E012092,2,No
O012093,E012093,55,Yes
O012094,E012094,5,No
O012095,E012095,7,No
O012096,E012096,58,Yes
O012097,E012097,18,Yes
O012098,E012098,22,No
O012099,E012099,29,No
O012100,E012100,47,No
O012101,E012101,28,Yes
O012102,E012102,39,Yes
O012103,E012103,56,No
O012104,E012104,21,No
O012105,E012105,14,No
O012106,E012106,52,No
O012107,E012107,25,No
O012108,E012108,1,No
O012109,E012109,21,No
O012110,E012110,32,No
O012111,E012111,30,No
O012112,E012112,43,No
O012113,E012113,51,No
O012114,E012114,8,No
O012115,E012115,46,No
O012116,E012116,38,No
O012117,E012117,36,No
O012118,E012118,4,No
O012119,E012119,24,No
O012120,E012120,9,No
O012121,E012121,1,Yes
O012122,E012122,27,No
O012123,E012123,33,No
O012124,E012124,29,Yes
O012125,E012125,57,Yes
O012126,E012126,36,Yes
O012127,E012127,42,No
O012128,E012128,47,No
O012129,E012129,54,No
O012130,E012130,5,No
O012131,E012131,29,No
O012132,E012132,9,No
O012133,E012133,35,No
O012134,E012134,5,No
O012135,E012135,36,Yes
O012136,E012136,39,No
O012137,E012137,35,No
O012138,E012138,47,No
O012139,E012139,14,No
O012140,E012140,2,Yes
O012141,E012141,7,No
O012142,E012142,15,No
O012143,E012143,12,No
O012144,E012144,38,No
O012145,E012145,31,No
O012146,E012146,47,No
O012147,E012147,40,No
O012148,E012148,9,Yes
O012149,E012149,22,No
O012150,E012150,30,Yes
O012151,E012151,43,No
O012152,E012152,38,No
O012153,E012153,24,Yes
O012154,E012154,28,Yes
O012155,E012155,16,No
O012156,E012156,17,No
O012157,E012157,15,Yes
O012158,E012158,12,No
O012159,E012159,33,Yes
O012160,E012160,46,No
O012161,E012161,28,Yes
O012162,E012162,4,No
O012163,E012163,21,No
O012164,E012164,46,No
O012165,E012165,21,No
O012166,E012166,5,No
O012167,E012167,55,No
O012168,E012168,12,Yes
O012169,E012169,45,No
O012170,E012170,52,No
O012171,E012171,8,No
O012172,E012172,12,No
O012173,E012173,11,Yes
O012174,E012174,31,No
O012175,E012175,13,Yes
O012176,E012176,32,Yes
O012177,E012177,57,No
O012178,E012178,58,No
O012179,E012179,15,No
O012180,E012180,30,No
O012181,E012181,6,No
O012182,E012182,8,No
O012183,E012183,15,No
O012184,E012184,60,No
O012185,E012185,31,No
O012186,E012186,14,No
O012187,E012187,9,No
O012188,E012188,28,No
O012189,E012189,19,Yes
O012190,E012190,48,No
O012191,E012191,9,No
O012192,E012192,55,No
O012193,E012193,14,No
O012194,E012194,57,No
O012195,E012195,35,Yes
O012196,E012196,28,Yes
O012197,E012197,43,No
O012198,E012198,35,No
O012199,E012199,42,No
O012200,E012200,21,Yes
O012201,E012201,3,No
O012202,E012202,17,Yes
O012203,E012203,1,Yes
O012204,E012204,60,Yes
O012205,E012205,9,Yes
O012206,E012206,31,No
O012207,E012207,34,Yes
O012208,E012208,27,No
O012209,E012209,48,No
O012210,E012210,31,No
O012211,E012211,36,No
O012212,E012212,34,No
O012213,E012213,45,Yes
O012214,E012214,16,No
O012215,E012215,43,No
O012216,E012216,23,Yes
O012217,E012217,22,No
O012218,E012218,52,No
O012219,E012219,4,Yes
O012220,E012220,3,No
O012221,E012221,15,No
O012222,E012222,33,Yes
O012223,E012223,59,Yes
O012224,E012224,8,No
O012225,E012225,60,No
O012226,E012226,14,No
O012227,E012227,36,No
O012228,E012228,38,No
O012229,E012229,14,Yes
O012230,E012230,36,Yes
O012231,E012231,28,No
O012232,E012232,46,Yes
O012233,E012233,31,No
O012234,E012234,43,No
O012235,E012235,60,No
O012236,E012236,1,No
O012237,E012237,48,No
O012238,E012238,31,No
O012239,E012239,30,No
O012240,E012240,12,No
O012241,E012241,14,No
O012242,E012242,37,No
O012243,E012243,6,Yes
O012244,E012244,60,No
O012245,E012245,30,Yes
O012246,E012246,58,No
O012247,E012247,17,No
O012248,E012248,55,No
O012249,E012249,13,No
O012250,E012250,58,Yes
O012251,E012251,48,Yes
O012252,E012252,38,Yes
O012253,E012253,16,No
O012254,E012254,48,No
O012255,E012255,57,No
O012256,E012256,28,No
O012257,E012257,12,No
O012258,E012258,36,No
O012259,E012259,16,No
O012260,E012260,12,No
O012261,E012261,1,No
O012262,E012262,19,Yes
O012263,E012263,6,No
O012264,E012264,6,Yes
O012265,E012265,18,No
O012266,E012266,48,No
O012267,E012267,28,No
O012268,E012268,12,No
O012269,E012269,31,No
O012270,E012270,27,No
O012271,E012271,46,No
O012272,E012272,49,No
O012273,E012273,8,No
O012274,E012274,11,Yes
O012275,E012275,7,No
O012276,E012276,60,Yes
O012277,E012277,22,No
O012278,E012278,20,Yes
O012279,E012279,19,No
O012280,E012280,2,No
O012281,E012281,49,No
O012282,E012282,45,No
O012283,E012283,27,Yes
O012284,E012284,56,No
O012285,E012285,25,Yes
O012286,E012286,46,No
O012287,E012287,11,Yes
O012288,E012288,9,Yes
O012289,E012289,58,No
O012290,E012290,26,No
O012291,E012291,31,No
O012292,E012292,41,No
O012293,E012293,49,No
O012294,E012294,49,No
O012295,E012295,56,Yes
O012296,E012296,11,No
O012297,E012297,12,No
O012298,E012298,43,Yes
O012299,E012299,10,Yes
O012300,E012300,26,No
O012301,E012301,9,No
O012302,E012302,18,No
O012303,E012303,25,No
O012304,E012304,18,No
O012305,E012305,43,No
O012306,E012306,49,No
O012307,E012307,60,Yes
O012308,E012308,44,No
O012309,E012309,54,No
O012310,E012310,14,Yes
O012311,E012311,27,Yes
O012312,E012312,22,No
O012313,E012313,59,Yes
O012314,E012314,36,No
O012315,E012315,17,No
O012316,E012316,12,Yes
O012317,E012317,14,No
O012318,E012318,6,No
O012319,E012319,10,Yes
O012320,E012320,43,No
O012321,E012321,45,No
O012322,E012322,14,No
O012323,E012323,22,Yes
O012324,E012324,45,No
O012325,E012325,3,Yes
O012326,E012326,8,No
O012327,E012327,38,No
O012328,E012328,53,Yes
O012329,E012329,36,No
O012330,E012330,5,No
O012331,E012331,34,No
O012332,E012332,1,Yes
O012333,E012333,5,No
O012334,E012334,13,No
O012335,E012335,26,Yes
O012336,E012336,46,No
O012337,E012337,42,No
O012338,E012338,34,No
O012339,E012339,43,No
O012340,E012340,31,No
O012341,E012341,51,Yes
O012342,E012342,38,No
O012343,E012343,22,No
O012344,E012344,28,No
O012345,E012345,55,Yes
O012346,E012346,10,No
O012347,E012347,20,No
O012348,E012348,47,No
O012349,E012349,12,Yes
O012350,E012350,18,No
O012351,E012351,37,No
O012352,E012352,37,No
O012353,E012353,9,No
O012354,E012354,27,No
O012355,E012355,54,No
O012356,E012356,44,No
O012357,E012357,44,No
O012358,E012358,17,No
O012359,E012359,2,No
O012360,E012360,1,No
O012361,E012361,42,Yes
O012362,E012362,45,No
O012363,E012363,15,Yes
O012364,E012364,12,No
O012365,E012365,18,No
O012366,E012366,24,No
O012367,E012367,33,No
O012368,E012368,43,No
O012369,E012369,56,No
O012370,E012370,58,No
O012371,E012371,48,No
O012372,E012372,36,No
O012373,E012373,31,Yes
O012374,E012374,20,Yes
O012375,E012375,38,No
O012376,E012376,28,No
O012377,E012377,11,Yes
O012378,E012378,27,No
O012379,E012379,8,No
O012380,E012380,13,Yes
O012381,E012381,21,No
O012382,E012382,3,No
O012383,E012383,54,No
O012384,E012384,37,No
O012385,E012385,52,No
O012386,E012386,49,No
O012387,E012387,43,No
O012388,E012388,7,No
O012389,E012389,15,Yes
O012390,E012390,5,Yes
O012391,E012391,54,No
O012392,E012392,34,No
O012393,E012393,19,No
O012394,E012394,33,No
O012395,E012395,3,No
O012396,E012396,46,No
O012397,E012397,5,No
O012398,E012398,19,Yes
O012399,E012399,42,No
O012400,E012400,2,No
O012401,E012401,6,No
O012402,E012402,58,No
O012403,E012403,39,Yes
O012404,E012404,14,No
O012405,E012405,4,No
O012406,E012406,20,No
O012407,E012407,1,No
O012408,E012408,34,Yes
O012409,E012409,29,No
O012410,E012410,39,No
O012411,E012411,60,No
O012412,E012412,45,No
O012413,E012413,52,Yes
O012414,E012414,53,No
O012415,E012415,30,No
O012416,E012416,52,No
O012417,E012417,11,No
O012418,E012418,48,No
O012419,E012419,20,No
O012420,E012420,37,No
O012421,E012421,60,Yes
O012422,E012422,21,Yes
O012423,E012423,25,No
O012424,E012424,36,No
O012425,E012425,4,Yes
O012426,E012426,23,Yes
O012427,E012427,6,Yes
O012428,E012428,26,No
O012429,E012429,28,Yes
O012430,E012430,24,No
O012431,E012431,58,Yes
O012432,E012432,40,No
O012433,E012433,49,Yes
O012434,E012434,33,No
O012435,E012435,26,Yes
O012436,E012436,26,Yes
O012437,E012437,25,Yes
O012438,E012438,30,No
O012439,E012439,38,No
O012440,E012440,36,No
O012441,E012441,20,Yes
O012442,E012442,53,No
O012443,E012443,36,No
O012444,E012444,5,No
O012445,E012445,32,No
O012446,E012446,42,No
O012447,E012447,30,No
O012448,E012448,42,No
O012449,E012449,27,No
O012450,E012450,24,Yes
O012451,E012451,52,No
O012452,E012452,21,Yes
O012453,E012453,1,No
O012454,E012454,16,Yes
O012455,E012455,14,No
O012456,E012456,10,No
O012457,E012457,28,No
O012458,E012458,36,Yes
O012459,E012459,19,No
O012460,E012460,12,No
O012461,E012461,18,No
O012462,E012462,54,No
O012463,E012463,15,No
O012464,E012464,19,No
O012465,E012465,40,No
O012466,E012466,18,No
O012467,E012467,59,No
O012468,E012468,28,No
O012469,E012469,17,No
O012470,E012470,51,No
O012471,E012471,21,No
O012472,E012472,28,No
O012473,E012473,16,Yes
O012474,E012474,26,No
O012475,E012475,19,No
O012476,E012476,1,No
O012477,E012477,29,No
O012478,E012478,22,No
O012479,E012479,32,No
O012480,E012480,44,No
O012481,E012481,18,Yes
O012482,E012482,36,No
O012483,E012483,7,No
O012484,E012484,52,No
O012485,E012485,8,Yes
O012486,E012486,49,No
O012487,E012487,44,Yes
O012488,E012488,13,No
O012489,E012489,6,No
O012490,E012490,14,No
O012491,E012491,40,No
O012492,E012492,1,No
O012493,E012493,20,No
O012494,E012494,49,Yes
O012495,E012495,19,No
O012496,E012496,23,No
O012497,E012497,7,No
O012498,E012498,23,No
O012499,E012499,25,Yes
O012500,E012500,49,No
O012501,E012501,39,No
O012502,E012502,7,No
O012503,E012503,33,No
O012504,E012504,52,Yes
O012505,E012505,12,No
O012506,E012506,18,No
O012507,E012507,33,No
O012508,E012508,57,No
O012509,E012509,47,No
O012510,E012510,43,No
O012511,E012511,45,No
O012512,E012512,4,No
O012513,E012513,40,No
O012514,E012514,46,No
O012515,E012515,26,No
O012516,E012516,35,No
O012517,E012517,42,No
O012518,E012518,51,No
O012519,E012519,60,No
O012520,E012520,53,No
O012521,E012521,23,No
O012522,E012522,57,No
O012523,E012523,28,Yes
O012524,E012524,35,No
O012525,E012525,22,No
O012526,E012526,36,No
O012527,E012527,8,No
O012528,E012528,6,No
O012529,E012529,40,No
O012530,E012530,2,No
O012531,E012531,12,No
O012532,E012532,29,Yes
O012533,E012533,11,No
O012534,E012534,54,No
O012535,E012535,52,No
O012536,E012536,19,Yes
O012537,E012537,57,No
O012538,E012538,45,No
O012539,E012539,55,No
O012540,E012540,3,Yes
O012541,E012541,49,No
O012542,E012542,46,No
O012543,E012543,21,No
O012544,E012544,26,No
O012545,E012545,27,No
O012546,E012546,59,No
O012547,E012547,29,No
O012548,E012548,14,No
O012549,E012549,1,No
O012550,E012550,50,Yes
O012551,E012551,19,No
O012552,E012552,36,No
O012553,E012553,6,No
O012554,E012554,58,No
O012555,E012555,52,No
O012556,E012556,13,No
O012557,E012557,19,No
O012558,E012558,57,No
O012559,E012559,43,Yes
O012560,E012560,4,No
O012561,E012561,50,No
O012562,E012562,24,No
O012563,E012563,37,Yes
O012564,E012564,41,No
O012565,E012565,32,No
O012566,E012566,52,No
O012567,E012567,22,No
O012568,E012568,32,No
O012569,E012569,17,Yes
O012570,E012570,38,No
O012571,E012571,58,Yes
O012572,E012572,14,No
O012573,E012573,53,No
O012574,E012574,13,No
O012575,E012575,23,No
O012576,E012576,21,Yes
O012577,E012577,27,No
O012578,E012578,6,No
O012579,E012579,12,No
O012580,E012580,49,Yes
O012581,E012581,10,No
O012582,E012582,19,No
O012583,E012583,12,No
O012584,E012584,37,No
O012585,E012585,41,No
O012586,E012586,53,No
O012587,E012587,11,No
O012588,E012588,12,No
O012589,E012589,49,No
O012590,E012590,60,No
O012591,E012591,48,No
O012592,E012592,50,Yes
O012593,E012593,6,No
O012594,E012594,26,Yes
O012595,E012595,12,No
O012596,E012596,3,No
O012597,E012597,25,Yes
O012598,E012598,41,Yes
O012599,E012599,59,No
O012600,E012600,52,No
O012601,E012601,4,No
O012602,E012602,23,No
O012603,E012603,56,No
O012604,E012604,1,No
O012605,E012605,4,No
O012606,E012606,17,No
O012607,E012607,9,No
O012608,E012608,18,Yes
O012609,E012609,17,No
O012610,E012610,17,No
O012611,E012611,19,Yes
O012612,E012612,40,No
O012613,E012613,21,No
O012614,E012614,34,No
O012615,E012615,31,No
O012616,E012616,28,Yes
O012617,E012617,22,No
O012618,E012618,56,No
O012619,E012619,48,No
O012620,E012620,52,No
O012621,E012621,36,No
O012622,E012622,34,No
O012623,E012623,58,No
O012624,E012624,53,No
O012625,E012625,11,Yes
O012626,E012626,7,No
O012627,E012627,59,No
O012628,E012628,54,No
O012629,E012629,22,Yes
O012630,E012630,59,Yes
O012631,E012631,21,No
O012632,E012632,43,Yes
O012633,E012633,39,No
O012634,E012634,11,Yes
O012635,E012635,7,No
O012636,E012636,3,No
O012637,E012637,39,No
O012638,E012638,47,No
O012639,E012639,36,No
O012640,E012640,18,No
O012641,E012641,7,No
O012642,E012642,30,Yes
O012643,E012643,51,No
O012644,E012644,48,No
O012645,E012645,27,No
O012646,E012646,41,No
O012647,E012647,2,No
O012648,E012648,18,No
O012649,E012649,21,Yes
O012650,E012650,30,Yes
O012651,E012651,43,No
O012652,E012652,10,Yes
O012653,E012653,25,Yes
O012654,E012654,40,No
O012655,E012655,38,No
O012656,E012656,42,No
O012657,E012657,19,No
O012658,E012658,13,No
O012659,E012659,53,Yes
O012660,E012660,52,Yes
O012661,E012661,37,No
O012662,E012662,25,No
O012663,E012663,5,No
O012664,E012664,4,No
O012665,E012665,18,No
O012666,E012666,46,No
O012667,E012667,36,Yes
O012668,E012668,50,No
O012669,E012669,12,No
O012670,E012670,17,No
O012671,E012671,47,No
O012672,E012672,38,Yes
O012673,E012673,21,No
O012674,E012674,15,No
O012675,E012675,17,Yes
O012676,E012676,17,Yes
O012677,E012677,48,No
O012678,E012678,14,No
O012679,E012679,29,Yes
O012680,E012680,33,No
O012681,E012681,35,No
O012682,E012682,15,No
O012683,E012683,17,No
O012684,E012684,12,No
O012685,E012685,49,No
O012686,E012686,53,No
O012687,E012687,43,Yes
O012688,E012688,5,Yes
O012689,E012689,15,Yes
O012690,E012690,58,No
O012691,E012691,45,No
O012692,E012692,41,No
O012693,E012693,50,No
O012694,E012694,45,No
O012695,E012695,35,No
O012696,E012696,34,No
O012697,E012697,20,No
O012698,E012698,2,No
O012699,E012699,26,No
O012700,E012700,1,Yes
O012701,E012701,5,No
O012702,E012702,32,No
O012703,E012703,2,No
O012704,E012704,26,No
O012705,E012705,10,Yes
O012706,E012706,45,No
O012707,E012707,16,No
O012708,E012708,27,No
O012709,E012709,13,Yes
O012710,E012710,59,No
O012711,E012711,24,Yes
O012712,E012712,58,No
O012713,E012713,21,Yes
O012714,E012714,5,No
O012715,E012715,58,No
O012716,E012716,14,No
O012717,E012717,18,No
O012718,E012718,51,No
O012719,E012719,43,No
O012720,E012720,39,No
O012721,E012721,29,Yes
O012722,E012722,60,No
O012723,E012723,41,No
O012724,E012724,55,No
O012725,E012725,18,No
O012726,E012726,9,No
O012727,E012727,15,No
O012728,E012728,41,No
O012729,E012729,1,Yes
O012730,E012730,16,No
O012731,E012731,35,No
O012732,E012732,15,No
O012733,E012733,18,Yes
O012734,E012734,36,No
O012735,E012735,38,Yes
O012736,E012736,20,Yes
O012737,E012737,12,No
O012738,E012738,42,No
O012739,E012739,35,No
O012740,E012740,11,Yes
O012741,E012741,21,No
O012742,E012742,16,Yes
O012743,E012743,3,No
O012744,E012744,34,No
O012745,E012745,24,No
O012746,E012746,16,No
O012747,E012747,37,No
O012748,E012748,36,Yes
O012749,E012749,1,Yes
O012750,E012750,60,No
O012751,E012751,24,No
O012752,E012752,24,No
O012753,E012753,39,Yes
O012754,E012754,49,Yes
O012755,E012755,50,No
O012756,E012756,14,Yes
O012757,E012757,34,No
O012758,E012758,58,Yes
O012759,E012759,59,No
O012760,E012760,42,Yes
O012761,E012761,37,Yes
O012762,E012762,11,Yes
O012763,E012763,3,No
O012764,E012764,27,No
O012765,E012765,59,Yes
O012766,E012766,44,No
O012767,E012767,50,Yes
O012768,E012768,44,No
O012769,E012769,29,No
O012770,E012770,23,Yes
O012771,E012771,21,Yes
O012772,E012772,8,Yes
O012773,E012773,36,No
O012774,E012774,21,No
O012775,E012775,24,Yes
O012776,E012776,12,Yes
O012777,E012777,48,No
O012778,E012778,19,No
O012779,E012779,39,No
O012780,E012780,19,No
O012781,E012781,49,Yes
O012782,E012782,35,Yes
O012783,E012783,36,No
O012784,E012784,5,No
O012785,E012785,60,No
O012786,E012786,11,No
O012787,E012787,6,No
O012788,E012788,25,Yes
O012789,E012789,52,No
O012790,E012790,56,No
O012791,E012791,12,No
O012792,E012792,16,No
O012793,E012793,15,No
O012794,E012794,51,Yes
O012795,E012795,42,No
O012796,E012796,46,Yes
O012797,E012797,43,No
O012798,E012798,51,No
O012799,E012799,1,No
O012800,E012800,53,No
O012801,E012801,34,No
O012802,E012802,34,No
O012803,E012803,45,No
O012804,E012804,55,No
O012805,E012805,40,No
O012806,E012806,31,No
O012807,E012807,56,No
O012808,E012808,53,No
O012809,E012809,59,No
O012810,E012810,10,No
O012811,E012811,9,No
O012812,E012812,44,No
O012813,E012813,55,Yes
O012814,E012814,6,No
O012815,E012815,30,No
O012816,E012816,21,Yes
O012817,E012817,54,No
O012818,E012818,29,No
O012819,E012819,26,No
O012820,E012820,35,No
O012821,E012821,23,No
O012822,E012822,48,Yes
O012823,E012823,25,Yes
O012824,E012824,34,No
O012825,E012825,9,No
O012826,E012826,45,No
O012827,E012827,8,No
O012828,E012828,52,No
O012829,E012829,33,Yes
O012830,E012830,20,No
O012831,E012831,50,No
O012832,E012832,17,No
O012833,E012833,58,No
O012834,E012834,16,No
O012835,E012835,15,Yes
O012836,E012836,13,No
O012837,E012837,5,Yes
O012838,E012838,38,No
O012839,E012839,14,No
O012840,E012840,49,No
O012841,E012841,52,No
O012842,E012842,18,No
O012843,E012843,34,No
O012844,E012844,11,No
O012845,E012845,34,Yes
O012846,E012846,41,No
O012847,E012847,16,No
O012848,E012848,40,Yes
O012849,E012849,22,Yes
O012850,E012850,35,No
O012851,E012851,24,No
O012852,E012852,18,No
O012853,E012853,47,Yes
O012854,E012854,2,No
O012855,E012855,17,Yes
O012856,E012856,34,No
O012857,E012857,1,No
O012858,E012858,24,No
O012859,E012859,27,Yes
O012860,E012860,54,No
O012861,E012861,14,Yes
O012862,E012862,40,Yes
O012863,E012863,2,No
O012864,E012864,11,No
O012865,E012865,32,No
O012866,E012866,5,No
O012867,E012867,26,Yes
O012868,E012868,38,No
O012869,E012869,7,No
O012870,E012870,35,Yes
O012871,E012871,28,Yes
O012872,E012872,12,No
O012873,E012873,25,No
O012874,E012874,60,No
O012875,E012875,35,No
O012876,E012876,31,No
O012877,E012877,14,No
O012878,E012878,42,No
O012879,E012879,57,No
O012880,E012880,30,No
O012881,E012881,39,No
O012882,E012882,57,No
O012883,E012883,22,No
O012884,E012884,33,Yes
O012885,E012885,53,Yes
O012886,E012886,30,No
O012887,E012887,44,No
O012888,E012888,60,Yes
O012889,E012889,24,Yes
O012890,E012890,60,Yes
O012891,E012891,23,Yes
O012892,E012892,8,Yes
O012893,E012893,1,No
O012894,E012894,51,No
O012895,E012895,48,No
O012896,E012896,48,No
O012897,E012897,5,No
O012898,E012898,13,Yes
O012899,E012899,56,No
O012900,E012900,32,No
O012901,E012901,25,No
O012902,E012902,40,No
O012903,E012903,51,No
O012904,E012904,25,Yes
O012905,E012905,43,No
O012906,E012906,52,No
O012907,E012907,46,Yes
O012908,E012908,52,No
O012909,E012909,6,Yes
O012910,E012910,12,No
O012911,E012911,16,No
O012912,E012912,42,No
O012913,E012913,26,Yes
O012914,E012914,60,Yes
O012915,E012915,43,No
O012916,E012916,53,No
O012917,E012917,55,No
O012918,E012918,26,No
O012919,E012919,51,No
O012920,E012920,22,No
O012921,E012921,27,No
O012922,E012922,16,No
O012923,E012923,9,No
O012924,E012924,12,No
O012925,E012925,53,No
O012926,E012926,3,Yes
O012927,E012927,14,No
O012928,E012928,14,Yes
O012929,E012929,19,No
O012930,E012930,23,No
O012931,E012931,25,No
O012932,E012932,20,No
O012933,E012933,52,Yes
O012934,E012934,10,No
O012935,E012935,21,Yes
O012936,E012936,7,No
O012937,E012937,14,Yes
O012938,E012938,9,No
O012939,E012939,33,Yes
O012940,E012940,1,No
O012941,E012941,54,No
O012942,E012942,16,Yes
O012943,E012943,54,No
O012944,E012944,36,Yes
O012945,E012945,59,No
O012946,E012946,43,Yes
O012947,E012947,11,No
O012948,E012948,24,No
O012949,E012949,5,No
O012950,E012950,51,No
O012951,E012951,5,No
O012952,E012952,26,No
O012953,E012953,10,No
O012954,E012954,16,No
O012955,E012955,59,No
O012956,E012956,30,No
O012957,E012957,42,No
O012958,E012958,6,No
O012959,E012959,22,No
O012960,E012960,1,No
O012961,E012961,56,No
O012962,E012962,18,Yes
O012963,E012963,17,No
O012964,E012964,18,No
O012965,E012965,55,No
O012966,E012966,35,No
O012967,E012967,19,Yes
O012968,E012968,9,No
O012969,E012969,14,No
O012970,E012970,58,No
O012971,E012971,39,No
O012972,E012972,9,No
O012973,E012973,7,No
O012974,E012974,17,No
O012975,E012975,4,No
O012976,E012976,4,No
O012977,E012977,54,Yes
O012978,E012978,25,No
O012979,E012979,39,No
O012980,E012980,13,Yes
O012981,E012981,43,No
O012982,E012982,51,Yes
O012983,E012983,40,No
O012984,E012984,14,No
O012985,E012985,38,No
O012986,E012986,54,No
O012987,E012987,27,Yes
O012988,E012988,54,Yes
O012989,E012989,54,No
O012990,E012990,11,No
O012991,E012991,7,Yes
O012992,E012992,28,No
O012993,E012993,16,No
O012994,E012994,28,Yes
O012995,E012995,31,No
O012996,E012996,57,No
O012997,E012997,22,No
O012998,E012998,56,No
O012999,E012999,9,No
O013000,E013000,37,No
O013001,E013001,31,Yes
O013002,E013002,58,Yes
O013003,E013003,31,No
O013004,E013004,21,Yes
O013005,E013005,56,No
O013006,E013006,5,No
O013007,E013007,46,No
O013008,E013008,19,No
O013009,E013009,21,No
O013010,E013010,30,Yes
O013011,E013011,37,No
O013012,E013012,13,No
O013013,E013013,51,No
O013014,E013014,51,Yes
O013015,E013015,1,No
O013016,E013016,6,No
O013017,E013017,44,No
O013018,E013018,19,No
O013019,E013019,23,No
O013020,E013020,60,Yes
O013021,E013021,30,Yes
O013022,E013022,19,No
O013023,E013023,14,No
O013024,E013024,7,No
O013025,E013025,49,No
O013026,E013026,45,Yes
O013027,E013027,10,No
O013028,E013028,32,Yes
O013029,E013029,54,Yes
O013030,E013030,14,No
O013031,E013031,51,No
O013032,E013032,40,No
O013033,E013033,17,No
O013034,E013034,58,Yes
O013035,E013035,39,No
O013036,E013036,14,Yes
O013037,E013037,2,Yes
O013038,E013038,45,No
O013039,E013039,13,No
O013040,E013040,59,No
O013041,E013041,13,No
O013042,E013042,41,No
O013043,E013043,56,No
O013044,E013044,21,Yes
O013045,E013045,27,No
O013046,E013046,30,No
O013047,E013047,31,No
O013048,E013048,24,Yes
O013049,E013049,47,No
O013050,E013050,51,No
O013051,E013051,28,No
O013052,E013052,10,No
O013053,E013053,46,No
O013054,E013054,29,No
O013055,E013055,34,No
O013056,E013056,19,No
O013057,E013057,17,No
O013058,E013058,53,No
O013059,E013059,34,No
O013060,E013060,14,Yes
O013061,E013061,28,Yes
O013062,E013062,11,No
O013063,E013063,54,No
O013064,E013064,38,No
O013065,E013065,40,No
O013066,E013066,49,No
O013067,E013067,54,No
O013068,E013068,7,No
O013069,E013069,18,No
O013070,E013070,33,Yes
O013071,E013071,11,Yes
O013072,E013072,41,No
O013073,E013073,49,Yes
O013074,E013074,20,No
O013075,E013075,42,Yes
O013076,E013076,39,Yes
O013077,E013077,58,No
O013078,E013078,55,No
O013079,E013079,18,No
O013080,E013080,42,No
O013081,E013081,50,Yes
O013082,E013082,59,No
O013083,E013083,15,Yes
O013084,E013084,35,No
O013085,E013085,4,No
O013086,E013086,38,No
O013087,E013087,57,No
O013088,E013088,35,No
O013089,E013089,46,Yes
O013090,E013090,39,No
O013091,E013091,44,No
O013092,E013092,43,No
O013093,E013093,28,No
O013094,E013094,38,No
O013095,E013095,24,No
O013096,E013096,6,No
O013097,E013097,30,No
O013098,E013098,34,No
O013099,E013099,57,No
O013100,E013100,5,No
O013101,E013101,11,No
O013102,E013102,9,No
O013103,E013103,13,No
O013104,E013104,60,No
O013105,E013105,17,No
O013106,E013106,46,No
O013107,E013107,55,No
O013108,E013108,43,Yes
O013109,E013109,55,No
O013110,E013110,56,No
O013111,E013111,8,No
O013112,E013112,51,Yes
O013113,E013113,27,No
O013114,E013114,2,No
O013115,E013115,19,Yes
O013116,E013116,59,No
O013117,E013117,39,No
O013118,E013118,31,No
O013119,E013119,51,No
O013120,E013120,59,Yes
O013121,E013121,43,No
O013122,E013122,22,No
O013123,E013123,60,Yes
O013124,E013124,11,Yes
O013125,E013125,14,No
O013126,E013126,16,No
O013127,E013127,30,No
O013128,E013128,34,No
O013129,E013129,54,No
O013130,E013130,14,Yes
O013131,E013131,32,No
O013132,E013132,54,Yes
O013133,E013133,35,No
O013134,E013134,36,Yes
O013135,E013135,26,No
O013136,E013136,12,Yes
O013137,E013137,53,No
O013138,E013138,8,No
O013139,E013139,25,Yes
O013140,E013140,23,Yes
O013141,E013141,5,Yes
O013142,E013142,13,No
O013143,E013143,16,No
O013144,E013144,31,No
O013145,E013145,50,No
O013146,E013146,7,No
O013147,E013147,57,No
O013148,E013148,39,No
O013149,E013149,32,Yes
O013150,E013150,47,No
O013151,E013151,39,No
O013152,E013152,33,No
O013153,E013153,30,No
O013154,E013154,55,No
O013155,E013155,16,No
O013156,E013156,38,No
O013157,E013157,25,No
O013158,E013158,45,Yes
O013159,E013159,32,No
O013160,E013160,25,No
O013161,E013161,36,No
O013162,E013162,47,Yes
O013163,E013163,36,No
O013164,E013164,40,No
O013165,E013165,3,No
O013166,E013166,45,No
O013167,E013167,36,Yes
O013168,E013168,58,Yes
O013169,E013169,43,No
O013170,E013170,46,Yes
O013171,E013171,9,No
O013172,E013172,18,No
O013173,E013173,39,Yes
O013174,E013174,58,No
O013175,E013175,33,Yes
O013176,E013176,48,No
O013177,E013177,13,No
O013178,E013178,55,Yes
O013179,E013179,12,No
O013180,E013180,3,No
O013181,E013181,16,Yes
O013182,E013182,32,No
O013183,E013183,20,No
O013184,E013184,35,No
O013185,E013185,20,No
O013186,E013186,30,No
O013187,E013187,60,No
O013188,E013188,16,No
O013189,E013189,40,Yes
O013190,E013190,45,Yes
O013191,E013191,37,No
O013192,E013192,33,No
O013193,E013193,26,No
O013194,E013194,47,Yes
O013195,E013195,48,No
O013196,E013196,16,Yes
O013197,E013197,29,No
O013198,E013198,35,No
O013199,E013199,31,No
O013200,E013200,27,Yes
O013201,E013201,28,No
O013202,E013202,26,No
O013203,E013203,60,Yes
O013204,E013204,26,No
O013205,E013205,52,No
O013206,E013206,18,No
O013207,E013207,45,No
O013208,E013208,45,No
O013209,E013209,5,No
O013210,E013210,5,No
O013211,E013211,30,No
O013212,E013212,7,No
O013213,E013213,9,No
O013214,E013214,11,Yes
O013215,E013215,53,No
O013216,E013216,29,Yes
O013217,E013217,57,No
O013218,E013218,59,No
O013219,E013219,36,No
O013220,E013220,35,No
O013221,E013221,34,Yes
O013222,E013222,60,No
O013223,E013223,39,No
O013224,E013224,44,Yes
O013225,E013225,26,Yes
O013226,E013226,13,No
O013227,E013227,19,No
O013228,E013228,10,No
O013229,E013229,11,No
O013230,E013230,30,No
O013231,E013231,36,No
O013232,E013232,4,No
O013233,E013233,37,No
O013234,E013234,30,No
O013235,E013235,32,No
O013236,E013236,10,Yes
O013237,E013237,43,Yes
O013238,E013238,30,No
O013239,E013239,45,No
O013240,E013240,31,No
O013241,E013241,56,Yes
O013242,E013242,43,No
O013243,E013243,41,No
O013244,E013244,42,No
O013245,E013245,23,No
O013246,E013246,56,Yes
O013247,E013247,11,No
O013248,E013248,13,Yes
O013249,E013249,39,Yes
O013250,E013250,53,No
O013251,E013251,48,No
O013252,E013252,54,Yes
O013253,E013253,43,No
O013254,E013254,24,No
O013255,E013255,44,No
O013256,E013256,23,No
O013257,E013257,33,Yes
O013258,E013258,26,No
O013259,E013259,19,No
O013260,E013260,39,No
O013261,E013261,21,No
O013262,E013262,47,No
O013263,E013263,10,Yes
O013264,E013264,48,Yes
O013265,E013265,59,Yes
O013266,E013266,29,No
O013267,E013267,54,No
O013268,E013268,41,Yes
O013269,E013269,35,No
O013270,E013270,16,No
O013271,E013271,35,No
O013272,E013272,34,No
O013273,E013273,34,No
O013274,E013274,37,No
O013275,E013275,44,No
O013276,E013276,57,No
O013277,E013277,21,No
O013278,E013278,14,Yes
O013279,E013279,6,No
O013280,E013280,21,Yes
O013281,E013281,18,No
O013282,E013282,55,No
O013283,E013283,7,No
O013284,E013284,39,No
O013285,E013285,56,No
O013286,E013286,38,No
O013287,E013287,25,No
O013288,E013288,19,No
O013289,E013289,52,Yes
O013290,E013290,31,No
O013291,E013291,52,No
O013292,E013292,51,No
O013293,E013293,58,No
O013294,E013294,55,No
O013295,E013295,24,No
O013296,E013296,32,No
O013297,E013297,31,No
O013298,E013298,48,Yes
O013299,E013299,29,No
O013300,E013300,52,No
O013301,E013301,34,No
O013302,E013302,53,No
O013303,E013303,4,No
O013304,E013304,44,No
O013305,E013305,43,Yes
O013306,E013306,50,Yes
O013307,E013307,41,No
O013308,E013308,28,No
O013309,E013309,21,No
O013310,E013310,2,No
O013311,E013311,47,No
O013312,E013312,54,No
O013313,E013313,22,No
O013314,E013314,16,Yes
O013315,E013315,38,Yes
O013316,E013316,44,No
O013317,E013317,6,No
O013318,E013318,17,No
O013319,E013319,17,No
O013320,E013320,52,Yes
O013321,E013321,27,No
O013322,E013322,6,No
O013323,E013323,4,No
O013324,E013324,4,No
O013325,E013325,23,No
O013326,E013326,22,Yes
O013327,E013327,53,No
O013328,E013328,51,No
O013329,E013329,24,No
O013330,E013330,5,No
O013331,E013331,36,Yes
O013332,E013332,3,No
O013333,E013333,56,Yes
O013334,E013334,37,No
O013335,E013335,45,No
O013336,E013336,12,No
O013337,E013337,23,Yes
O013338,E013338,59,No
O013339,E013339,56,No
O013340,E013340,16,No
O013341,E013341,50,No
O013342,E013342,36,No
O013343,E013343,8,No
O013344,E013344,2,Yes
O013345,E013345,57,Yes
O013346,E013346,29,No
O013347,E013347,24,No
O013348,E013348,58,No
O013349,E013349,57,No
O013350,E013350,52,No
O013351,E013351,56,No
O013352,E013352,34,No
O013353,E013353,43,Yes
O013354,E013354,36,Yes
O013355,E013355,60,Yes
O013356,E013356,7,No
O013357,E013357,14,Yes
O013358,E013358,23,No
O013359,E013359,43,No
O013360,E013360,54,No
O013361,E013361,60,No
O013362,E013362,6,Yes
O013363,E013363,1,No
O013364,E013364,37,No
O013365,E013365,44,No
O013366,E013366,18,Yes
O013367,E013367,36,No
O013368,E013368,43,Yes
O013369,E013369,58,Yes
O013370,E013370,27,No
O013371,E013371,28,No
O013372,E013372,15,No
O013373,E013373,7,No
O013374,E013374,1,No
O013375,E013375,34,No
O013376,E013376,52,No
O013377,E013377,4,No
O013378,E013378,32,No
O013379,E013379,43,No
O013380,E013380,46,No
O013381,E013381,20,No
O013382,E013382,9,No
O013383,E013383,6,No
O013384,E013384,58,No
O013385,E013385,52,Yes
O013386,E013386,51,No
O013387,E013387,41,No
O013388,E013388,21,No
O013389,E013389,40,No
O013390,E013390,16,Yes
O013391,E013391,1,No
O013392,E013392,44,No
O013393,E013393,36,Yes
O013394,E013394,40,No
O013395,E013395,48,No
O013396,E013396,18,No
O013397,E013397,44,No
O013398,E013398,40,No
O013399,E013399,9,No
O013400,E013400,47,Yes
O013401,E013401,21,No
O013402,E013402,9,Yes
O013403,E013403,55,No
O013404,E013404,12,Yes
O013405,E013405,60,No
O013406,E013406,37,No
O013407,E013407,24,No
O013408,E013408,5,No
O013409,E013409,58,No
O013410,E013410,13,No
O013411,E013411,35,Yes
O013412,E013412,36,No
O013413,E013413,55,No
O013414,E013414,26,No
O013415,E013415,49,No
O013416,E013416,50,No
O013417,E013417,31,No
O013418,E013418,44,No
O013419,E013419,60,No
O013420,E013420,53,No
O013421,E013421,21,No
O013422,E013422,59,Yes
O013423,E013423,23,Yes
O013424,E013424,11,No
O013425,E013425,56,No
O013426,E013426,40,No
O013427,E013427,7,No
O013428,E013428,55,No
O013429,E013429,36,Yes
O013430,E013430,52,Yes
O013431,E013431,48,No
O013432,E013432,51,No
O013433,E013433,19,No
O013434,E013434,21,Yes
O013435,E013435,30,Yes
O013436,E013436,56,No
O013437,E013437,7,Yes
O013438,E013438,10,No
O013439,E013439,21,No
O013440,E013440,59,No
O013441,E013441,23,No
O013442,E013442,49,No
O013443,E013443,27,No
O013444,E013444,15,No
O013445,E013445,39,No
O013446,E013446,57,No
O013447,E013447,45,No
O013448,E013448,29,No
O013449,E013449,56,No
O013450,E013450,29,No
O013451,E013451,16,No
O013452,E013452,30,No
O013453,E013453,7,No
O013454,E013454,60,No
O013455,E013455,28,Yes
O013456,E013456,21,No
O013457,E013457,30,Yes
O013458,E013458,2,No
O013459,E013459,14,No
O013460,E013460,36,No
O013461,E013461,50,No
O013462,E013462,4,No
O013463,E013463,35,Yes
O013464,E013464,37,Yes
O013465,E013465,52,No
O013466,E013466,43,No
O013467,E013467,2,Yes
O013468,E013468,20,No
O013469,E013469,6,No
O013470,E013470,32,Yes
O013471,E013471,39,No
O013472,E013472,18,Yes
O013473,E013473,31,No
O013474,E013474,5,No
O013475,E013475,52,No
O013476,E013476,13,No
O013477,E013477,1,Yes
O013478,E013478,6,Yes
O013479,E013479,53,No
O013480,E013480,39,No
O013481,E013481,34,No
O013482,E013482,16,No
O013483,E013483,26,No
O013484,E013484,13,No
O013485,E013485,4,No
O013486,E013486,36,No
O013487,E013487,10,Yes
O013488,E013488,10,Yes
O013489,E013489,46,No
O013490,E013490,27,Yes
O013491,E013491,52,Yes
O013492,E013492,15,Yes
O013493,E013493,35,No
O013494,E013494,26,Yes
O013495,E013495,34,Yes
O013496,E013496,27,Yes
O013497,E013497,4,No
O013498,E013498,47,Yes
O013499,E013499,12,No
O013500,E013500,42,No
O013501,E013501,41,No
O013502,E013502,57,No
O013503,E013503,23,No
O013504,E013504,42,Yes
O013505,E013505,30,No
O013506,E013506,56,Yes
O013507,E013507,55,No
O013508,E013508,33,No
O013509,E013509,16,No
O013510,E013510,42,Yes
O013511,E013511,28,No
O013512,E013512,4,No
O013513,E013513,23,No
O013514,E013514,55,Yes
O013515,E013515,6,No
O013516,E013516,17,Yes
O013517,E013517,54,No
O013518,E013518,33,No
O013519,E013519,60,No
O013520,E013520,7,Yes
O013521,E013521,37,Yes
O013522,E013522,29,No
O013523,E013523,3,No
O013524,E013524,19,No
O013525,E013525,56,No
O013526,E013526,47,Yes
O013527,E013527,30,No
O013528,E013528,41,No
O013529,E013529,38,Yes
O013530,E013530,51,No
O013531,E013531,32,Yes
O013532,E013532,5,No
O013533,E013533,18,Yes
O013534,E013534,48,No
O013535,E013535,50,Yes
O013536,E013536,21,No
O013537,E013537,18,Yes
O013538,E013538,51,No
O013539,E013539,1,No
O013540,E013540,13,No
O013541,E013541,60,No
O013542,E013542,40,No
O013543,E013543,12,No
O013544,E013544,41,No
O013545,E013545,26,Yes
O013546,E013546,36,No
O013547,E013547,20,No
O013548,E013548,15,No
O013549,E013549,48,No
O013550,E013550,58,No
O013551,E013551,58,No
O013552,E013552,1,No
O013553,E013553,46,No
O013554,E013554,13,Yes
O013555,E013555,25,Yes
O013556,E013556,11,No
O013557,E013557,49,No
O013558,E013558,27,No
O013559,E013559,50,No
O013560,E013560,17,No
O013561,E013561,22,Yes
O013562,E013562,56,No
O013563,E013563,29,No
O013564,E013564,54,Yes
O013565,E013565,47,No
O013566,E013566,38,No
O013567,E013567,12,No
O013568,E013568,39,No
O013569,E013569,44,No
O013570,E013570,44,Yes
O013571,E013571,41,No
O013572,E013572,53,No
O013573,E013573,10,No
O013574,E013574,45,No
O013575,E013575,32,No
O013576,E013576,12,No
O013577,E013577,2,No
O013578,E013578,48,Yes
O013579,E013579,2,Yes
O013580,E013580,51,No
O013581,E013581,19,Yes
O013582,E013582,40,No
O013583,E013583,54,No
O013584,E013584,51,No
O013585,E013585,36,No
O013586,E013586,46,Yes
O013587,E013587,6,Yes
O013588,E013588,15,No
O013589,E013589,6,Yes
O013590,E013590,54,No
O013591,E013591,43,No
O013592,E013592,2,No
O013593,E013593,38,No
O013594,E013594,57,No
O013595,E013595,40,No
O013596,E013596,13,No
O013597,E013597,22,No
O013598,E013598,59,No
O013599,E013599,13,No
O013600,E013600,38,Yes
O013601,E013601,60,Yes
O013602,E013602,14,Yes
O013603,E013603,56,No
O013604,E013604,42,No
O013605,E013605,60,Yes
O013606,E013606,54,No
O013607,E013607,14,No
O013608,E013608,17,No
O013609,E013609,46,No
O013610,E013610,20,Yes
O013611,E013611,3,No
O013612,E013612,42,No
O013613,E013613,57,No
O013614,E013614,27,No
O013615,E013615,5,No
O013616,E013616,53,No
O013617,E013617,59,No
O013618,E013618,27,Yes
O013619,E013619,37,No
O013620,E013620,56,No
O013621,E013621,25,No
O013622,E013622,6,No
O013623,E013623,2,No
O013624,E013624,37,No
O013625,E013625,40,No
O013626,E013626,15,No
O013627,E013627,10,No
O013628,E013628,22,No
O013629,E013629,10,No
O013630,E013630,51,No
O013631,E013631,36,No
O013632,E013632,30,No
O013633,E013633,22,No
O013634,E013634,2,Yes
O013635,E013635,34,No
O013636,E013636,28,Yes
O013637,E013637,4,No
O013638,E013638,60,No
O013639,E013639,51,Yes
O013640,E013640,49,No
O013641,E013641,21,No
O013642,E013642,45,No
O013643,E013643,17,No
O013644,E013644,41,No
O013645,E013645,20,No
O013646,E013646,60,No
O013647,E013647,54,No
O013648,E013648,44,Yes
O013649,E013649,32,No
O013650,E013650,40,No
O013651,E013651,43,No
O013652,E013652,9,No
O013653,E013653,49,No
O013654,E013654,3,Yes
O013655,E013655,33,No
O013656,E013656,46,No
O013657,E013657,52,No
O013658,E013658,44,Yes
O013659,E013659,39,No
O013660,E013660,54,Yes
O013661,E013661,52,No
O013662,E013662,36,No
O013663,E013663,14,Yes
O013664,E013664,7,No
O013665,E013665,44,Yes
O013666,E013666,42,No
O013667,E013667,28,Yes
O013668,E013668,15,No
O013669,E013669,56,No
O013670,E013670,50,No
O013671,E013671,30,No
O013672,E013672,27,No
O013673,E013673,3,Yes
O013674,E013674,10,Yes
O013675,E013675,38,No
O013676,E013676,17,No
O013677,E013677,44,No
O013678,E013678,22,No
O013679,E013679,17,No
O013680,E013680,57,No
O013681,E013681,29,No
O013682,E013682,45,No
O013683,E013683,36,No
O013684,E013684,30,No
O013685,E013685,32,No
O013686,E013686,24,Yes
O013687,E013687,2,No
O013688,E013688,38,Yes
O013689,E013689,48,No
O013690,E013690,7,No
O013691,E013691,52,No
O013692,E013692,12,No
O013693,E013693,20,Yes
O013694,E013694,54,No
O013695,E013695,4,Yes
O013696,E013696,41,Yes
O013697,E013697,41,No
O013698,E013698,42,No
O013699,E013699,53,No
O013700,E013700,51,No
O013701,E013701,2,No
O013702,E013702,38,No
O013703,E013703,30,No
O013704,E013704,4,No
O013705,E013705,20,Yes
O013706,E013706,25,Yes
O013707,E013707,58,No
O013708,E013708,37,Yes
O013709,E013709,30,No
O013710,E013710,35,Yes
O013711,E013711,10,No
O013712,E013712,13,No
O013713,E013713,4,No
O013714,E013714,22,No
O013715,E013715,43,No
O013716,E013716,11,No
O013717,E013717,37,Yes
O013718,E013718,14,Yes
O013719,E013719,42,No
O013720,E013720,10,No
O013721,E013721,24,Yes
O013722,E013722,31,No
O013723,E013723,58,Yes
O013724,E013724,59,No
O013725,E013725,29,Yes
O013726,E013726,57,Yes
O013727,E013727,19,Yes
O013728,E013728,47,No
O013729,E013729,38,No
O013730,E013730,59,No
O013731,E013731,2,No
O013732,E013732,25,No
O013733,E013733,22,Yes
O013734,E013734,1,No
O013735,E013735,8,No
O013736,E013736,52,No
O013737,E013737,41,Yes
O013738,E013738,39,Yes
O013739,E013739,2,Yes
O013740,E013740,36,Yes
O013741,E013741,9,Yes
O013742,E013742,53,Yes
O013743,E013743,28,No
O013744,E013744,7,Yes
O013745,E013745,60,No
O013746,E013746,14,No
O013747,E013747,46,No
O013748,E013748,18,No
O013749,E013749,40,No
O013750,E013750,41,No
O013751,E013751,32,No
O013752,E013752,1,No
O013753,E013753,23,Yes
O013754,E013754,40,No
O013755,E013755,11,Yes
O013756,E013756,32,No
O013757,E013757,55,No
O013758,E013758,50,No
O013759,E013759,24,Yes
O013760,E013760,57,No
O013761,E013761,5,No
O013762,E013762,35,No
O013763,E013763,21,No
O013764,E013764,20,No
O013765,E013765,30,No
O013766,E013766,22,No
O013767,E013767,10,No
O013768,E013768,6,No
O013769,E013769,13,No
O013770,E013770,58,No
O013771,E013771,36,No
O013772,E013772,12,Yes
O013773,E013773,7,No
O013774,E013774,19,No
O013775,E013775,45,No
O013776,E013776,44,Yes
O013777,E013777,22,No
O013778,E013778,5,No
O013779,E013779,2,No
O013780,E013780,11,Yes
O013781,E013781,44,No
O013782,E013782,5,No
O013783,E013783,44,Yes
O013784,E013784,5,Yes
O013785,E013785,8,No
O013786,E013786,3,No
O013787,E013787,13,No
O013788,E013788,19,No
O013789,E013789,2,No
O013790,E013790,2,No
O013791,E013791,46,No
O013792,E013792,34,No
O013793,E013793,36,No
O013794,E013794,15,No
O013795,E013795,59,Yes
O013796,E013796,5,No
O013797,E013797,33,No
O013798,E013798,10,No
O013799,E013799,28,No
O013800,E013800,2,Yes
O013801,E013801,50,No
O013802,E013802,38,No
O013803,E013803,12,No
O013804,E013804,51,No
O013805,E013805,48,No
O013806,E013806,6,Yes
O013807,E013807,32,No
O013808,E013808,4,No
O013809,E013809,10,No
O013810,E013810,23,Yes
O013811,E013811,52,No
O013812,E013812,5,No
O013813,E013813,10,No
O013814,E013814,14,No
O013815,E013815,5,Yes
O013816,E013816,5,No
O013817,E013817,57,No
O013818,E013818,41,No
O013819,E013819,58,No
O013820,E013820,36,No
O013821,E013821,54,No
O013822,E013822,46,No
O013823,E013823,10,No
O013824,E013824,53,No
O013825,E013825,34,No
O013826,E013826,14,Yes
O013827,E013827,48,Yes
O013828,E013828,35,No
O013829,E013829,40,Yes
O013830,E013830,24,No
O013831,E013831,28,No
O013832,E013832,28,No
O013833,E013833,20,No
O013834,E013834,5,No
O013835,E013835,56,Yes
O013836,E013836,56,Yes
O013837,E013837,5,No
O013838,E013838,35,No
O013839,E013839,8,No
O013840,E013840,30,No
O013841,E013841,37,No
O013842,E013842,50,No
O013843,E013843,30,Yes
O013844,E013844,33,No
O013845,E013845,30,No
O013846,E013846,33,No
O013847,E013847,43,No
O013848,E013848,60,Yes
O013849,E013849,23,Yes
O013850,E013850,27,No
O013851,E013851,35,No
O013852,E013852,56,No
O013853,E013853,43,No
O013854,E013854,57,Yes
O013855,E013855,11,No
O013856,E013856,20,Yes
O013857,E013857,7,No
O013858,E013858,6,Yes
O013859,E013859,29,No
O013860,E013860,33,No
O013861,E013861,8,No
O013862,E013862,44,Yes
O013863,E013863,24,No
O013864,E013864,22,No
O013865,E013865,41,No
O013866,E013866,56,No
O013867,E013867,51,No
O013868,E013868,22,No
O013869,E013869,48,No
O013870,E013870,21,No
O013871,E013871,21,No
O013872,E013872,56,Yes
O013873,E013873,54,Yes
O013874,E013874,59,No
O013875,E013875,6,No
O013876,E013876,25,No
O013877,E013877,32,Yes
O013878,E013878,55,Yes
O013879,E013879,35,No
O013880,E013880,59,Yes
O013881,E013881,54,Yes
O013882,E013882,9,Yes
O013883,E013883,25,Yes
O013884,E013884,39,No
O013885,E013885,25,No
O013886,E013886,38,No
O013887,E013887,49,No
O013888,E013888,8,No
O013889,E013889,39,No
O013890,E013890,43,No
O013891,E013891,39,No
O013892,E013892,46,No
O013893,E013893,34,No
O013894,E013894,29,No
O013895,E013895,43,No
O013896,E013896,60,No
O013897,E013897,46,No
O013898,E013898,46,No
O013899,E013899,2,Yes
O013900,E013900,55,No
O013901,E013901,20,No
O013902,E013902,23,Yes
O013903,E013903,31,Yes
O013904,E013904,45,Yes
O013905,E013905,44,No
O013906,E013906,27,Yes
O013907,E013907,21,No
O013908,E013908,51,No
O013909,E013909,60,No
O013910,E013910,41,No
O013911,E013911,4,Yes
O013912,E013912,44,No
O013913,E013913,41,No
O013914,E013914,16,No
O013915,E013915,46,No
O013916,E013916,49,No
O013917,E013917,9,No
O013918,E013918,38,No
O013919,E013919,31,No
O013920,E013920,23,Yes
O013921,E013921,12,No
O013922,E013922,40,Yes
O013923,E013923,2,Yes
O013924,E013924,29,Yes
O013925,E013925,55,No
O013926,E013926,19,No
O013927,E013927,14,No
O013928,E013928,54,No
O013929,E013929,23,No
O013930,E013930,5,Yes
O013931,E013931,28,Yes
O013932,E013932,51,No
O013933,E013933,20,No
O013934,E013934,56,No
O013935,E013935,10,No
O013936,E013936,11,Yes
O013937,E013937,12,No
O013938,E013938,7,No
O013939,E013939,59,No
O013940,E013940,24,No
O013941,E013941,5,No
O013942,E013942,45,No
O013943,E013943,23,Yes
O013944,E013944,23,No
O013945,E013945,8,No
O013946,E013946,34,Yes
O013947,E013947,34,No
O013948,E013948,38,No
O013949,E013949,50,No
O013950,E013950,46,Yes
O013951,E013951,2,Yes
O013952,E013952,42,No
O013953,E013953,2,Yes
O013954,E013954,2,No
O013955,E013955,57,Yes
O013956,E013956,52,Yes
O013957,E013957,31,No
O013958,E013958,47,Yes
O013959,E013959,36,Yes
O013960,E013960,8,No
O013961,E013961,46,No
O013962,E013962,52,Yes
O013963,E013963,8,No
O013964,E013964,34,No
O013965,E013965,54,No
O013966,E013966,21,No
O013967,E013967,56,Yes
O013968,E013968,43,Yes
O013969,E013969,15,No
O013970,E013970,58,Yes
O013971,E013971,20,No
O013972,E013972,52,Yes
O013973,E013973,5,No
O013974,E013974,13,No
O013975,E013975,16,Yes
O013976,E013976,55,No
O013977,E013977,38,No
O013978,E013978,3,No
O013979,E013979,1,No
O013980,E013980,59,Yes
O013981,E013981,40,No
O013982,E013982,47,No
O013983,E013983,6,No
O013984,E013984,39,Yes
O013985,E013985,51,No
O013986,E013986,50,No
O013987,E013987,27,No
O013988,E013988,1,No
O013989,E013989,24,No
O013990,E013990,13,Yes
O013991,E013991,30,No
O013992,E013992,22,No
O013993,E013993,52,No
O013994,E013994,60,No
O013995,E013995,1,Yes
O013996,E013996,29,No
O013997,E013997,26,Yes
O013998,E013998,8,Yes
O013999,E013999,37,No
O014000,E014000,23,No
O014001,E014001,23,No
O014002,E014002,50,No
O014003,E014003,34,No
O014004,E014004,2,Yes
O014005,E014005,37,Yes
O014006,E014006,18,No
O014007,E014007,19,No
O014008,E014008,52,No
O014009,E014009,46,Yes
O014010,E014010,13,Yes
O014011,E014011,52,Yes
O014012,E014012,29,No
O014013,E014013,2,No
O014014,E014014,8,No
O014015,E014015,20,Yes
O014016,E014016,10,No
O014017,E014017,24,No
O014018,E014018,24,No
O014019,E014019,27,No
O014020,E014020,20,Yes
O014021,E014021,19,No
O014022,E014022,58,No
O014023,E014023,57,No
O014024,E014024,19,No
O014025,E014025,59,No
O014026,E014026,19,No
O014027,E014027,3,Yes
O014028,E014028,58,Yes
O014029,E014029,1,No
O014030,E014030,32,No
O014031,E014031,55,No
O014032,E014032,37,Yes
O014033,E014033,30,No
O014034,E014034,39,Yes
O014035,E014035,37,Yes
O014036,E014036,45,No
O014037,E014037,24,No
O014038,E014038,54,Yes
O014039,E014039,23,No
O014040,E014040,10,No
O014041,E014041,26,No
O014042,E014042,16,No
O014043,E014043,1,No
O014044,E014044,7,Yes
O014045,E014045,13,No
O014046,E014046,53,No
O014047,E014047,36,No
O014048,E014048,39,No
O014049,E014049,21,No
O014050,E014050,20,No
O014051,E014051,20,No
O014052,E014052,10,No
O014053,E014053,1,No
O014054,E014054,45,No
O014055,E014055,60,No
O014056,E014056,58,No
O014057,E014057,53,Yes
O014058,E014058,44,No
O014059,E014059,27,No
O014060,E014060,33,No
O014061,E014061,14,No
O014062,E014062,19,No
O014063,E014063,58,No
O014064,E014064,27,Yes
O014065,E014065,41,No
O014066,E014066,53,No
O014067,E014067,24,No
O014068,E014068,11,No
O014069,E014069,55,No
O014070,E014070,31,No
O014071,E014071,12,Yes
O014072,E014072,53,No
O014073,E014073,26,No
O014074,E014074,21,No
O014075,E014075,34,No
O014076,E014076,38,No
O014077,E014077,37,No
O014078,E014078,3,Yes
O014079,E014079,25,No
O014080,E014080,47,No
O014081,E014081,6,No
O014082,E014082,44,No
O014083,E014083,45,No
O014084,E014084,23,No
O014085,E014085,39,No
O014086,E014086,8,No
O014087,E014087,5,No
O014088,E014088,36,Yes
O014089,E014089,19,No
O014090,E014090,26,No
O014091,E014091,43,No
O014092,E014092,38,Yes
O014093,E014093,51,No
O014094,E014094,37,No
O014095,E014095,18,No
O014096,E014096,9,No
O014097,E014097,32,No
O014098,E014098,23,No
O014099,E014099,39,No
O014100,E014100,16,No
O014101,E014101,2,No
O014102,E014102,7,No
O014103,E014103,52,Yes
O014104,E014104,6,Yes
O014105,E014105,26,No
O014106,E014106,4,No
O014107,E014107,52,No
O014108,E014108,30,Yes
O014109,E014109,29,Yes
O014110,E014110,38,Yes
O014111,E014111,49,Yes
O014112,E014112,47,Yes
O014113,E014113,39,Yes
O014114,E014114,48,No
O014115,E014115,58,Yes
O014116,E014116,1,No
O014117,E014117,33,No
O014118,E014118,59,No
O014119,E014119,26,No
O014120,E014120,51,Yes
O014121,E014121,28,No
O014122,E014122,29,No
O014123,E014123,36,Yes
O014124,E014124,3,No
O014125,E014125,39,No
O014126,E014126,44,No
O014127,E014127,45,No
O014128,E014128,13,Yes
O014129,E014129,44,No
O014130,E014130,2,No
O014131,E014131,9,No
O014132,E014132,5,Yes
O014133,E014133,2,No
O014134,E014134,60,No
O014135,E014135,24,No
O014136,E014136,25,No
O014137,E014137,5,No
O014138,E014138,32,No
O014139,E014139,30,No
O014140,E014140,14,Yes
O014141,E014141,54,No
O014142,E014142,17,Yes
O014143,E014143,58,No
O014144,E014144,10,No
O014145,E014145,34,Yes
O014146,E014146,19,No
O014147,E014147,53,No
O014148,E014148,20,No
O014149,E014149,12,No
O014150,E014150,37,No
O014151,E014151,54,No
O014152,E014152,42,No
O014153,E014153,26,No
O014154,E014154,56,Yes
O014155,E014155,11,No
O014156,E014156,10,No
O014157,E014157,9,No
O014158,E014158,27,No
O014159,E014159,10,No
O014160,E014160,32,Yes
O014161,E014161,5,No
O014162,E014162,28,No
O014163,E014163,28,No
O014164,E014164,10,No
O014165,E014165,10,No
O014166,E014166,36,No
O014167,E014167,46,No
O014168,E014168,59,No
O014169,E014169,52,Yes
O014170,E014170,8,No
O014171,E014171,15,No
O014172,E014172,7,No
O014173,E014173,49,No
O014174,E014174,11,Yes
O014175,E014175,32,No
O014176,E014176,52,No
O014177,E014177,29,Yes
O014178,E014178,43,Yes
O014179,E014179,58,No
O014180,E014180,7,No
O014181,E014181,13,Yes
O014182,E014182,39,No
O014183,E014183,59,Yes
O014184,E014184,47,No
O014185,E014185,46,No
O014186,E014186,51,No
O014187,E014187,51,No
O014188,E014188,35,Yes
O014189,E014189,48,No
O014190,E014190,26,No
O014191,E014191,25,Yes
O014192,E014192,50,No
O014193,E014193,13,No
O014194,E014194,41,No
O014195,E014195,13,No
O014196,E014196,41,No
O014197,E014197,9,No
O014198,E014198,39,No
O014199,E014199,30,No
O014200,E014200,49,No
O014201,E014201,59,No
O014202,E014202,52,No
O014203,E014203,23,No
O014204,E014204,25,No
O014205,E014205,27,No
O014206,E014206,6,Yes
O014207,E014207,8,No
O014208,E014208,39,No
O014209,E014209,35,No
O014210,E014210,33,No
O014211,E014211,44,No
O014212,E014212,56,No
O014213,E014213,23,No
O014214,E014214,35,No
O014215,E014215,4,No
O014216,E014216,13,No
O014217,E014217,17,Yes
O014218,E014218,40,No
O014219,E014219,54,No
O014220,E014220,12,No
O014221,E014221,53,No
O014222,E014222,14,No
O014223,E014223,38,Yes
O014224,E014224,32,Yes
O014225,E014225,1,Yes
O014226,E014226,47,Yes
O014227,E014227,35,Yes
O014228,E014228,33,No
O014229,E014229,53,No
O014230,E014230,55,No
O014231,E014231,10,No
O014232,E014232,14,No
O014233,E014233,10,No
O014234,E014234,1,No
O014235,E014235,24,No
O014236,E014236,8,No
O014237,E014237,43,Yes
O014238,E014238,38,No
O014239,E014239,18,No
O014240,E014240,5,No
O014241,E014241,59,No
O014242,E014242,40,No
O014243,E014243,59,Yes
O014244,E014244,15,No
O014245,E014245,5,Yes
O014246,E014246,60,No
O014247,E014247,22,No
O014248,E014248,27,Yes
O014249,E014249,34,No
O014250,E014250,35,Yes
O014251,E014251,25,No
O014252,E014252,59,Yes
O014253,E014253,2,No
O014254,E014254,23,Yes
O014255,E014255,21,No
O014256,E014256,5,Yes
O014257,E014257,60,Yes
O014258,E014258,27,No
O014259,E014259,18,No
O014260,E014260,34,No
O014261,E014261,36,Yes
O014262,E014262,46,No
O014263,E014263,38,No
O014264,E014264,27,No
O014265,E014265,51,No
O014266,E014266,28,No
O014267,E014267,15,No
O014268,E014268,25,No
O014269,E014269,19,No
O014270,E014270,17,No
O014271,E014271,33,No
O014272,E014272,1,No
O014273,E014273,27,No
O014274,E014274,59,No
O014275,E014275,10,No
O014276,E014276,39,No
O014277,E014277,54,No
O014278,E014278,10,No
O014279,E014279,32,No
O014280,E014280,54,No
O014281,E014281,21,Yes
O014282,E014282,8,No
O014283,E014283,9,Yes
O014284,E014284,50,No
O014285,E014285,36,No
O014286,E014286,18,No
O014287,E014287,5,No
O014288,E014288,46,Yes
O014289,E014289,55,No
O014290,E014290,22,No
O014291,E014291,14,Yes
O014292,E014292,32,Yes
O014293,E014293,48,No
O014294,E014294,32,No
O014295,E014295,12,No
O014296,E014296,5,No
O014297,E014297,52,No
O014298,E014298,28,No
O014299,E014299,28,No
O014300,E014300,29,No
O014301,E014301,58,No
O014302,E014302,50,No
O014303,E014303,34,Yes
O014304,E014304,17,Yes
O014305,E014305,54,No
O014306,E014306,14,No
O014307,E014307,40,No
O014308,E014308,16,No
O014309,E014309,21,No
O014310,E014310,27,Yes
O014311,E014311,14,No
O014312,E014312,44,Yes
O014313,E014313,2,Yes
O014314,E014314,7,No
O014315,E014315,19,No
O014316,E014316,22,No
O014317,E014317,18,No
O014318,E014318,54,No
O014319,E014319,29,Yes
O014320,E014320,24,Yes
O014321,E014321,8,No
O014322,E014322,35,No
O014323,E014323,35,No
O014324,E014324,43,No
O014325,E014325,36,No
O014326,E014326,38,No
O014327,E014327,10,No
O014328,E014328,55,No
O014329,E014329,50,Yes
O014330,E014330,49,No
O014331,E014331,42,No
O014332,E014332,32,No
O014333,E014333,36,Yes
O014334,E014334,30,No
O014335,E014335,15,No
O014336,E014336,16,Yes
O014337,E014337,38,Yes
O014338,E014338,23,No
O014339,E014339,15,No
O014340,E014340,6,No
O014341,E014341,7,Yes
O014342,E014342,15,No
O014343,E014343,24,No
O014344,E014344,3,No
O014345,E014345,53,Yes
O014346,E014346,56,No
O014347,E014347,48,No
O014348,E014348,14,No
O014349,E014349,21,No
O014350,E014350,9,No
O014351,E014351,56,No
O014352,E014352,41,No
O014353,E014353,48,No
O014354,E014354,43,No
O014355,E014355,12,No
O014356,E014356,51,No
O014357,E014357,24,No
O014358,E014358,44,Yes
O014359,E014359,41,No
O014360,E014360,20,No
O014361,E014361,35,No
O014362,E014362,35,No
O014363,E014363,34,No
O014364,E014364,28,No
O014365,E014365,49,No
O014366,E014366,5,No
O014367,E014367,48,No
O014368,E014368,47,No
O014369,E014369,18,Yes
O014370,E014370,55,No
O014371,E014371,9,Yes
O014372,E014372,6,No
O014373,E014373,7,No
O014374,E014374,47,No
O014375,E014375,1,No
O014376,E014376,30,No
O014377,E014377,22,No
O014378,E014378,33,No
O014379,E014379,36,No
O014380,E014380,49,No
O014381,E014381,53,No
O014382,E014382,5,No
O014383,E014383,47,No
O014384,E014384,27,No
O014385,E014385,50,No
O014386,E014386,56,Yes
O014387,E014387,45,No
O014388,E014388,20,No
O014389,E014389,34,Yes
O014390,E014390,36,Yes
O014391,E014391,21,Yes
O014392,E014392,15,No
O014393,E014393,18,No
O014394,E014394,53,No
O014395,E014395,49,Yes
O014396,E014396,22,Yes
O014397,E014397,39,No
O014398,E014398,50,No
O014399,E014399,6,Yes
O014400,E014400,45,No
O014401,E014401,16,No
O014402,E014402,54,No
O014403,E014403,46,No
O014404,E014404,28,No
O014405,E014405,30,No
O014406,E014406,38,No
O014407,E014407,58,No
O014408,E014408,47,No
O014409,E014409,10,No
O014410,E014410,10,No
O014411,E014411,3,No
O014412,E014412,41,Yes
O014413,E014413,47,No
O014414,E014414,18,No
O014415,E014415,22,No
O014416,E014416,29,Yes
O014417,E014417,8,No
O014418,E014418,60,No
O014419,E014419,53,No
O014420,E014420,8,Yes
O014421,E014421,3,No
O014422,E014422,54,No
O014423,E014423,30,No
O014424,E014424,10,No
O014425,E014425,8,No
O014426,E014426,57,Yes
O014427,E014427,7,Yes
O014428,E014428,38,Yes
O014429,E014429,55,No
O014430,E014430,60,Yes
O014431,E014431,39,No
O014432,E014432,19,No
O014433,E014433,14,No
O014434,E014434,50,No
O014435,E014435,33,No
O014436,E014436,60,No
O014437,E014437,47,Yes
O014438,E014438,28,No
O014439,E014439,20,Yes
O014440,E014440,40,No
O014441,E014441,44,No
O014442,E014442,1,No
O014443,E014443,26,No
O014444,E014444,10,No
O014445,E014445,32,No
O014446,E014446,49,No
O014447,E014447,32,No
O014448,E014448,20,No
O014449,E014449,36,Yes
O014450,E014450,30,No
O014451,E014451,34,No
O014452,E014452,33,No
O014453,E014453,14,No
O014454,E014454,22,No
O014455,E014455,28,No
O014456,E014456,30,Yes
O014457,E014457,49,Yes
O014458,E014458,47,No
O014459,E014459,8,Yes
O014460,E014460,28,No
O014461,E014461,21,No
O014462,E014462,9,No
O014463,E014463,45,No
O014464,E014464,57,Yes
O014465,E014465,16,No
O014466,E014466,56,Yes
O014467,E014467,28,No
O014468,E014468,55,No
O014469,E014469,1,Yes
O014470,E014470,37,Yes
O014471,E014471,50,No
O014472,E014472,5,No
O014473,E014473,55,No
O014474,E014474,12,No
O014475,E014475,10,No
O014476,E014476,18,No
O014477,E014477,15,No
O014478,E014478,45,Yes
O014479,E014479,55,No
O014480,E014480,2,No
O014481,E014481,55,No
O014482,E014482,56,No
O014483,E014483,52,Yes
O014484,E014484,55,No
O014485,E014485,16,No
O014486,E014486,40,Yes
O014487,E014487,9,No
O014488,E014488,29,Yes
O014489,E014489,16,No
O014490,E014490,12,No
O014491,E014491,14,No
O014492,E014492,40,No
O014493,E014493,60,Yes
O014494,E014494,38,Yes
O014495,E014495,33,No
O014496,E014496,46,Yes
O014497,E014497,25,Yes
O014498,E014498,23,No
O014499,E014499,7,No
O014500,E014500,47,No
O014501,E014501,33,No
O014502,E014502,7,No
O014503,E014503,21,No
O014504,E014504,11,No
O014505,E014505,18,No
O014506,E014506,11,Yes
O014507,E014507,21,No
O014508,E014508,51,Yes
O014509,E014509,45,No
O014510,E014510,19,Yes
O014511,E014511,27,No
O014512,E014512,12,No
O014513,E014513,2,No
O014514,E014514,6,Yes
O014515,E014515,39,No
O014516,E014516,14,No
O014517,E014517,48,No
O014518,E014518,25,No
O014519,E014519,52,No
O014520,E014520,39,No
O014521,E014521,15,No
O014522,E014522,24,No
O014523,E014523,21,No
O014524,E014524,33,No
O014525,E014525,20,Yes
O014526,E014526,44,No
O014527,E014527,58,Yes
O014528,E014528,48,No
O014529,E014529,6,No
O014530,E014530,8,No
O014531,E014531,31,No
O014532,E014532,7,Yes
O014533,E014533,36,No
O014534,E014534,28,No
O014535,E014535,37,No
O014536,E014536,34,No
O014537,E014537,50,No
O014538,E014538,24,No
O014539,E014539,36,No
O014540,E014540,6,No
O014541,E014541,24,No
O014542,E014542,12,No
O014543,E014543,49,No
O014544,E014544,60,Yes
O014545,E014545,31,Yes
O014546,E014546,30,No
O014547,E014547,19,No
O014548,E014548,22,Yes
O014549,E014549,29,No
O014550,E014550,19,Yes
O014551,E014551,22,Yes
O014552,E014552,58,No
O014553,E014553,56,Yes
O014554,E014554,48,No
O014555,E014555,53,No
O014556,E014556,11,No
O014557,E014557,36,Yes
O014558,E014558,19,No
O014559,E014559,51,No
O014560,E014560,4,No
O014561,E014561,15,No
O014562,E014562,6,No
O014563,E014563,21,Yes
O014564,E014564,1,No
O014565,E014565,4,No
O014566,E014566,16,No
O014567,E014567,60,No
O014568,E014568,29,No
O014569,E014569,26,No
O014570,E014570,32,No
O014571,E014571,20,No
O014572,E014572,1,No
O014573,E014573,17,No
O014574,E014574,4,No
O014575,E014575,36,No
O014576,E014576,36,No
O014577,E014577,20,No
O014578,E014578,18,No
O014579,E014579,39,No
O014580,E014580,4,No
O014581,E014581,13,No
O014582,E014582,45,No
O014583,E014583,58,No
O014584,E014584,51,No
O014585,E014585,26,No
O014586,E014586,52,No
O014587,E014587,51,No
O014588,E014588,59,No
O014589,E014589,9,No
O014590,E014590,21,No
O014591,E014591,16,Yes
O014592,E014592,26,No
O014593,E014593,38,No
O014594,E014594,30,No
O014595,E014595,26,No
O014596,E014596,34,No
O014597,E014597,20,No
O014598,E014598,60,No
O014599,E014599,23,Yes
O014600,E014600,41,Yes
O014601,E014601,32,No
O014602,E014602,30,No
O014603,E014603,26,No
O014604,E014604,43,No
O014605,E014605,24,No
O014606,E014606,56,Yes
O014607,E014607,44,No
O014608,E014608,3,No
O014609,E014609,24,No
O014610,E014610,41,No
O014611,E014611,31,No
O014612,E014612,22,No
O014613,E014613,58,No
O014614,E014614,57,No
O014615,E014615,22,No
O014616,E014616,56,No
O014617,E014617,56,No
O014618,E014618,59,No
O014619,E014619,9,No
O014620,E014620,23,No
O014621,E014621,23,No
O014622,E014622,20,Yes
O014623,E014623,27,No
O014624,E014624,27,No
O014625,E014625,29,Yes
O014626,E014626,4,No
O014627,E014627,52,Yes
O014628,E014628,15,No
O014629,E014629,7,No
O014630,E014630,20,No
O014631,E014631,9,No
O014632,E014632,48,No
O014633,E014633,29,Yes
O014634,E014634,11,No
O014635,E014635,2,No
O014636,E014636,24,Yes
O014637,E014637,2,No
O014638,E014638,41,No
O014639,E014639,58,No
O014640,E014640,57,No
O014641,E014641,12,No
O014642,E014642,22,No
O014643,E014643,5,No
O014644,E014644,52,No
O014645,E014645,57,Yes
O014646,E014646,16,Yes
O014647,E014647,7,No
O014648,E014648,43,No
O014649,E014649,8,No
O014650,E014650,51,Yes
O014651,E014651,20,No
O014652,E014652,58,Yes
O014653,E014653,46,No
O014654,E014654,27,No
O014655,E014655,17,No
O014656,E014656,18,No
O014657,E014657,17,No
O014658,E014658,12,No
O014659,E014659,31,No
O014660,E014660,48,No
O014661,E014661,34,No
O014662,E014662,47,Yes
O014663,E014663,56,No
O014664,E014664,3,No
O014665,E014665,6,Yes
O014666,E014666,8,No
O014667,E014667,43,No
O014668,E014668,16,No
O014669,E014669,16,Yes
O014670,E014670,29,No
O014671,E014671,20,Yes
O014672,E014672,16,No
O014673,E014673,10,No
O014674,E014674,23,No
O014675,E014675,33,Yes
O014676,E014676,52,No
O014677,E014677,30,No
O014678,E014678,19,No
O014679,E014679,9,Yes
O014680,E014680,33,No
O014681,E014681,25,No
O014682,E014682,49,No
O014683,E014683,4,Yes
O014684,E014684,37,No
O014685,E014685,40,No
O014686,E014686,20,No
O014687,E014687,39,No
O014688,E014688,7,Yes
O014689,E014689,39,No
O014690,E014690,6,Yes
O014691,E014691,43,No
O014692,E014692,7,No
O014693,E014693,6,No
O014694,E014694,2,No
O014695,E014695,11,No
O014696,E014696,58,No
O014697,E014697,43,No
O014698,E014698,24,No
O014699,E014699,6,Yes
O014700,E014700,46,No
O014701,E014701,51,Yes
O014702,E014702,50,No
O014703,E014703,52,Yes
O014704,E014704,24,No
O014705,E014705,2,No
O014706,E014706,54,No
O014707,E014707,40,No
O014708,E014708,15,No
O014709,E014709,55,No
O014710,E014710,7,No
O014711,E014711,26,Yes
O014712,E014712,33,No
O014713,E014713,58,No
O014714,E014714,34,No
O014715,E014715,11,No
O014716,E014716,56,Yes
O014717,E014717,59,Yes
O014718,E014718,23,No
O014719,E014719,55,No
O014720,E014720,52,No
O014721,E014721,25,No
O014722,E014722,54,No
O014723,E014723,12,No
O014724,E014724,23,Yes
O014725,E014725,33,No
O014726,E014726,42,Yes
O014727,E014727,57,No
O014728,E014728,21,No
O014729,E014729,58,No
O014730,E014730,9,Yes
O014731,E014731,41,No
O014732,E014732,14,No
O014733,E014733,27,Yes
O014734,E014734,9,No
O014735,E014735,44,No
O014736,E014736,45,No
O014737,E014737,27,Yes
O014738,E014738,10,No
O014739,E014739,47,Yes
O014740,E014740,4,No
O014741,E014741,39,No
O014742,E014742,2,Yes
O014743,E014743,40,No
O014744,E014744,24,No
O014745,E014745,36,No
O014746,E014746,59,No
O014747,E014747,58,No
O014748,E014748,60,No
O014749,E014749,46,No
O014750,E014750,10,Yes
O014751,E014751,52,Yes
O014752,E014752,37,Yes
O014753,E014753,56,Yes
O014754,E014754,54,No
O014755,E014755,22,No
O014756,E014756,19,No
O014757,E014757,5,No
O014758,E014758,46,Yes
O014759,E014759,29,Yes
O014760,E014760,32,No
O014761,E014761,57,Yes
O014762,E014762,42,No
O014763,E014763,16,No
O014764,E014764,60,No
O014765,E014765,3,No
O014766,E014766,33,No
O014767,E014767,40,Yes
O014768,E014768,11,Yes
O014769,E014769,40,Yes
O014770,E014770,9,Yes
O014771,E014771,28,No
O014772,E014772,56,No
O014773,E014773,29,No
O014774,E014774,29,No
O014775,E014775,39,No
O014776,E014776,41,No
O014777,E014777,37,No
O014778,E014778,36,No
O014779,E014779,16,No
O014780,E014780,37,Yes
O014781,E014781,34,No
O014782,E014782,37,No
O014783,E014783,49,Yes
O014784,E014784,49,No
O014785,E014785,29,No
O014786,E014786,23,No
O014787,E014787,53,No
O014788,E014788,44,No
O014789,E014789,42,No
O014790,E014790,46,No
O014791,E014791,45,No
O014792,E014792,23,No
O014793,E014793,42,No
O014794,E014794,49,No
O014795,E014795,36,No
O014796,E014796,13,No
O014797,E014797,51,No
O014798,E014798,15,No
O014799,E014799,27,No
O014800,E014800,6,No
O014801,E014801,1,No
O014802,E014802,1,Yes
O014803,E014803,3,No
O014804,E014804,8,No
O014805,E014805,59,No
O014806,E014806,50,No
O014807,E014807,57,No
O014808,E014808,43,Yes
O014809,E014809,31,Yes
O014810,E014810,43,No
O014811,E014811,32,Yes
O014812,E014812,52,No
O014813,E014813,46,No
O014814,E014814,59,No
O014815,E014815,27,No
O014816,E014816,16,No
O014817,E014817,51,No
O014818,E014818,53,Yes
O014819,E014819,51,No
O014820,E014820,48,No
O014821,E014821,16,No
O014822,E014822,40,No
O014823,E014823,33,Yes
O014824,E014824,45,No
O014825,E014825,16,No
O014826,E014826,36,Yes
O014827,E014827,7,No
O014828,E014828,29,Yes
O014829,E014829,54,No
O014830,E014830,40,Yes
O014831,E014831,43,Yes
O014832,E014832,28,No
O014833,E014833,39,No
O014834,E014834,16,No
O014835,E014835,60,No
O014836,E014836,2,No
O014837,E014837,29,No
O014838,E014838,60,No
O014839,E014839,58,No
O014840,E014840,36,No
O014841,E014841,5,No
O014842,E014842,13,Yes
O014843,E014843,6,Yes
O014844,E014844,49,No
O014845,E014845,59,No
O014846,E014846,51,Yes
O014847,E014847,59,No
O014848,E014848,8,No
O014849,E014849,9,Yes
O014850,E014850,17,No
O014851,E014851,2,No
O014852,E014852,35,No
O014853,E014853,10,Yes
O014854,E014854,34,No
O014855,E014855,4,Yes
O014856,E014856,35,Yes
O014857,E014857,49,No
O014858,E014858,39,No
O014859,E014859,24,No
O014860,E014860,50,Yes
O014861,E014861,19,No
O014862,E014862,7,No
O014863,E014863,30,No
O014864,E014864,23,Yes
O014865,E014865,6,No
O014866,E014866,5,Yes
O014867,E014867,27,No
O014868,E014868,50,No
O014869,E014869,22,No
O014870,E014870,13,No
O014871,E014871,11,No
O014872,E014872,21,No
O014873,E014873,32,No
O014874,E014874,58,Yes
O014875,E014875,47,No
O014876,E014876,6,Yes
O014877,E014877,12,No
O014878,E014878,38,No
O014879,E014879,7,No
O014880,E014880,11,No
O014881,E014881,28,No
O014882,E014882,29,No
O014883,E014883,40,Yes
O014884,E014884,27,Yes
O014885,E014885,32,No
O014886,E014886,9,No
O014887,E014887,40,No
O014888,E014888,20,No
O014889,E014889,23,No
O014890,E014890,44,Yes
O014891,E014891,37,No
O014892,E014892,32,No
O014893,E014893,50,No
O014894,E014894,57,No
O014895,E014895,58,Yes
O014896,E014896,51,Yes
O014897,E014897,55,No
O014898,E014898,2,No
O014899,E014899,44,No
O014900,E014900,9,No
O014901,E014901,51,Yes
O014902,E014902,59,No
O014903,E014903,12,No
O014904,E014904,34,No
O014905,E014905,19,Yes
O014906,E014906,27,No
O014907,E014907,3,No
O014908,E014908,40,No
O014909,E014909,38,No
O014910,E014910,57,No
O014911,E014911,48,Yes
O014912,E014912,56,No
O014913,E014913,52,No
O014914,E014914,19,No
O014915,E014915,56,Yes
O014916,E014916,1,No
O014917,E014917,55,No
O014918,E014918,31,No
O014919,E014919,14,No
O014920,E014920,33,No
O014921,E014921,29,No
O014922,E014922,11,No
O014923,E014923,37,No
O014924,E014924,46,No
O014925,E014925,21,No
O014926,E014926,6,No
O014927,E014927,41,Yes
O014928,E014928,19,No
O014929,E014929,14,No
O014930,E014930,49,No
O014931,E014931,39,No
O014932,E014932,18,No
O014933,E014933,59,No
O014934,E014934,58,No
O014935,E014935,46,Yes
O014936,E014936,2,Yes
O014937,E014937,38,No
O014938,E014938,20,No
O014939,E014939,2,No
O014940,E014940,50,Yes
O014941,E014941,3,No
O014942,E014942,39,No
O014943,E014943,18,No
O014944,E014944,21,No
O014945,E014945,30,No
O014946,E014946,23,Yes
O014947,E014947,57,No
O014948,E014948,9,Yes
O014949,E014949,3,Yes
O014950,E014950,26,No
O014951,E014951,20,Yes
O014952,E014952,44,No
O014953,E014953,23,No
O014954,E014954,50,No
O014955,E014955,49,No
O014956,E014956,33,No
O014957,E014957,37,Yes
O014958,E014958,23,No
O014959,E014959,55,No
O014960,E014960,38,No
O014961,E014961,37,No
O014962,E014962,60,Yes
O014963,E014963,5,No
O014964,E014964,14,No
O014965,E014965,50,No
O014966,E014966,38,No
O014967,E014967,23,No
O014968,E014968,39,No
O014969,E014969,48,No
O014970,E014970,46,No
O014971,E014971,56,No
O014972,E014972,59,Yes
O014973,E014973,12,No
O014974,E014974,56,No
O014975,E014975,17,No
O014976,E014976,13,No
O014977,E014977,16,Yes
O014978,E014978,27,No
O014979,E014979,57,No
O014980,E014980,24,No
O014981,E014981,37,No
O014982,E014982,50,No
O014983,E014983,60,No
O014984,E014984,9,No
O014985,E014985,17,No
O014986,E014986,43,No
O014987,E014987,23,No
O014988,E014988,12,No
O014989,E014989,4,Yes
O014990,E014990,51,No
O014991,E014991,5,Yes
O014992,E014992,31,No
O014993,E014993,7,No
O014994,E014994,55,No
O014995,E014995,11,No
O014996,E014996,57,No
O014997,E014997,57,No
O014998,E014998,50,Yes
O014999,E014999,12,Yes
O015000,E015000,38,No
